Gfx plane_roues_ci8_aligner[] = {gsSPEndDisplayList()};
u8 plane_roues_ci8[] = {
	0x00, 0x00, 0x00, 0x00, 0x00, 0x00, 0x00, 0x00, 
	0x00, 0x01, 0x02, 0x03, 0x04, 0x05, 0x06, 0x06, 
	0x06, 0x06, 0x06, 0x04, 0x03, 0x02, 0x01, 0x00, 
	0x00, 0x00, 0x00, 0x00, 0x00, 0x00, 0x00, 0x00, 
	0x00, 0x00, 0x00, 0x00, 0x00, 0x00, 0x00, 0x00, 
	0x02, 0x07, 0x04, 0x08, 0x09, 0x09, 0x09, 0x09, 
	0x09, 0x09, 0x09, 0x09, 0x09, 0x05, 0x07, 0x02, 
	0x0a, 0x00, 0x00, 0x00, 0x00, 0x00, 0x00, 0x00, 
	0x00, 0x00, 0x00, 0x00, 0x00, 0x00, 0x02, 0x0b, 
	0x07, 0x0c, 0x08, 0x09, 0x09, 0x09, 0x09, 0x09, 
	0x09, 0x09, 0x09, 0x09, 0x09, 0x0d, 0x0c, 0x0e, 
	0x07, 0x02, 0x00, 0x00, 0x00, 0x00, 0x00, 0x00, 
	0x00, 0x00, 0x00, 0x00, 0x00, 0x0b, 0x04, 0x0c, 
	0x0c, 0x0f, 0x04, 0x08, 0x09, 0x09, 0x09, 0x09, 
	0x09, 0x09, 0x09, 0x09, 0x09, 0x04, 0x0c, 0x0c, 
	0x0c, 0x07, 0x0b, 0x00, 0x00, 0x00, 0x00, 0x00, 
	0x00, 0x00, 0x00, 0x00, 0x01, 0x04, 0x0c, 0x0f, 
	0x0f, 0x0f, 0x0f, 0x0c, 0x04, 0x04, 0x06, 0x06, 
	0x06, 0x06, 0x05, 0x04, 0x0c, 0x0f, 0x0f, 0x0f, 
	0x0f, 0x0c, 0x07, 0x03, 0x00, 0x00, 0x00, 0x00, 
	0x00, 0x00, 0x00, 0x01, 0x07, 0x0c, 0x0f, 0x0f, 
	0x0f, 0x0f, 0x0f, 0x0f, 0x0f, 0x0f, 0x0f, 0x0c, 
	0x0c, 0x0c, 0x0f, 0x0f, 0x0f, 0x0f, 0x0f, 0x0f, 
	0x0f, 0x0f, 0x0c, 0x07, 0x02, 0x00, 0x00, 0x00, 
	0x00, 0x00, 0x02, 0x07, 0x0c, 0x0f, 0x0f, 0x0f, 
	0x0f, 0x0f, 0x0f, 0x0c, 0x09, 0x10, 0x11, 0x12, 
	0x12, 0x13, 0x14, 0x15, 0x0c, 0x0f, 0x0f, 0x0f, 
	0x0f, 0x0f, 0x0f, 0x0c, 0x04, 0x02, 0x00, 0x00, 
	0x00, 0x00, 0x0b, 0x0c, 0x16, 0x0f, 0x0f, 0x0f, 
	0x0f, 0x0c, 0x09, 0x17, 0x18, 0x12, 0x11, 0x19, 
	0x19, 0x1a, 0x1b, 0x18, 0x1b, 0x15, 0x0c, 0x0f, 
	0x0f, 0x0f, 0x0f, 0x0f, 0x0c, 0x07, 0x0a, 0x00, 
	0x00, 0x02, 0x07, 0x0c, 0x0f, 0x0f, 0x0f, 0x0f, 
	0x0f, 0x1c, 0x12, 0x13, 0x1d, 0x1e, 0x1f, 0x20, 
	0x21, 0x1f, 0x1e, 0x14, 0x11, 0x22, 0x20, 0x0c, 
	0x0f, 0x0f, 0x0f, 0x0f, 0x0c, 0x0e, 0x02, 0x00, 
	0x00, 0x0b, 0x0c, 0x0f, 0x0f, 0x0f, 0x0f, 0x0f, 
	0x15, 0x18, 0x1a, 0x10, 0x23, 0x08, 0x08, 0x24, 
	0x25, 0x26, 0x04, 0x27, 0x10, 0x28, 0x18, 0x27, 
	0x0f, 0x0f, 0x0f, 0x0f, 0x0f, 0x0c, 0x07, 0x00, 
	0x01, 0x07, 0x0c, 0x0f, 0x0f, 0x29, 0x29, 0x06, 
	0x22, 0x1a, 0x1e, 0x2a, 0x2b, 0x2c, 0x0c, 0x25, 
	0x2d, 0x08, 0x2c, 0x2d, 0x08, 0x10, 0x28, 0x18, 
	0x26, 0x29, 0x29, 0x0f, 0x0f, 0x0f, 0x07, 0x02, 
	0x02, 0x0e, 0x0f, 0x29, 0x29, 0x24, 0x24, 0x28, 
	0x12, 0x20, 0x20, 0x0c, 0x2c, 0x2c, 0x0c, 0x25, 
	0x2d, 0x08, 0x2c, 0x2c, 0x2e, 0x27, 0x23, 0x13, 
	0x13, 0x24, 0x24, 0x29, 0x29, 0x0f, 0x0c, 0x02, 
	0x0b, 0x0c, 0x29, 0x24, 0x24, 0x24, 0x04, 0x18, 
	0x1d, 0x20, 0x25, 0x24, 0x09, 0x24, 0x04, 0x08, 
	0x06, 0x26, 0x2f, 0x08, 0x0e, 0x2d, 0x30, 0x10, 
	0x18, 0x15, 0x24, 0x24, 0x24, 0x29, 0x0c, 0x07, 
	0x0e, 0x29, 0x24, 0x24, 0x24, 0x24, 0x31, 0x22, 
	0x23, 0x30, 0x25, 0x2c, 0x2d, 0x32, 0x33, 0x26, 
	0x34, 0x1c, 0x1c, 0x2b, 0x2c, 0x2b, 0x2a, 0x10, 
	0x1b, 0x35, 0x24, 0x24, 0x24, 0x24, 0x29, 0x0c, 
	0x29, 0x24, 0x24, 0x24, 0x24, 0x24, 0x35, 0x36, 
	0x10, 0x04, 0x04, 0x06, 0x25, 0x1c, 0x0f, 0x37, 
	0x38, 0x39, 0x1c, 0x29, 0x0c, 0x08, 0x2f, 0x14, 
	0x19, 0x11, 0x24, 0x24, 0x24, 0x24, 0x24, 0x29, 
	0x24, 0x24, 0x24, 0x24, 0x24, 0x24, 0x1a, 0x1a, 
	0x14, 0x2b, 0x2c, 0x3a, 0x2a, 0x15, 0x3b, 0x3c, 
	0x3d, 0x3e, 0x08, 0x30, 0x24, 0x2c, 0x2c, 0x23, 
	0x35, 0x1b, 0x29, 0x24, 0x24, 0x24, 0x24, 0x24, 
	0x24, 0x24, 0x24, 0x24, 0x24, 0x24, 0x1a, 0x1a, 
	0x14, 0x2b, 0x2c, 0x2b, 0x15, 0x15, 0x3f, 0x3d, 
	0x40, 0x41, 0x08, 0x33, 0x25, 0x2c, 0x2c, 0x20, 
	0x35, 0x1b, 0x29, 0x24, 0x24, 0x24, 0x24, 0x24, 
	0x24, 0x24, 0x24, 0x24, 0x24, 0x24, 0x28, 0x13, 
	0x1f, 0x29, 0x0f, 0x08, 0x24, 0x42, 0x24, 0x43, 
	0x44, 0x45, 0x2a, 0x0e, 0x06, 0x04, 0x25, 0x1f, 
	0x46, 0x13, 0x24, 0x24, 0x24, 0x24, 0x24, 0x24, 
	0x24, 0x24, 0x24, 0x24, 0x24, 0x24, 0x20, 0x22, 
	0x23, 0x33, 0x24, 0x2c, 0x2c, 0x32, 0x1c, 0x08, 
	0x06, 0x2a, 0x31, 0x2b, 0x2c, 0x2f, 0x15, 0x10, 
	0x47, 0x28, 0x24, 0x24, 0x24, 0x24, 0x24, 0x24, 
	0x0a, 0x24, 0x24, 0x24, 0x24, 0x24, 0x06, 0x48, 
	0x14, 0x49, 0x2b, 0x25, 0x09, 0x0c, 0x4a, 0x26, 
	0x34, 0x15, 0x24, 0x4b, 0x24, 0x2c, 0x1c, 0x23, 
	0x18, 0x2a, 0x24, 0x24, 0x24, 0x24, 0x24, 0x24, 
	0x0a, 0x24, 0x24, 0x24, 0x24, 0x24, 0x24, 0x1a, 
	0x1b, 0x23, 0x27, 0x06, 0x2d, 0x2c, 0x0c, 0x25, 
	0x2d, 0x08, 0x2c, 0x2c, 0x0c, 0x33, 0x10, 0x4c, 
	0x12, 0x29, 0x24, 0x24, 0x24, 0x24, 0x24, 0x0a, 
	0x4d, 0x24, 0x24, 0x24, 0x24, 0x24, 0x24, 0x08, 
	0x18, 0x46, 0x10, 0x0d, 0x2d, 0x2c, 0x0c, 0x25, 
	0x2d, 0x08, 0x2c, 0x2c, 0x0c, 0x10, 0x4e, 0x18, 
	0x2a, 0x24, 0x24, 0x24, 0x24, 0x24, 0x24, 0x0a, 
	0x00, 0x0a, 0x24, 0x24, 0x24, 0x24, 0x24, 0x24, 
	0x1c, 0x18, 0x4f, 0x10, 0x31, 0x0c, 0x50, 0x2f, 
	0x2b, 0x34, 0x29, 0x2a, 0x1f, 0x35, 0x18, 0x14, 
	0x29, 0x24, 0x24, 0x24, 0x24, 0x24, 0x24, 0x0a, 
	0x00, 0x0a, 0x24, 0x24, 0x24, 0x24, 0x24, 0x24, 
	0x24, 0x27, 0x22, 0x1a, 0x1f, 0x10, 0x10, 0x31, 
	0x31, 0x10, 0x10, 0x10, 0x19, 0x18, 0x35, 0x29, 
	0x24, 0x24, 0x24, 0x24, 0x24, 0x24, 0x0a, 0x00, 
	0x00, 0x00, 0x0a, 0x24, 0x24, 0x24, 0x24, 0x24, 
	0x24, 0x29, 0x26, 0x12, 0x22, 0x13, 0x46, 0x35, 
	0x4e, 0x28, 0x11, 0x22, 0x22, 0x1c, 0x29, 0x24, 
	0x24, 0x24, 0x24, 0x24, 0x24, 0x24, 0x0a, 0x00, 
	0x00, 0x00, 0x0a, 0x24, 0x24, 0x24, 0x24, 0x24, 
	0x24, 0x24, 0x24, 0x29, 0x2a, 0x19, 0x12, 0x22, 
	0x22, 0x12, 0x1a, 0x31, 0x0c, 0x24, 0x24, 0x24, 
	0x24, 0x24, 0x24, 0x24, 0x24, 0x0a, 0x00, 0x00, 
	0x00, 0x00, 0x00, 0x0a, 0x24, 0x24, 0x24, 0x24, 
	0x24, 0x24, 0x24, 0x24, 0x24, 0x24, 0x29, 0x04, 
	0x04, 0x0c, 0x24, 0x24, 0x24, 0x24, 0x24, 0x24, 
	0x24, 0x24, 0x24, 0x24, 0x0a, 0x00, 0x00, 0x00, 
	0x00, 0x00, 0x00, 0x00, 0x0a, 0x24, 0x24, 0x24, 
	0x24, 0x24, 0x24, 0x24, 0x24, 0x24, 0x24, 0x24, 
	0x24, 0x24, 0x24, 0x24, 0x24, 0x24, 0x24, 0x24, 
	0x24, 0x24, 0x24, 0x0a, 0x00, 0x00, 0x00, 0x00, 
	0x00, 0x00, 0x00, 0x00, 0x00, 0x0a, 0x24, 0x24, 
	0x24, 0x24, 0x24, 0x24, 0x24, 0x24, 0x24, 0x24, 
	0x24, 0x24, 0x24, 0x24, 0x24, 0x24, 0x24, 0x24, 
	0x24, 0x24, 0x0a, 0x00, 0x00, 0x00, 0x00, 0x00, 
	0x00, 0x00, 0x00, 0x00, 0x00, 0x00, 0x0a, 0x24, 
	0x24, 0x24, 0x24, 0x24, 0x24, 0x24, 0x24, 0x24, 
	0x24, 0x24, 0x24, 0x24, 0x24, 0x24, 0x24, 0x24, 
	0x24, 0x0a, 0x0a, 0x00, 0x00, 0x00, 0x00, 0x00, 
	0x00, 0x00, 0x00, 0x00, 0x00, 0x00, 0x00, 0x0a, 
	0x0a, 0x24, 0x24, 0x24, 0x24, 0x24, 0x24, 0x24, 
	0x24, 0x24, 0x24, 0x24, 0x24, 0x24, 0x24, 0x0a, 
	0x0a, 0x00, 0x00, 0x00, 0x00, 0x00, 0x00, 0x00, 
	0x00, 0x00, 0x00, 0x00, 0x00, 0x00, 0x00, 0x00, 
	0x00, 0x0a, 0x0a, 0x24, 0x24, 0x24, 0x24, 0x24, 
	0x24, 0x24, 0x24, 0x24, 0x24, 0x0a, 0x0a, 0x00, 
	0x00, 0x00, 0x00, 0x00, 0x00, 0x00, 0x00, 0x00, 
	
};

Gfx plane_roues_pal_rgba16_aligner[] = {gsSPEndDisplayList()};
u8 plane_roues_pal_rgba16[] = {
	0x00, 0x00, 0x39, 0xce, 0x39, 0xd0, 0x42, 0x10, 
	0x42, 0x11, 0x4a, 0x13, 0x4a, 0x53, 0x41, 0xd1, 
	0x52, 0x95, 0x5a, 0xd7, 0x29, 0x4a, 0x41, 0xd0, 
	0x39, 0xcf, 0x52, 0x97, 0x39, 0xd1, 0x31, 0x8f, 
	0x9c, 0xe7, 0xce, 0x73, 0xe7, 0x39, 0xd6, 0xb5, 
	0xa5, 0x29, 0x6b, 0x5b, 0x39, 0x8f, 0xc6, 0x33, 
	0xf7, 0xbd, 0xbd, 0xef, 0xc6, 0x31, 0xde, 0xf7, 
	0x7b, 0xdf, 0xa5, 0x6b, 0x94, 0xe7, 0x9c, 0xe9, 
	0x94, 0xa5, 0x8c, 0x65, 0xef, 0x7b, 0x94, 0xa7, 
	0x29, 0x4b, 0x18, 0xc7, 0x63, 0x19, 0x8c, 0x63, 
	0xb5, 0xad, 0x31, 0x8d, 0x73, 0x9d, 0x10, 0x85, 
	0x00, 0x01, 0x08, 0x43, 0x21, 0x4b, 0x21, 0x09, 
	0x84, 0x23, 0x84, 0x21, 0x6b, 0x5d, 0x7b, 0xe1, 
	0x5a, 0xd9, 0xad, 0x6b, 0xd6, 0xb7, 0x5a, 0x4b, 
	0x5a, 0x8b, 0x31, 0x4b, 0x18, 0xc9, 0x39, 0x87, 
	0xa4, 0x93, 0x94, 0x13, 0x62, 0x8b, 0x4a, 0x09, 
	0x7b, 0x93, 0x73, 0x0b, 0x73, 0xdf, 0x73, 0x0d, 
	0x7b, 0x4d, 0x29, 0x49, 0xb5, 0xef, 0xd6, 0xf7, 
	0xff, 0xff, 0x8c, 0xa5, 0x4a, 0x55, 0x52, 0xd7, 
	0xc6, 0x73, 0x31, 0x4c, 0xa5, 0x2b, 0xb5, 0xaf, 
	0x42, 0x13, 
};

Gfx plane_MarioParty_ci4_aligner[] = {gsSPEndDisplayList()};
u8 plane_MarioParty_ci4[] = {
	0x00, 0x00, 0x00, 0x00, 0x00, 0x00, 0x00, 0x00, 
	0x00, 0x00, 0x00, 0x00, 0x00, 0x00, 0x00, 0x00, 
	0x00, 0x00, 0x00, 0x00, 0x00, 0x00, 0x00, 0x00, 
	0x00, 0x00, 0x00, 0x00, 0x00, 0x00, 0x00, 0x00, 
	0x00, 0x00, 0x00, 0x00, 0x00, 0x00, 0x00, 0x00, 
	0x00, 0x00, 0x00, 0x00, 0x00, 0x00, 0x00, 0x00, 
	0x00, 0x00, 0x00, 0x00, 0x00, 0x00, 0x00, 0x00, 
	0x00, 0x00, 0x00, 0x00, 0x00, 0x00, 0x00, 0x00, 
	0x00, 0x00, 0x01, 0x23, 0x45, 0x67, 0x89, 0xa9, 
	0x87, 0x65, 0x43, 0x21, 0xbb, 0xb0, 0x00, 0x00, 
	0x00, 0x00, 0x01, 0x23, 0x45, 0x67, 0x89, 0xa9, 
	0x87, 0x65, 0x43, 0x21, 0xbb, 0xb0, 0x00, 0x00, 
	0x00, 0x00, 0x00, 0x12, 0x34, 0x56, 0x78, 0xc8, 
	0x76, 0x54, 0x32, 0x1b, 0xbb, 0x00, 0x00, 0x00, 
	0x00, 0x00, 0x01, 0x23, 0x45, 0x67, 0x8c, 0x9c, 
	0x87, 0x65, 0x43, 0x21, 0xbb, 0xb0, 0x00, 0x00, 
	0x00, 0x00, 0x01, 0x23, 0x45, 0x67, 0x8c, 0x9c, 
	0x87, 0x65, 0x43, 0x21, 0xbb, 0xb0, 0x00, 0x00, 
	0x00, 0x00, 0x01, 0x23, 0x45, 0x67, 0x8c, 0x9c, 
	0x87, 0x65, 0x43, 0x21, 0xbb, 0xb0, 0x00, 0x00, 
	0x00, 0x00, 0x12, 0x34, 0x56, 0x78, 0xc9, 0xa9, 
	0xc8, 0x76, 0x54, 0x32, 0x1b, 0xbb, 0x00, 0x00, 
	0x00, 0x00, 0x12, 0x34, 0x56, 0x78, 0xc9, 0xa9, 
	0xc8, 0x76, 0x54, 0x32, 0x1b, 0xbb, 0x00, 0x00, 
	0x00, 0x00, 0x12, 0x34, 0x56, 0x78, 0xc9, 0xa9, 
	0xc8, 0x76, 0x54, 0x32, 0x1b, 0xbb, 0x00, 0x00, 
	0x00, 0x00, 0x12, 0x34, 0x56, 0x78, 0xc9, 0xa9, 
	0xc8, 0x76, 0x54, 0x32, 0x1b, 0xbb, 0x00, 0x00, 
	0x00, 0x00, 0x12, 0x34, 0x56, 0x78, 0xc9, 0xa9, 
	0xc8, 0x76, 0x54, 0x32, 0x1b, 0xbb, 0x00, 0x00, 
	0x00, 0x00, 0x12, 0x34, 0x56, 0x78, 0xc9, 0xa9, 
	0xc8, 0x76, 0x54, 0x32, 0x1b, 0xbb, 0x00, 0x00, 
	0x00, 0x00, 0x12, 0x34, 0x56, 0x78, 0xc9, 0xa9, 
	0xc8, 0x76, 0x54, 0x32, 0x1b, 0xbb, 0x00, 0x00, 
	0x00, 0x00, 0x12, 0x34, 0x56, 0x78, 0xc9, 0xa9, 
	0xc8, 0x76, 0x54, 0x32, 0x1b, 0xbb, 0x00, 0x00, 
	0x00, 0x00, 0x12, 0x34, 0x56, 0x78, 0xc9, 0xa9, 
	0xc8, 0x76, 0x54, 0x32, 0x1b, 0xbb, 0x00, 0x00, 
	0x00, 0x00, 0x12, 0x34, 0x56, 0x78, 0xc9, 0xa9, 
	0xc8, 0x76, 0x54, 0x32, 0x1b, 0xbb, 0x00, 0x00, 
	0x00, 0x00, 0x12, 0x34, 0x56, 0x78, 0xc9, 0xa9, 
	0xc8, 0x76, 0x54, 0x32, 0x1b, 0xbb, 0x00, 0x00, 
	0x00, 0x00, 0x12, 0x34, 0x56, 0x78, 0xc9, 0xa9, 
	0xc8, 0x76, 0x54, 0x32, 0x1b, 0xbb, 0x00, 0x00, 
	0x00, 0x00, 0x12, 0x34, 0x56, 0x78, 0xc9, 0xa9, 
	0xc8, 0x76, 0x54, 0x32, 0x1b, 0xbb, 0x00, 0x00, 
	0x00, 0x00, 0x12, 0x34, 0x56, 0x78, 0xc9, 0x99, 
	0xc8, 0x76, 0x54, 0x32, 0x1b, 0xbb, 0x00, 0x00, 
	0x00, 0x00, 0x12, 0x34, 0x56, 0x78, 0xcc, 0x9c, 
	0xc8, 0x76, 0x54, 0x32, 0x1b, 0xbb, 0x00, 0x00, 
	0x00, 0x00, 0x12, 0x34, 0x56, 0x78, 0x8c, 0xcc, 
	0x88, 0x76, 0x54, 0x32, 0x1b, 0xbb, 0x00, 0x00, 
	0x00, 0x00, 0x01, 0x23, 0x45, 0x67, 0x8c, 0xcc, 
	0x87, 0x65, 0x43, 0x21, 0xbb, 0xb0, 0x00, 0x00, 
	0x00, 0x00, 0x01, 0x23, 0x45, 0x67, 0x88, 0xc8, 
	0x87, 0x65, 0x43, 0x21, 0xbb, 0xb0, 0x00, 0x00, 
	0x00, 0x00, 0x01, 0x23, 0x45, 0x67, 0x78, 0x88, 
	0x77, 0x65, 0x43, 0x21, 0xbb, 0xb0, 0x00, 0x00, 
	0x00, 0x00, 0x00, 0x12, 0x34, 0x56, 0x77, 0x87, 
	0x76, 0x54, 0x32, 0x1b, 0xbb, 0x00, 0x00, 0x00, 
	0x00, 0x00, 0x01, 0x23, 0x45, 0x67, 0x89, 0xa9, 
	0x87, 0x65, 0x43, 0x21, 0xbb, 0xb0, 0x00, 0x00, 
	0x00, 0x00, 0x01, 0x23, 0x45, 0x67, 0x89, 0xa9, 
	0x87, 0x65, 0x43, 0x21, 0xbb, 0xb0, 0x00, 0x00, 
	
};

Gfx plane_MarioParty_pal_rgba16_aligner[] = {gsSPEndDisplayList()};
u8 plane_MarioParty_pal_rgba16[] = {
	0x00, 0x01, 0x80, 0x43, 0x98, 0xc7, 0xa9, 0x09, 
	0xc1, 0x8b, 0xd2, 0x0d, 0xea, 0x91, 0xfb, 0x13, 
	0xfc, 0x1d, 0xfe, 0xb3, 0xff, 0xff, 0x70, 0x03, 
	0xfd, 0x69, 
};

Gfx plane_ublo_f_i8_aligner[] = {gsSPEndDisplayList()};
u8 plane_ublo_f_i8[] = {
	0x00, 0x00, 0x00, 0x00, 0x00, 0x00, 0x00, 0x00, 
	0x10, 0x00, 0x00, 0x00, 0x00, 0x00, 0x00, 0x00, 
	0x00, 0x00, 0x00, 0x00, 0x00, 0x00, 0x00, 0x04, 
	0x00, 0x00, 0x00, 0x00, 0x00, 0x00, 0x00, 0x00, 
	0x00, 0x00, 0x00, 0x00, 0x00, 0x00, 0x02, 0x1a, 
	0x43, 0x22, 0x21, 0x22, 0x22, 0x22, 0x22, 0x22, 
	0x22, 0x22, 0x22, 0x21, 0x21, 0x20, 0x22, 0x06, 
	0x00, 0x00, 0x00, 0x00, 0x00, 0x00, 0x00, 0x00, 
	0x00, 0x00, 0x00, 0x00, 0x00, 0x03, 0x49, 0x68, 
	0x64, 0x83, 0xa3, 0xaf, 0xaf, 0xaf, 0xaf, 0xaf, 
	0xaf, 0xaf, 0xaf, 0xaf, 0xa3, 0x85, 0x85, 0x5b, 
	0x15, 0x0b, 0x02, 0x00, 0x00, 0x00, 0x00, 0x00, 
	0x00, 0x00, 0x00, 0x12, 0x19, 0x52, 0x67, 0x83, 
	0xa1, 0xaf, 0xaf, 0xaf, 0xaf, 0xaf, 0xaf, 0xaf, 
	0xaf, 0xaf, 0xaf, 0xaf, 0xaf, 0xaf, 0xaf, 0xaf, 
	0xaf, 0x84, 0x48, 0x13, 0x0a, 0x00, 0x00, 0x00, 
	0x00, 0x00, 0x00, 0x1c, 0x68, 0x68, 0x9d, 0xaf, 
	0xaf, 0xaf, 0xaf, 0xaf, 0xaf, 0xaf, 0xaf, 0xaf, 
	0xaf, 0xaf, 0xaf, 0xaf, 0xaf, 0xaf, 0xaf, 0xaf, 
	0xaf, 0xa4, 0x5e, 0x6a, 0x72, 0x0d, 0x07, 0x00, 
	0x00, 0x00, 0x00, 0x2d, 0x6c, 0x9a, 0xaf, 0xaf, 
	0xaf, 0xaf, 0xaf, 0xaf, 0xaf, 0xaf, 0xaf, 0xaf, 
	0xaf, 0xaf, 0xaf, 0xaf, 0xaf, 0xaf, 0xaf, 0xaf, 
	0xaf, 0xaf, 0x9d, 0x6b, 0x76, 0x15, 0x00, 0x00, 
	0x00, 0x00, 0x07, 0x59, 0x84, 0xaf, 0xaf, 0xaf, 
	0xaf, 0xaf, 0xaf, 0xaf, 0xaf, 0xaf, 0xaf, 0xaf, 
	0xaf, 0xaf, 0xaf, 0xaf, 0xaf, 0xaf, 0xaf, 0xaf, 
	0xaf, 0xaf, 0xaf, 0x9a, 0x6b, 0x16, 0x00, 0x02, 
	0x00, 0x00, 0x04, 0x60, 0x84, 0xaf, 0xaf, 0xaf, 
	0xaf, 0xaf, 0xaf, 0xaf, 0xaf, 0xaf, 0xaf, 0xaf, 
	0xaf, 0xaf, 0xaf, 0xaf, 0xaf, 0xaf, 0xaf, 0xaf, 
	0xaf, 0xaf, 0xaf, 0xaf, 0x84, 0x56, 0x00, 0x00, 
	0x00, 0x00, 0x04, 0x58, 0x85, 0xaf, 0xaf, 0xaf, 
	0xaf, 0xaf, 0xaf, 0xaf, 0xaf, 0xaf, 0xaf, 0xaf, 
	0xaf, 0xaf, 0xaf, 0xaf, 0xaf, 0xaf, 0xaf, 0xaf, 
	0xaf, 0xaf, 0xaf, 0xaf, 0x83, 0x73, 0x00, 0x00, 
	0x00, 0x00, 0x04, 0x5a, 0x84, 0xaf, 0xaf, 0xaf, 
	0xaf, 0xaf, 0xaf, 0xaf, 0xaf, 0xaf, 0xaf, 0xaf, 
	0xaf, 0xaf, 0xaf, 0xaf, 0xaf, 0xaf, 0xaf, 0xaf, 
	0xaf, 0xaf, 0xaf, 0xaf, 0x83, 0x69, 0x00, 0x00, 
	0x00, 0x00, 0x04, 0x5b, 0x84, 0xaf, 0xaf, 0xaf, 
	0xaf, 0xaf, 0xaf, 0xaf, 0xaf, 0xaf, 0xaf, 0xaf, 
	0xaf, 0xaf, 0xaf, 0xaf, 0xaf, 0xaf, 0xaf, 0xaf, 
	0xaf, 0xaf, 0xaf, 0xaf, 0x84, 0x63, 0x00, 0x00, 
	0x00, 0x00, 0x04, 0x5d, 0x85, 0xaf, 0xaf, 0xaf, 
	0xaf, 0xaf, 0xaf, 0xaf, 0xaf, 0xaf, 0xaf, 0xaf, 
	0xaf, 0xaf, 0xaf, 0xaf, 0xaf, 0xaf, 0xaf, 0xaf, 
	0xaf, 0xaf, 0xaf, 0xaf, 0x84, 0x5f, 0x00, 0x00, 
	0x00, 0x00, 0x04, 0x5d, 0x85, 0xaf, 0xaf, 0xaf, 
	0xaf, 0xaf, 0xaf, 0xaf, 0xaf, 0xaf, 0xaf, 0xaf, 
	0xaf, 0xaf, 0xaf, 0xaf, 0xaf, 0xaf, 0xaf, 0xaf, 
	0xaf, 0xaf, 0xaf, 0xaf, 0x84, 0x5a, 0x00, 0x00, 
	0x00, 0x00, 0x04, 0x5e, 0x85, 0xaf, 0xaf, 0xaf, 
	0xaf, 0xaf, 0xaf, 0xaf, 0xaf, 0xaf, 0xaf, 0xaf, 
	0xaf, 0xaf, 0xaf, 0xaf, 0xaf, 0xaf, 0xaf, 0xaf, 
	0xaf, 0xaf, 0xaf, 0xaf, 0x85, 0x53, 0x00, 0x00, 
	0x00, 0x00, 0x04, 0x5f, 0x84, 0xaf, 0xaf, 0xaf, 
	0xaf, 0xaf, 0xaf, 0xaf, 0xaf, 0xaf, 0xaf, 0xaf, 
	0xaf, 0xaf, 0xaf, 0xaf, 0xaf, 0xaf, 0xaf, 0xaf, 
	0xaf, 0xaf, 0xaf, 0xaf, 0x85, 0x4e, 0x01, 0x00, 
	0x00, 0x00, 0x03, 0x60, 0x84, 0xaf, 0xaf, 0xaf, 
	0xaf, 0xaf, 0xaf, 0xaf, 0xaf, 0xaf, 0xaf, 0xaf, 
	0xaf, 0xaf, 0xaf, 0xaf, 0xaf, 0xaf, 0xaf, 0xaf, 
	0xaf, 0xaf, 0xaf, 0xaf, 0x85, 0x52, 0x03, 0x00, 
	0x00, 0x00, 0x01, 0x53, 0x84, 0xaf, 0xaf, 0xaf, 
	0xaf, 0xaf, 0xaf, 0xaf, 0xaf, 0xaf, 0xaf, 0xaf, 
	0xaf, 0xaf, 0xaf, 0xaf, 0xaf, 0xaf, 0xaf, 0xaf, 
	0xaf, 0xaf, 0xaf, 0xaf, 0x85, 0x4e, 0x05, 0x00, 
	0x00, 0x00, 0x00, 0x25, 0x84, 0xaf, 0xaf, 0xaf, 
	0xaf, 0xaf, 0xaf, 0xaf, 0xaf, 0xaf, 0xaf, 0xaf, 
	0xaf, 0xaf, 0xaf, 0xaf, 0xaf, 0xaf, 0xaf, 0xaf, 
	0xaf, 0xaf, 0xaf, 0xaf, 0x85, 0x4e, 0x04, 0x00, 
	0x00, 0x00, 0x00, 0x11, 0x83, 0xaf, 0xaf, 0xaf, 
	0xaf, 0xaf, 0xaf, 0xaf, 0xaf, 0xaf, 0xaf, 0xaf, 
	0xaf, 0xaf, 0xaf, 0xaf, 0xaf, 0xaf, 0xaf, 0xaf, 
	0xaf, 0xaf, 0xaf, 0xaf, 0x85, 0x4e, 0x04, 0x00, 
	0x00, 0x00, 0x00, 0x11, 0x83, 0xaf, 0xaf, 0xaf, 
	0xaf, 0xaf, 0xaf, 0xaf, 0xaf, 0xaf, 0xaf, 0xaf, 
	0xaf, 0xaf, 0xaf, 0xaf, 0xaf, 0xaf, 0xaf, 0xaf, 
	0xaf, 0xaf, 0xaf, 0xaf, 0x85, 0x4e, 0x04, 0x00, 
	0x00, 0x00, 0x00, 0x12, 0x83, 0xaf, 0xaf, 0xaf, 
	0xaf, 0xaf, 0xaf, 0xaf, 0xaf, 0xaf, 0xaf, 0xaf, 
	0xaf, 0xaf, 0xaf, 0xaf, 0xaf, 0xaf, 0xaf, 0xaf, 
	0xaf, 0xaf, 0xaf, 0xaf, 0x85, 0x61, 0x04, 0x00, 
	0x00, 0x00, 0x00, 0x13, 0x83, 0xaf, 0xaf, 0xaf, 
	0xaf, 0xaf, 0xaf, 0xaf, 0xaf, 0xaf, 0xaf, 0xaf, 
	0xaf, 0xaf, 0xaf, 0xaf, 0xaf, 0xaf, 0xaf, 0xaf, 
	0xaf, 0xaf, 0xaf, 0xaf, 0x84, 0x5b, 0x04, 0x00, 
	0x00, 0x00, 0x00, 0x14, 0x84, 0xaf, 0xaf, 0xaf, 
	0xaf, 0xaf, 0xaf, 0xaf, 0xaf, 0xaf, 0xaf, 0xaf, 
	0xaf, 0xaf, 0xaf, 0xaf, 0xaf, 0xaf, 0xaf, 0xaf, 
	0xaf, 0xaf, 0xaf, 0xaf, 0x84, 0x6b, 0x04, 0x00, 
	0x00, 0x00, 0x00, 0x12, 0x53, 0xa1, 0xaf, 0xaf, 
	0xaf, 0xaf, 0xaf, 0xaf, 0xaf, 0xaf, 0xaf, 0xaf, 
	0xaf, 0xaf, 0xaf, 0xaf, 0xaf, 0xaf, 0xaf, 0xaf, 
	0xaf, 0xaf, 0xaf, 0xaf, 0x83, 0x58, 0x07, 0x00, 
	0x00, 0x00, 0x00, 0x00, 0x26, 0x83, 0xaf, 0xaf, 
	0xaf, 0xaf, 0xaf, 0xaf, 0xaf, 0xaf, 0xaf, 0xaf, 
	0xaf, 0xaf, 0xaf, 0xaf, 0xaf, 0xaf, 0xaf, 0xaf, 
	0xaf, 0xaf, 0xaf, 0x9d, 0x59, 0x0b, 0x00, 0x00, 
	0x00, 0x00, 0x00, 0x00, 0x0f, 0x6b, 0x99, 0xaf, 
	0xaf, 0xaf, 0xaf, 0xaf, 0xaf, 0xaf, 0xaf, 0xaf, 
	0xaf, 0xaf, 0xaf, 0xaf, 0xaf, 0xaf, 0xaf, 0xaf, 
	0xaf, 0xaf, 0xa3, 0x4c, 0x1f, 0x00, 0x00, 0x00, 
	0x00, 0x00, 0x00, 0x00, 0x05, 0x69, 0x6e, 0x9b, 
	0xaf, 0xaf, 0xaf, 0xaf, 0xaf, 0xaf, 0xaf, 0xaf, 
	0xaf, 0xaf, 0xaf, 0xaf, 0xaf, 0xaf, 0xaf, 0xaf, 
	0xaf, 0x8d, 0x2b, 0x14, 0x00, 0x00, 0x00, 0x00, 
	0x00, 0x00, 0x00, 0x00, 0x01, 0x0f, 0x11, 0x45, 
	0x9a, 0xaf, 0xaf, 0xaf, 0xaf, 0xaf, 0xaf, 0xaf, 
	0xaf, 0xaf, 0xaf, 0xaf, 0xaf, 0xaf, 0xaf, 0xaf, 
	0x73, 0x04, 0x00, 0x00, 0x00, 0x00, 0x00, 0x00, 
	0x00, 0x00, 0x00, 0x00, 0x00, 0x00, 0x00, 0x01, 
	0x2a, 0x72, 0x9e, 0xaf, 0xaf, 0xaf, 0xaf, 0xaf, 
	0xaf, 0xaf, 0xaf, 0xaf, 0xa1, 0x83, 0x83, 0x72, 
	0x05, 0x00, 0x00, 0x00, 0x00, 0x00, 0x00, 0x00, 
	0x00, 0x00, 0x00, 0x00, 0x00, 0x00, 0x00, 0x00, 
	0x00, 0x01, 0x0d, 0x3a, 0x4a, 0x4a, 0x4a, 0x3a, 
	0x1c, 0x1c, 0x1c, 0x3a, 0x27, 0x12, 0x2e, 0x2b, 
	0x00, 0x00, 0x00, 0x00, 0x00, 0x00, 0x00, 0x00, 
	0x00, 0x00, 0x00, 0x00, 0x00, 0x00, 0x00, 0x00, 
	0x00, 0x00, 0x00, 0x00, 0x00, 0x00, 0x00, 0x00, 
	0x00, 0x00, 0x00, 0x00, 0x00, 0x00, 0x00, 0x06, 
	0x00, 0x00, 0x00, 0x00, 0x00, 0x00, 0x00, 0x00, 
	0x00, 0x00, 0x00, 0x00, 0x00, 0x00, 0x00, 0x00, 
	0x00, 0x00, 0x00, 0x00, 0x00, 0x00, 0x00, 0x00, 
	0x00, 0x00, 0x00, 0x00, 0x00, 0x00, 0x00, 0x00, 
	0x00, 0x00, 0x00, 0x00, 0x00, 0x00, 0x00, 0x00, 
	
};

Gfx plane_SUPER_MARIO_64_7E5C24F7_0_2_all_i8_aligner[] = {gsSPEndDisplayList()};
u8 plane_SUPER_MARIO_64_7E5C24F7_0_2_all_i8[] = {
	0xc6, 0xd6, 0xef, 0xde, 0xde, 0xe7, 0xef, 0xef, 
	0xe7, 0xd6, 0xd6, 0xde, 0xe7, 0xef, 0xd6, 0xe7, 
	0xd6, 0xc6, 0xef, 0xde, 0xce, 0xde, 0xde, 0xef, 
	0xd6, 0xd6, 0xef, 0xde, 0xc6, 0xde, 0xe7, 0xd6, 
	0xde, 0xde, 0xe7, 0xe7, 0xde, 0xde, 0xef, 0xe7, 
	0xd6, 0xd6, 0xe7, 0xe7, 0xef, 0xe7, 0xce, 0xe7, 
	0xd6, 0xce, 0xe7, 0xde, 0xd6, 0xde, 0xe7, 0xe7, 
	0xce, 0xde, 0xf7, 0xd6, 0xc6, 0xde, 0xef, 0xde, 
	0xde, 0xef, 0xe7, 0xe7, 0xe7, 0xe7, 0xef, 0xd6, 
	0xb5, 0xde, 0xe7, 0xde, 0xe7, 0xde, 0xde, 0xe7, 
	0xd6, 0xd6, 0xde, 0xd6, 0xde, 0xde, 0xde, 0xde, 
	0xce, 0xde, 0xef, 0xd6, 0xce, 0xde, 0xe7, 0xe7, 
	0xe7, 0xef, 0xde, 0xde, 0xe7, 0xe7, 0xe7, 0xd6, 
	0xc6, 0xe7, 0xd6, 0xd6, 0xe7, 0xde, 0xe7, 0xe7, 
	0xde, 0xce, 0xd6, 0xd6, 0xde, 0xde, 0xce, 0xe7, 
	0xe7, 0xde, 0xde, 0xce, 0xce, 0xde, 0xe7, 0xef, 
	0xef, 0xef, 0xd6, 0xd6, 0xde, 0xe7, 0xde, 0xde, 
	0xef, 0xef, 0xce, 0xce, 0xe7, 0xe7, 0xde, 0xde, 
	0xe7, 0xce, 0xde, 0xe7, 0xe7, 0xce, 0xc6, 0xef, 
	0xef, 0xd6, 0xc6, 0xce, 0xd6, 0xe7, 0xef, 0xef, 
	0xef, 0xe7, 0xde, 0xd6, 0xde, 0xe7, 0xd6, 0xe7, 
	0xef, 0xf7, 0xd6, 0xce, 0xde, 0xe7, 0xd6, 0xd6, 
	0xe7, 0xce, 0xde, 0xe7, 0xde, 0xce, 0xce, 0xe7, 
	0xbd, 0xbd, 0xce, 0xde, 0xe7, 0xe7, 0xef, 0xf7, 
	0xef, 0xe7, 0xde, 0xde, 0xde, 0xe7, 0xce, 0xd6, 
	0xef, 0xf7, 0xde, 0xd6, 0xd6, 0xe7, 0xe7, 0xde, 
	0xde, 0xd6, 0xde, 0xe7, 0xde, 0xce, 0xe7, 0xce, 
	0x9c, 0xb5, 0xd6, 0xe7, 0xef, 0xef, 0xef, 0xe7, 
	0xde, 0xef, 0xe7, 0xe7, 0xe7, 0xde, 0xd6, 0xce, 
	0xef, 0xef, 0xe7, 0xde, 0xce, 0xde, 0xde, 0xe7, 
	0xde, 0xd6, 0xe7, 0xe7, 0xd6, 0xc6, 0xef, 0xde, 
	0xad, 0xb5, 0xd6, 0xe7, 0xe7, 0xef, 0xe7, 0xe7, 
	0xde, 0xe7, 0xef, 0xe7, 0xe7, 0xe7, 0xde, 0xd6, 
	0xe7, 0xef, 0xe7, 0xde, 0xde, 0xd6, 0xd6, 0xde, 
	0xd6, 0xe7, 0xe7, 0xce, 0xde, 0xd6, 0xe7, 0xe7, 
	0xd6, 0xde, 0xde, 0xe7, 0xe7, 0xde, 0xd6, 0xde, 
	0xe7, 0xe7, 0xef, 0xde, 0xde, 0xe7, 0xd6, 0xce, 
	0xef, 0xef, 0xe7, 0xe7, 0xe7, 0xd6, 0xde, 0xe7, 
	0xce, 0xef, 0xef, 0xc6, 0xde, 0xde, 0xe7, 0xde, 
	0xce, 0xe7, 0xe7, 0xe7, 0xef, 0xde, 0xd6, 0xde, 
	0xde, 0xe7, 0xe7, 0xe7, 0xd6, 0xde, 0xd6, 0xd6, 
	0xef, 0xef, 0xef, 0xe7, 0xd6, 0xd6, 0xd6, 0xe7, 
	0xd6, 0xe7, 0xef, 0xce, 0xde, 0xde, 0xe7, 0xe7, 
	0xd6, 0xde, 0xef, 0xe7, 0xe7, 0xe7, 0xde, 0xde, 
	0xe7, 0xe7, 0xde, 0xde, 0xd6, 0xe7, 0xe7, 0xde, 
	0xef, 0xde, 0xe7, 0xe7, 0xd6, 0xce, 0xde, 0xe7, 
	0xe7, 0xde, 0xe7, 0xde, 0xd6, 0xd6, 0xde, 0xe7, 
	0xde, 0xde, 0xe7, 0xd6, 0xd6, 0xe7, 0xe7, 0xce, 
	0xef, 0xde, 0xd6, 0xd6, 0xd6, 0xef, 0xef, 0xde, 
	0xe7, 0xe7, 0xde, 0xe7, 0xde, 0xc6, 0xde, 0xef, 
	0xe7, 0xd6, 0xe7, 0xef, 0xde, 0xd6, 0xd6, 0xde, 
	0xde, 0xde, 0xde, 0xd6, 0xd6, 0xe7, 0xef, 0xde, 
	0xe7, 0xe7, 0xd6, 0xd6, 0xde, 0xef, 0xef, 0xe7, 
	0xe7, 0xe7, 0xe7, 0xde, 0xde, 0xce, 0xde, 0xef, 
	0xe7, 0xd6, 0xef, 0xef, 0xd6, 0xce, 0xe7, 0xce, 
	0xce, 0xce, 0xe7, 0xe7, 0xd6, 0xd6, 0xde, 0xef, 
	0xe7, 0xef, 0xd6, 0xce, 0xde, 0xef, 0xef, 0xef, 
	0xe7, 0xe7, 0xe7, 0xde, 0xd6, 0xce, 0xde, 0xef, 
	0xe7, 0xd6, 0xe7, 0xe7, 0xd6, 0xce, 0xde, 0xce, 
	0xc6, 0xd6, 0xef, 0xef, 0xd6, 0xce, 0xd6, 0xe7, 
	0xef, 0xe7, 0xde, 0xd6, 0xd6, 0xef, 0xef, 0xef, 
	0xe7, 0xe7, 0xde, 0xd6, 0xd6, 0xbd, 0xde, 0xef, 
	0xe7, 0xd6, 0xde, 0xef, 0xde, 0xd6, 0xce, 0xde, 
	0xd6, 0xe7, 0xef, 0xe7, 0xde, 0xde, 0xd6, 0xde, 
	0xef, 0xde, 0xde, 0xe7, 0xe7, 0xef, 0xef, 0xe7, 
	0xe7, 0xde, 0xd6, 0xde, 0xd6, 0xb5, 0xd6, 0xef, 
	0xef, 0xe7, 0xde, 0xe7, 0xde, 0xde, 0xd6, 0xde, 
	0xde, 0xde, 0xef, 0xe7, 0xe7, 0xe7, 0xd6, 0xde, 
	0xde, 0xd6, 0xde, 0xef, 0xef, 0xe7, 0xef, 0xef, 
	0xe7, 0xd6, 0xde, 0xe7, 0xe7, 0xd6, 0xce, 0xef, 
	0xf7, 0xef, 0xde, 0xd6, 0xe7, 0xde, 0xce, 0xd6, 
	0xde, 0xe7, 0xe7, 0xde, 0xde, 0xe7, 0xde, 0xde, 
	0xc6, 0xd6, 0xe7, 0xf7, 0xf7, 0xef, 0xef, 0xe7, 
	0xe7, 0xde, 0xde, 0xd6, 0xe7, 0xe7, 0xd6, 0xe7, 
	0xef, 0xef, 0xd6, 0xd6, 0xe7, 0xce, 0xbd, 0xce, 
	0xe7, 0xe7, 0xe7, 0xd6, 0xce, 0xef, 0xde, 0xd6, 
	0xc6, 0xd6, 0xe7, 0xef, 0xf7, 0xef, 0xde, 0xd6, 
	0xe7, 0xef, 0xde, 0xde, 0xde, 0xef, 0xde, 0xde, 
	0xe7, 0xe7, 0xde, 0xde, 0xd6, 0xd6, 0xb5, 0xc6, 
	0xe7, 0xe7, 0xe7, 0xde, 0xd6, 0xef, 0xd6, 0xd6, 
	0xc6, 0xd6, 0xe7, 0xf7, 0xf7, 0xf7, 0xde, 0xce, 
	0xe7, 0xef, 0xe7, 0xc6, 0xde, 0xef, 0xe7, 0xde, 
	0xe7, 0xe7, 0xde, 0xd6, 0xd6, 0xde, 0xbd, 0xd6, 
	0xef, 0xe7, 0xe7, 0xe7, 0xe7, 0xe7, 0xd6, 0xde, 
	0xce, 0xce, 0xe7, 0xf7, 0xf7, 0xef, 0xe7, 0xc6, 
	0xde, 0xf7, 0xde, 0xbd, 0xde, 0xef, 0xef, 0xe7, 
	0xe7, 0xef, 0xc6, 0xbd, 0xd6, 0xd6, 0xde, 0xde, 
	0xe7, 0xde, 0xe7, 0xef, 0xe7, 0xde, 0xd6, 0xe7, 
	0xce, 0xce, 0xe7, 0xef, 0xe7, 0xde, 0xe7, 0xc6, 
	0xd6, 0xf7, 0xd6, 0xc6, 0xe7, 0xef, 0xef, 0xe7, 
	0xe7, 0xde, 0xad, 0xc6, 0xc6, 0xde, 0xe7, 0xd6, 
	0xd6, 0xe7, 0xef, 0xef, 0xd6, 0xde, 0xde, 0xde, 
	0xde, 0xde, 0xe7, 0xe7, 0xd6, 0xd6, 0xef, 0xe7, 
	0xde, 0xef, 0xde, 0xd6, 0xe7, 0xef, 0xef, 0xe7, 
	0xde, 0xc6, 0xbd, 0xc6, 0xce, 0xe7, 0xe7, 0xce, 
	0xd6, 0xe7, 0xef, 0xe7, 0xc6, 0xce, 0xe7, 0xde, 
	0xce, 0xe7, 0xe7, 0xce, 0xce, 0xde, 0xef, 0xf7, 
	0xde, 0xe7, 0xe7, 0xce, 0xe7, 0xef, 0xef, 0xde, 
	0xd6, 0xce, 0xb5, 0xb5, 0xc6, 0xde, 0xef, 0xde, 
	0xde, 0xef, 0xde, 0xde, 0xbd, 0xce, 0xef, 0xef, 
	0xc6, 0xde, 0xef, 0xde, 0xce, 0xde, 0xe7, 0xf7, 
	0xe7, 0xef, 0xde, 0xce, 0xe7, 0xef, 0xef, 0xde, 
	0xd6, 0xd6, 0xc6, 0xa5, 0xb5, 0xde, 0xef, 0xe7, 
	0xd6, 0xd6, 0xde, 0xe7, 0xce, 0xde, 0xef, 0xe7, 
	0xbd, 0xd6, 0xef, 0xe7, 0xce, 0xd6, 0xef, 0xf7, 
	0xef, 0xe7, 0xd6, 0xd6, 0xef, 0xe7, 0xde, 0xde, 
	0xce, 0xd6, 0xce, 0xa5, 0xb5, 0xde, 0xef, 0xef, 
	0xd6, 0xc6, 0xd6, 0xde, 0xd6, 0xd6, 0xde, 0xef, 
	0xc6, 0xde, 0xef, 0xe7, 0xce, 0xde, 0xef, 0xf7, 
	0xef, 0xde, 0xde, 0xe7, 0xe7, 0xd6, 0xd6, 0xde, 
	0xd6, 0xd6, 0xe7, 0xce, 0xc6, 0xd6, 0xe7, 0xe7, 
	0xce, 0xc6, 0xd6, 0xde, 0xd6, 0xce, 0xd6, 0xe7, 
	0xce, 0xd6, 0xe7, 0xe7, 0xde, 0xe7, 0xef, 0xde, 
	0xd6, 0xe7, 0xe7, 0xef, 0xc6, 0xb5, 0xce, 0xe7, 
	0xde, 0xe7, 0xe7, 0xde, 0xde, 0xd6, 0xd6, 0xef, 
	0xde, 0xd6, 0xd6, 0xd6, 0xd6, 0xce, 0xd6, 0xd6, 
	0xd6, 0xc6, 0xe7, 0xef, 0xde, 0xe7, 0xef, 0xce, 
	0xce, 0xef, 0xef, 0xd6, 0xb5, 0xc6, 0xde, 0xef, 
	0xe7, 0xde, 0xe7, 0xef, 0xde, 0xde, 0xde, 0xe7, 
	0xde, 0xde, 0xce, 0xc6, 0xd6, 0xce, 0xce, 0xd6, 
	0xd6, 0xbd, 0xde, 0xef, 0xef, 0xef, 0xef, 0xc6, 
	0xce, 0xef, 0xf7, 0xce, 0xb5, 0xd6, 0xef, 0xf7, 
	0xef, 0xde, 0xe7, 0xef, 0xde, 0xde, 0xde, 0xe7, 
	0xd6, 0xc6, 0xce, 0xce, 0xd6, 0xd6, 0xd6, 0xd6, 
	0xde, 0xce, 0xd6, 0xef, 0xef, 0xef, 0xe7, 0xce, 
	0xce, 0xef, 0xef, 0xce, 0xb5, 0xd6, 0xef, 0xf7, 
	0xe7, 0xde, 0xe7, 0xde, 0xde, 0xde, 0xde, 0xe7, 
	0xc6, 0xb5, 0xc6, 0xd6, 0xe7, 0xde, 0xd6, 0xd6, 
	
};

Gfx plane_roues_ci8_copy_aligner[] = {gsSPEndDisplayList()};
u8 plane_roues_ci8_copy[] = {
	0x00, 0x00, 0x00, 0x00, 0x00, 0x00, 0x00, 0x00, 
	0x00, 0x01, 0x02, 0x03, 0x04, 0x05, 0x06, 0x06, 
	0x06, 0x06, 0x06, 0x04, 0x03, 0x02, 0x01, 0x00, 
	0x00, 0x00, 0x00, 0x00, 0x00, 0x00, 0x00, 0x00, 
	0x00, 0x00, 0x00, 0x00, 0x00, 0x00, 0x00, 0x00, 
	0x02, 0x07, 0x04, 0x08, 0x09, 0x09, 0x09, 0x09, 
	0x09, 0x09, 0x09, 0x09, 0x09, 0x05, 0x07, 0x02, 
	0x0a, 0x00, 0x00, 0x00, 0x00, 0x00, 0x00, 0x00, 
	0x00, 0x00, 0x00, 0x00, 0x00, 0x00, 0x02, 0x0b, 
	0x07, 0x0c, 0x08, 0x09, 0x09, 0x09, 0x09, 0x09, 
	0x09, 0x09, 0x09, 0x09, 0x09, 0x0d, 0x0c, 0x0e, 
	0x07, 0x02, 0x00, 0x00, 0x00, 0x00, 0x00, 0x00, 
	0x00, 0x00, 0x00, 0x00, 0x00, 0x0b, 0x04, 0x0c, 
	0x0c, 0x0f, 0x04, 0x08, 0x09, 0x09, 0x09, 0x09, 
	0x09, 0x09, 0x09, 0x09, 0x09, 0x04, 0x0c, 0x0c, 
	0x0c, 0x07, 0x0b, 0x00, 0x00, 0x00, 0x00, 0x00, 
	0x00, 0x00, 0x00, 0x00, 0x01, 0x04, 0x0c, 0x0f, 
	0x0f, 0x0f, 0x0f, 0x0c, 0x04, 0x04, 0x06, 0x06, 
	0x06, 0x06, 0x05, 0x04, 0x0c, 0x0f, 0x0f, 0x0f, 
	0x0f, 0x0c, 0x07, 0x03, 0x00, 0x00, 0x00, 0x00, 
	0x00, 0x00, 0x00, 0x01, 0x07, 0x0c, 0x0f, 0x0f, 
	0x0f, 0x0f, 0x0f, 0x0f, 0x0f, 0x0f, 0x0f, 0x0c, 
	0x0c, 0x0c, 0x0f, 0x0f, 0x0f, 0x0f, 0x0f, 0x0f, 
	0x0f, 0x0f, 0x0c, 0x07, 0x02, 0x00, 0x00, 0x00, 
	0x00, 0x00, 0x02, 0x07, 0x0c, 0x0f, 0x0f, 0x0f, 
	0x0f, 0x0f, 0x0f, 0x0c, 0x09, 0x10, 0x11, 0x12, 
	0x12, 0x13, 0x14, 0x15, 0x0c, 0x0f, 0x0f, 0x0f, 
	0x0f, 0x0f, 0x0f, 0x0c, 0x04, 0x02, 0x00, 0x00, 
	0x00, 0x00, 0x0b, 0x0c, 0x16, 0x0f, 0x0f, 0x0f, 
	0x0f, 0x0c, 0x09, 0x17, 0x18, 0x12, 0x11, 0x19, 
	0x19, 0x1a, 0x1b, 0x18, 0x1b, 0x15, 0x0c, 0x0f, 
	0x0f, 0x0f, 0x0f, 0x0f, 0x0c, 0x07, 0x0a, 0x00, 
	0x00, 0x02, 0x07, 0x0c, 0x0f, 0x0f, 0x0f, 0x0f, 
	0x0f, 0x1c, 0x12, 0x13, 0x1d, 0x1e, 0x1f, 0x20, 
	0x21, 0x1f, 0x1e, 0x14, 0x11, 0x22, 0x20, 0x0c, 
	0x0f, 0x0f, 0x0f, 0x0f, 0x0c, 0x0e, 0x02, 0x00, 
	0x00, 0x0b, 0x0c, 0x0f, 0x0f, 0x0f, 0x0f, 0x0f, 
	0x15, 0x18, 0x1a, 0x10, 0x23, 0x08, 0x08, 0x24, 
	0x25, 0x26, 0x04, 0x27, 0x10, 0x28, 0x18, 0x27, 
	0x0f, 0x0f, 0x0f, 0x0f, 0x0f, 0x0c, 0x07, 0x00, 
	0x01, 0x07, 0x0c, 0x0f, 0x0f, 0x29, 0x29, 0x06, 
	0x22, 0x1a, 0x1e, 0x2a, 0x2b, 0x2c, 0x0c, 0x25, 
	0x2d, 0x08, 0x2c, 0x2d, 0x08, 0x10, 0x28, 0x18, 
	0x26, 0x29, 0x29, 0x0f, 0x0f, 0x0f, 0x07, 0x02, 
	0x02, 0x0e, 0x0f, 0x29, 0x29, 0x24, 0x24, 0x28, 
	0x12, 0x20, 0x20, 0x0c, 0x2c, 0x2c, 0x0c, 0x25, 
	0x2d, 0x08, 0x2c, 0x2c, 0x2e, 0x27, 0x23, 0x13, 
	0x13, 0x24, 0x24, 0x29, 0x29, 0x0f, 0x0c, 0x02, 
	0x0b, 0x0c, 0x29, 0x24, 0x24, 0x24, 0x04, 0x18, 
	0x1d, 0x20, 0x25, 0x24, 0x09, 0x24, 0x04, 0x08, 
	0x06, 0x26, 0x2f, 0x08, 0x0e, 0x2d, 0x30, 0x10, 
	0x18, 0x15, 0x24, 0x24, 0x24, 0x29, 0x0c, 0x07, 
	0x0e, 0x29, 0x24, 0x24, 0x24, 0x24, 0x31, 0x22, 
	0x23, 0x30, 0x25, 0x2c, 0x2d, 0x32, 0x33, 0x26, 
	0x34, 0x1c, 0x1c, 0x2b, 0x2c, 0x2b, 0x2a, 0x10, 
	0x1b, 0x35, 0x24, 0x24, 0x24, 0x24, 0x29, 0x0c, 
	0x29, 0x24, 0x24, 0x24, 0x24, 0x24, 0x35, 0x36, 
	0x10, 0x04, 0x04, 0x06, 0x25, 0x1c, 0x0f, 0x37, 
	0x38, 0x39, 0x1c, 0x29, 0x0c, 0x08, 0x2f, 0x14, 
	0x19, 0x11, 0x24, 0x24, 0x24, 0x24, 0x24, 0x29, 
	0x24, 0x24, 0x24, 0x24, 0x24, 0x24, 0x1a, 0x1a, 
	0x14, 0x2b, 0x2c, 0x3a, 0x2a, 0x15, 0x3b, 0x3c, 
	0x3d, 0x3e, 0x08, 0x30, 0x24, 0x2c, 0x2c, 0x23, 
	0x35, 0x1b, 0x29, 0x24, 0x24, 0x24, 0x24, 0x24, 
	0x24, 0x24, 0x24, 0x24, 0x24, 0x24, 0x1a, 0x1a, 
	0x14, 0x2b, 0x2c, 0x2b, 0x15, 0x15, 0x3f, 0x3d, 
	0x40, 0x41, 0x08, 0x33, 0x25, 0x2c, 0x2c, 0x20, 
	0x35, 0x1b, 0x29, 0x24, 0x24, 0x24, 0x24, 0x24, 
	0x24, 0x24, 0x24, 0x24, 0x24, 0x24, 0x28, 0x13, 
	0x1f, 0x29, 0x0f, 0x08, 0x24, 0x42, 0x24, 0x43, 
	0x44, 0x45, 0x2a, 0x0e, 0x06, 0x04, 0x25, 0x1f, 
	0x46, 0x13, 0x24, 0x24, 0x24, 0x24, 0x24, 0x24, 
	0x24, 0x24, 0x24, 0x24, 0x24, 0x24, 0x20, 0x22, 
	0x23, 0x33, 0x24, 0x2c, 0x2c, 0x32, 0x1c, 0x08, 
	0x06, 0x2a, 0x31, 0x2b, 0x2c, 0x2f, 0x15, 0x10, 
	0x47, 0x28, 0x24, 0x24, 0x24, 0x24, 0x24, 0x24, 
	0x0a, 0x24, 0x24, 0x24, 0x24, 0x24, 0x06, 0x48, 
	0x14, 0x49, 0x2b, 0x25, 0x09, 0x0c, 0x4a, 0x26, 
	0x34, 0x15, 0x24, 0x4b, 0x24, 0x2c, 0x1c, 0x23, 
	0x18, 0x2a, 0x24, 0x24, 0x24, 0x24, 0x24, 0x24, 
	0x0a, 0x24, 0x24, 0x24, 0x24, 0x24, 0x24, 0x1a, 
	0x1b, 0x23, 0x27, 0x06, 0x2d, 0x2c, 0x0c, 0x25, 
	0x2d, 0x08, 0x2c, 0x2c, 0x0c, 0x33, 0x10, 0x4c, 
	0x12, 0x29, 0x24, 0x24, 0x24, 0x24, 0x24, 0x0a, 
	0x4d, 0x24, 0x24, 0x24, 0x24, 0x24, 0x24, 0x08, 
	0x18, 0x46, 0x10, 0x0d, 0x2d, 0x2c, 0x0c, 0x25, 
	0x2d, 0x08, 0x2c, 0x2c, 0x0c, 0x10, 0x4e, 0x18, 
	0x2a, 0x24, 0x24, 0x24, 0x24, 0x24, 0x24, 0x0a, 
	0x00, 0x0a, 0x24, 0x24, 0x24, 0x24, 0x24, 0x24, 
	0x1c, 0x18, 0x4f, 0x10, 0x31, 0x0c, 0x50, 0x2f, 
	0x2b, 0x34, 0x29, 0x2a, 0x1f, 0x35, 0x18, 0x14, 
	0x29, 0x24, 0x24, 0x24, 0x24, 0x24, 0x24, 0x0a, 
	0x00, 0x0a, 0x24, 0x24, 0x24, 0x24, 0x24, 0x24, 
	0x24, 0x27, 0x22, 0x1a, 0x1f, 0x10, 0x10, 0x31, 
	0x31, 0x10, 0x10, 0x10, 0x19, 0x18, 0x35, 0x29, 
	0x24, 0x24, 0x24, 0x24, 0x24, 0x24, 0x0a, 0x00, 
	0x00, 0x00, 0x0a, 0x24, 0x24, 0x24, 0x24, 0x24, 
	0x24, 0x29, 0x26, 0x12, 0x22, 0x13, 0x46, 0x35, 
	0x4e, 0x28, 0x11, 0x22, 0x22, 0x1c, 0x29, 0x24, 
	0x24, 0x24, 0x24, 0x24, 0x24, 0x24, 0x0a, 0x00, 
	0x00, 0x00, 0x0a, 0x24, 0x24, 0x24, 0x24, 0x24, 
	0x24, 0x24, 0x24, 0x29, 0x2a, 0x19, 0x12, 0x22, 
	0x22, 0x12, 0x1a, 0x31, 0x0c, 0x24, 0x24, 0x24, 
	0x24, 0x24, 0x24, 0x24, 0x24, 0x0a, 0x00, 0x00, 
	0x00, 0x00, 0x00, 0x0a, 0x24, 0x24, 0x24, 0x24, 
	0x24, 0x24, 0x24, 0x24, 0x24, 0x24, 0x29, 0x04, 
	0x04, 0x0c, 0x24, 0x24, 0x24, 0x24, 0x24, 0x24, 
	0x24, 0x24, 0x24, 0x24, 0x0a, 0x00, 0x00, 0x00, 
	0x00, 0x00, 0x00, 0x00, 0x0a, 0x24, 0x24, 0x24, 
	0x24, 0x24, 0x24, 0x24, 0x24, 0x24, 0x24, 0x24, 
	0x24, 0x24, 0x24, 0x24, 0x24, 0x24, 0x24, 0x24, 
	0x24, 0x24, 0x24, 0x0a, 0x00, 0x00, 0x00, 0x00, 
	0x00, 0x00, 0x00, 0x00, 0x00, 0x0a, 0x24, 0x24, 
	0x24, 0x24, 0x24, 0x24, 0x24, 0x24, 0x24, 0x24, 
	0x24, 0x24, 0x24, 0x24, 0x24, 0x24, 0x24, 0x24, 
	0x24, 0x24, 0x0a, 0x00, 0x00, 0x00, 0x00, 0x00, 
	0x00, 0x00, 0x00, 0x00, 0x00, 0x00, 0x0a, 0x24, 
	0x24, 0x24, 0x24, 0x24, 0x24, 0x24, 0x24, 0x24, 
	0x24, 0x24, 0x24, 0x24, 0x24, 0x24, 0x24, 0x24, 
	0x24, 0x0a, 0x0a, 0x00, 0x00, 0x00, 0x00, 0x00, 
	0x00, 0x00, 0x00, 0x00, 0x00, 0x00, 0x00, 0x0a, 
	0x0a, 0x24, 0x24, 0x24, 0x24, 0x24, 0x24, 0x24, 
	0x24, 0x24, 0x24, 0x24, 0x24, 0x24, 0x24, 0x0a, 
	0x0a, 0x00, 0x00, 0x00, 0x00, 0x00, 0x00, 0x00, 
	0x00, 0x00, 0x00, 0x00, 0x00, 0x00, 0x00, 0x00, 
	0x00, 0x0a, 0x0a, 0x24, 0x24, 0x24, 0x24, 0x24, 
	0x24, 0x24, 0x24, 0x24, 0x24, 0x0a, 0x0a, 0x00, 
	0x00, 0x00, 0x00, 0x00, 0x00, 0x00, 0x00, 0x00, 
	
};

Gfx plane_roues_pal_rgba16_copy_aligner[] = {gsSPEndDisplayList()};
u8 plane_roues_pal_rgba16_copy[] = {
	0x00, 0x00, 0x39, 0xce, 0x39, 0xd0, 0x42, 0x10, 
	0x42, 0x11, 0x4a, 0x13, 0x4a, 0x53, 0x41, 0xd1, 
	0x52, 0x95, 0x5a, 0xd7, 0x29, 0x4a, 0x41, 0xd0, 
	0x39, 0xcf, 0x52, 0x97, 0x39, 0xd1, 0x31, 0x8f, 
	0x9c, 0xe7, 0xce, 0x73, 0xe7, 0x39, 0xd6, 0xb5, 
	0xa5, 0x29, 0x6b, 0x5b, 0x39, 0x8f, 0xc6, 0x33, 
	0xf7, 0xbd, 0xbd, 0xef, 0xc6, 0x31, 0xde, 0xf7, 
	0x7b, 0xdf, 0xa5, 0x6b, 0x94, 0xe7, 0x9c, 0xe9, 
	0x94, 0xa5, 0x8c, 0x65, 0xef, 0x7b, 0x94, 0xa7, 
	0x29, 0x4b, 0x18, 0xc7, 0x63, 0x19, 0x8c, 0x63, 
	0xb5, 0xad, 0x31, 0x8d, 0x73, 0x9d, 0x10, 0x85, 
	0x00, 0x01, 0x08, 0x43, 0x21, 0x4b, 0x21, 0x09, 
	0x84, 0x23, 0x84, 0x21, 0x6b, 0x5d, 0x7b, 0xe1, 
	0x5a, 0xd9, 0xad, 0x6b, 0xd6, 0xb7, 0x5a, 0x4b, 
	0x5a, 0x8b, 0x31, 0x4b, 0x18, 0xc9, 0x39, 0x87, 
	0xa4, 0x93, 0x94, 0x13, 0x62, 0x8b, 0x4a, 0x09, 
	0x7b, 0x93, 0x73, 0x0b, 0x73, 0xdf, 0x73, 0x0d, 
	0x7b, 0x4d, 0x29, 0x49, 0xb5, 0xef, 0xd6, 0xf7, 
	0xff, 0xff, 0x8c, 0xa5, 0x4a, 0x55, 0x52, 0xd7, 
	0xc6, 0x73, 0x31, 0x4c, 0xa5, 0x2b, 0xb5, 0xaf, 
	0x42, 0x13, 
};

Gfx plane_casquette_indexed_ci4_aligner[] = {gsSPEndDisplayList()};
u8 plane_casquette_indexed_ci4[] = {
	0x00, 0x00, 0x00, 0x00, 0x00, 0x00, 0x00, 0x00, 
	0x00, 0x00, 0x00, 0x00, 0x00, 0x00, 0x00, 0x00, 
	0x00, 0x00, 0x00, 0x00, 0x00, 0x00, 0x00, 0x00, 
	0x00, 0x00, 0x00, 0x00, 0x00, 0x00, 0x00, 0x00, 
	0x00, 0x00, 0x00, 0x00, 0x00, 0x00, 0x00, 0x00, 
	0x00, 0x00, 0x00, 0x00, 0x00, 0x00, 0x00, 0x00, 
	0x00, 0x00, 0x00, 0x00, 0x00, 0x00, 0x00, 0x00, 
	0x00, 0x00, 0x00, 0x00, 0x00, 0x00, 0x00, 0x00, 
	0x00, 0x00, 0x00, 0x00, 0x00, 0x00, 0x00, 0x00, 
	0x00, 0x00, 0x00, 0x00, 0x00, 0x00, 0x00, 0x00, 
	0x00, 0x00, 0x00, 0x00, 0x00, 0x00, 0x00, 0x00, 
	0x00, 0x00, 0x00, 0x00, 0x00, 0x00, 0x00, 0x00, 
	0x00, 0x00, 0x00, 0x00, 0x00, 0x00, 0x00, 0x00, 
	0x00, 0x00, 0x00, 0x00, 0x00, 0x00, 0x00, 0x00, 
	0x00, 0x00, 0x00, 0x00, 0x00, 0x00, 0x00, 0x00, 
	0x00, 0x00, 0x00, 0x00, 0x00, 0x00, 0x00, 0x00, 
	0x00, 0x00, 0x00, 0x00, 0x00, 0x00, 0x00, 0x00, 
	0x00, 0x00, 0x00, 0x00, 0x00, 0x00, 0x00, 0x00, 
	0x00, 0x00, 0x00, 0x00, 0x00, 0x00, 0x00, 0x00, 
	0x00, 0x00, 0x00, 0x00, 0x00, 0x00, 0x00, 0x00, 
	0x00, 0x00, 0x00, 0x00, 0x00, 0x00, 0x00, 0x00, 
	0x00, 0x00, 0x00, 0x00, 0x00, 0x00, 0x00, 0x00, 
	0x00, 0x00, 0x00, 0x00, 0x00, 0x00, 0x00, 0x00, 
	0x00, 0x00, 0x00, 0x00, 0x00, 0x00, 0x00, 0x00, 
	0x00, 0x00, 0x00, 0x00, 0x00, 0x00, 0x00, 0x00, 
	0x00, 0x00, 0x00, 0x00, 0x00, 0x00, 0x00, 0x00, 
	0x00, 0x00, 0x00, 0x00, 0x00, 0x00, 0x00, 0x00, 
	0x00, 0x00, 0x00, 0x00, 0x00, 0x00, 0x00, 0x00, 
	0x00, 0x00, 0x00, 0x00, 0x00, 0x00, 0x00, 0x00, 
	0x00, 0x00, 0x00, 0x00, 0x00, 0x00, 0x00, 0x00, 
	0x00, 0x00, 0x00, 0x00, 0x00, 0x00, 0x00, 0x00, 
	0x00, 0x00, 0x00, 0x00, 0x00, 0x00, 0x00, 0x00, 
	0x00, 0x00, 0x00, 0x00, 0x00, 0x00, 0x00, 0x00, 
	0x00, 0x00, 0x00, 0x00, 0x00, 0x00, 0x00, 0x00, 
	0x00, 0x00, 0x00, 0x00, 0x00, 0x00, 0x00, 0x00, 
	0x00, 0x00, 0x00, 0x00, 0x00, 0x00, 0x00, 0x00, 
	0x00, 0x00, 0x00, 0x00, 0x00, 0x00, 0x00, 0x00, 
	0x00, 0x00, 0x00, 0x00, 0x00, 0x00, 0x00, 0x00, 
	0x00, 0x00, 0x00, 0x00, 0x00, 0x00, 0x00, 0x00, 
	0x00, 0x00, 0x00, 0x00, 0x00, 0x00, 0x00, 0x00, 
	0x00, 0x00, 0x00, 0x00, 0x00, 0x00, 0x00, 0x00, 
	0x00, 0x00, 0x00, 0x00, 0x00, 0x00, 0x00, 0x00, 
	0x00, 0x00, 0x00, 0x00, 0x00, 0x00, 0x00, 0x00, 
	0x00, 0x00, 0x00, 0x00, 0x00, 0x00, 0x00, 0x00, 
	0x00, 0x00, 0x00, 0x00, 0x00, 0x00, 0x00, 0x00, 
	0x00, 0x00, 0x00, 0x00, 0x00, 0x00, 0x00, 0x00, 
	0x00, 0x00, 0x00, 0x00, 0x00, 0x00, 0x00, 0x00, 
	0x00, 0x00, 0x00, 0x00, 0x00, 0x00, 0x00, 0x00, 
	0x00, 0x00, 0x00, 0x00, 0x00, 0x00, 0x00, 0x00, 
	0x00, 0x00, 0x00, 0x00, 0x00, 0x00, 0x00, 0x00, 
	0x00, 0x00, 0x00, 0x00, 0x00, 0x00, 0x00, 0x00, 
	0x00, 0x00, 0x00, 0x00, 0x00, 0x00, 0x00, 0x00, 
	0x00, 0x00, 0x00, 0x00, 0x00, 0x00, 0x00, 0x00, 
	0x00, 0x00, 0x00, 0x00, 0x00, 0x00, 0x00, 0x00, 
	0x00, 0x00, 0x00, 0x00, 0x00, 0x00, 0x00, 0x00, 
	0x00, 0x00, 0x00, 0x00, 0x00, 0x00, 0x00, 0x00, 
	0x00, 0x00, 0x00, 0x00, 0x00, 0x00, 0x00, 0x00, 
	0x00, 0x00, 0x00, 0x00, 0x00, 0x00, 0x00, 0x00, 
	0x00, 0x00, 0x00, 0x00, 0x00, 0x00, 0x00, 0x00, 
	0x00, 0x00, 0x00, 0x00, 0x00, 0x00, 0x00, 0x00, 
	0x00, 0x00, 0x00, 0x00, 0x00, 0x00, 0x00, 0x00, 
	0x00, 0x00, 0x00, 0x00, 0x00, 0x00, 0x00, 0x00, 
	0x00, 0x00, 0x00, 0x00, 0x00, 0x00, 0x00, 0x00, 
	0x00, 0x00, 0x00, 0x00, 0x00, 0x00, 0x00, 0x00, 
	0x00, 0x00, 0x00, 0x00, 0x00, 0x00, 0x00, 0x00, 
	0x00, 0x00, 0x00, 0x00, 0x00, 0x00, 0x00, 0x00, 
	0x00, 0x00, 0x00, 0x00, 0x00, 0x00, 0x00, 0x00, 
	0x00, 0x00, 0x00, 0x00, 0x00, 0x00, 0x00, 0x00, 
	0x00, 0x00, 0x00, 0x00, 0x00, 0x00, 0x00, 0x00, 
	0x00, 0x00, 0x00, 0x00, 0x00, 0x00, 0x00, 0x00, 
	0x00, 0x00, 0x00, 0x00, 0x00, 0x00, 0x00, 0x00, 
	0x00, 0x00, 0x00, 0x00, 0x00, 0x00, 0x00, 0x00, 
	0x00, 0x00, 0x00, 0x00, 0x00, 0x00, 0x00, 0x00, 
	0x00, 0x00, 0x00, 0x00, 0x00, 0x00, 0x00, 0x00, 
	0x00, 0x00, 0x00, 0x00, 0x00, 0x00, 0x00, 0x00, 
	0x00, 0x00, 0x00, 0x00, 0x00, 0x00, 0x00, 0x00, 
	0x00, 0x00, 0x00, 0x00, 0x00, 0x00, 0x00, 0x00, 
	0x00, 0x00, 0x00, 0x00, 0x00, 0x00, 0x00, 0x00, 
	0x00, 0x00, 0x00, 0x00, 0x00, 0x00, 0x00, 0x00, 
	0x00, 0x00, 0x00, 0x00, 0x00, 0x00, 0x00, 0x00, 
	0x00, 0x00, 0x00, 0x00, 0x00, 0x00, 0x00, 0x00, 
	0x00, 0x00, 0x00, 0x00, 0x00, 0x00, 0x00, 0x11, 
	0x11, 0x11, 0x10, 0x00, 0x00, 0x00, 0x00, 0x00, 
	0x00, 0x00, 0x00, 0x00, 0x00, 0x00, 0x00, 0x00, 
	0x00, 0x00, 0x00, 0x00, 0x00, 0x00, 0x00, 0x00, 
	0x00, 0x00, 0x00, 0x00, 0x01, 0x11, 0x12, 0x33, 
	0x33, 0x33, 0x33, 0x21, 0x11, 0x00, 0x00, 0x00, 
	0x00, 0x00, 0x00, 0x00, 0x00, 0x00, 0x00, 0x00, 
	0x00, 0x00, 0x00, 0x00, 0x00, 0x00, 0x00, 0x00, 
	0x00, 0x00, 0x00, 0x11, 0x23, 0x44, 0x45, 0x55, 
	0x55, 0x55, 0x55, 0x44, 0x43, 0x21, 0x10, 0x00, 
	0x00, 0x00, 0x00, 0x00, 0x00, 0x00, 0x00, 0x00, 
	0x00, 0x00, 0x00, 0x00, 0x00, 0x00, 0x00, 0x00, 
	0x00, 0x00, 0x12, 0x24, 0x45, 0x55, 0x55, 0x55, 
	0x55, 0x55, 0x55, 0x55, 0x55, 0x54, 0x32, 0x10, 
	0x00, 0x00, 0x00, 0x00, 0x00, 0x00, 0x00, 0x00, 
	0x00, 0x00, 0x00, 0x00, 0x00, 0x00, 0x00, 0x00, 
	0x00, 0x12, 0x24, 0x55, 0x55, 0x55, 0x55, 0x55, 
	0x55, 0x55, 0x55, 0x55, 0x55, 0x55, 0x54, 0x22, 
	0x10, 0x00, 0x00, 0x00, 0x00, 0x00, 0x00, 0x00, 
	0x00, 0x00, 0x00, 0x00, 0x00, 0x00, 0x00, 0x00, 
	0x02, 0x24, 0x55, 0x55, 0x55, 0x55, 0x55, 0x55, 
	0x55, 0x55, 0x55, 0x55, 0x55, 0x55, 0x55, 0x54, 
	0x32, 0x00, 0x00, 0x00, 0x00, 0x00, 0x00, 0x00, 
	0x00, 0x00, 0x00, 0x00, 0x00, 0x00, 0x00, 0x00, 
	0x24, 0x55, 0x55, 0x55, 0x55, 0x55, 0x55, 0x55, 
	0x55, 0x55, 0x55, 0x55, 0x55, 0x55, 0x55, 0x55, 
	0x54, 0x21, 0x00, 0x00, 0x00, 0x00, 0x00, 0x00, 
	0x00, 0x00, 0x00, 0x00, 0x00, 0x00, 0x00, 0x12, 
	0x55, 0x55, 0x55, 0x55, 0x55, 0x55, 0x55, 0x55, 
	0x55, 0x55, 0x55, 0x55, 0x55, 0x55, 0x55, 0x55, 
	0x55, 0x53, 0x20, 0x00, 0x00, 0x00, 0x00, 0x00, 
	0x00, 0x00, 0x00, 0x00, 0x00, 0x00, 0x02, 0x35, 
	0x53, 0x32, 0x22, 0x22, 0x22, 0x45, 0x55, 0x55, 
	0x55, 0x55, 0x55, 0x52, 0x23, 0x22, 0x22, 0x22, 
	0x55, 0x55, 0x32, 0x00, 0x00, 0x00, 0x00, 0x00, 
	0x00, 0x00, 0x00, 0x00, 0x00, 0x00, 0x23, 0x55, 
	0x52, 0x66, 0x66, 0x66, 0x66, 0x45, 0x55, 0x55, 
	0x55, 0x55, 0x55, 0x42, 0x66, 0x66, 0x66, 0x60, 
	0x55, 0x55, 0x52, 0x20, 0x00, 0x00, 0x00, 0x00, 
	0x00, 0x00, 0x00, 0x00, 0x00, 0x02, 0x25, 0x55, 
	0x53, 0x66, 0x66, 0x66, 0x66, 0x24, 0x55, 0x55, 
	0x55, 0x55, 0x55, 0x71, 0x66, 0x66, 0x66, 0x67, 
	0x55, 0x55, 0x55, 0x31, 0x00, 0x00, 0x00, 0x00, 
	0x00, 0x00, 0x00, 0x00, 0x00, 0x12, 0x45, 0x55, 
	0x52, 0x66, 0x66, 0x66, 0x66, 0x12, 0x55, 0x55, 
	0x55, 0x55, 0x54, 0x76, 0x66, 0x66, 0x66, 0x67, 
	0x55, 0x55, 0x55, 0x52, 0x00, 0x00, 0x00, 0x00, 
	0x00, 0x00, 0x00, 0x00, 0x00, 0x24, 0x55, 0x55, 
	0x52, 0x66, 0x66, 0x66, 0x66, 0x67, 0x55, 0x55, 
	0x55, 0x55, 0x53, 0x16, 0x66, 0x66, 0x66, 0x67, 
	0x55, 0x55, 0x55, 0x54, 0x20, 0x00, 0x00, 0x00, 
	0x00, 0x00, 0x00, 0x00, 0x01, 0x25, 0x55, 0x55, 
	0x52, 0x66, 0x66, 0x66, 0x66, 0x67, 0x25, 0x55, 
	0x55, 0x55, 0x37, 0x66, 0x66, 0x66, 0x66, 0x67, 
	0x55, 0x55, 0x55, 0x55, 0x31, 0x00, 0x00, 0x00, 
	0x00, 0x00, 0x00, 0x00, 0x02, 0x45, 0x55, 0x55, 
	0x52, 0x66, 0x66, 0x66, 0x66, 0x66, 0x75, 0x55, 
	0x55, 0x55, 0x26, 0x66, 0x66, 0x66, 0x66, 0x67, 
	0x55, 0x55, 0x55, 0x55, 0x42, 0x00, 0x00, 0x00, 
	0x00, 0x00, 0x00, 0x00, 0x12, 0x55, 0x55, 0x55, 
	0x52, 0x66, 0x66, 0x66, 0x66, 0x66, 0x72, 0x55, 
	0x55, 0x52, 0x76, 0x66, 0x66, 0x66, 0x66, 0x67, 
	0x55, 0x55, 0x55, 0x55, 0x53, 0x10, 0x00, 0x00, 
	0x00, 0x00, 0x00, 0x00, 0x14, 0x55, 0x55, 0x55, 
	0x52, 0x66, 0x66, 0x66, 0x16, 0x66, 0x62, 0x45, 
	0x55, 0x47, 0x16, 0x66, 0x66, 0x66, 0x66, 0x67, 
	0x55, 0x55, 0x55, 0x55, 0x54, 0x10, 0x00, 0x00, 
	0x00, 0x00, 0x00, 0x00, 0x74, 0x55, 0x55, 0x55, 
	0x52, 0x66, 0x66, 0x66, 0x21, 0x66, 0x61, 0x25, 
	0x54, 0x21, 0x66, 0x67, 0x76, 0x66, 0x66, 0x67, 
	0x55, 0x55, 0x55, 0x55, 0x54, 0x20, 0x00, 0x00, 
	0x00, 0x00, 0x00, 0x01, 0x35, 0x55, 0x55, 0x55, 
	0x52, 0x66, 0x66, 0x66, 0x72, 0x66, 0x66, 0x74, 
	0x54, 0x76, 0x66, 0x62, 0x76, 0x66, 0x66, 0x67, 
	0x55, 0x55, 0x55, 0x55, 0x55, 0x30, 0x00, 0x00, 
	0x00, 0x00, 0x00, 0x01, 0x35, 0x55, 0x55, 0x55, 
	0x52, 0x66, 0x66, 0x66, 0x22, 0x76, 0x66, 0x62, 
	0x32, 0x66, 0x66, 0x22, 0x26, 0x66, 0x66, 0x67, 
	0x55, 0x55, 0x55, 0x55, 0x55, 0x31, 0x00, 0x00, 
	0x00, 0x00, 0x00, 0x01, 0x35, 0x55, 0x55, 0x55, 
	0x52, 0x66, 0x66, 0x66, 0x22, 0x76, 0x66, 0x67, 
	0x27, 0x66, 0x66, 0x35, 0x76, 0x66, 0x66, 0x67, 
	0x55, 0x55, 0x55, 0x55, 0x55, 0x31, 0x00, 0x00, 
	0x00, 0x00, 0x00, 0x01, 0x25, 0x55, 0x55, 0x55, 
	0x52, 0x66, 0x66, 0x66, 0x75, 0x47, 0x66, 0x66, 
	0x66, 0x66, 0x67, 0x45, 0x76, 0x66, 0x66, 0x67, 
	0x55, 0x55, 0x55, 0x55, 0x55, 0x31, 0x00, 0x00, 
	0x00, 0x00, 0x00, 0x01, 0x35, 0x55, 0x55, 0x55, 
	0x52, 0x66, 0x66, 0x66, 0x75, 0x53, 0x66, 0x66, 
	0x66, 0x66, 0x63, 0x55, 0x26, 0x66, 0x66, 0x67, 
	0x55, 0x55, 0x55, 0x55, 0x55, 0x31, 0x00, 0x00, 
	0x00, 0x00, 0x00, 0x01, 0x35, 0x55, 0x55, 0x55, 
	0x52, 0x66, 0x66, 0x66, 0x75, 0x54, 0x76, 0x66, 
	0x66, 0x66, 0x74, 0x55, 0x76, 0x66, 0x66, 0x67, 
	0x55, 0x55, 0x55, 0x55, 0x55, 0x30, 0x00, 0x00, 
	0x00, 0x00, 0x00, 0x00, 0x34, 0x55, 0x55, 0x55, 
	0x52, 0x66, 0x66, 0x66, 0x75, 0x54, 0x26, 0x66, 
	0x66, 0x66, 0x34, 0x55, 0x26, 0x66, 0x66, 0x67, 
	0x55, 0x55, 0x55, 0x55, 0x54, 0x20, 0x00, 0x00, 
	0x00, 0x00, 0x00, 0x00, 0x24, 0x55, 0x55, 0x55, 
	0x52, 0x66, 0x66, 0x66, 0x25, 0x55, 0x47, 0x66, 
	0x66, 0x67, 0x45, 0x55, 0x26, 0x66, 0x66, 0x67, 
	0x55, 0x55, 0x55, 0x55, 0x54, 0x10, 0x00, 0x00, 
	0x00, 0x00, 0x00, 0x00, 0x12, 0x55, 0x55, 0x55, 
	0x52, 0x66, 0x66, 0x66, 0x75, 0x55, 0x42, 0x66, 
	0x66, 0x62, 0x55, 0x55, 0x26, 0x66, 0x66, 0x67, 
	0x55, 0x55, 0x55, 0x55, 0x52, 0x10, 0x00, 0x00, 
	0x00, 0x00, 0x00, 0x00, 0x07, 0x45, 0x55, 0x55, 
	0x52, 0x66, 0x66, 0x66, 0x25, 0x55, 0x52, 0x77, 
	0x77, 0x74, 0x55, 0x55, 0x26, 0x66, 0x66, 0x67, 
	0x55, 0x55, 0x55, 0x55, 0x42, 0x00, 0x00, 0x00, 
	0x00, 0x00, 0x00, 0x00, 0x01, 0x35, 0x55, 0x55, 
	0x52, 0x66, 0x66, 0x66, 0x75, 0x55, 0x55, 0x45, 
	0x54, 0x55, 0x55, 0x55, 0x26, 0x66, 0x66, 0x67, 
	0x55, 0x55, 0x55, 0x55, 0x21, 0x00, 0x00, 0x00, 
	0x00, 0x00, 0x00, 0x00, 0x00, 0x24, 0x55, 0x55, 
	0x52, 0x66, 0x66, 0x66, 0x25, 0x55, 0x55, 0x55, 
	0x55, 0x55, 0x55, 0x55, 0x76, 0x66, 0x66, 0x67, 
	0x55, 0x55, 0x55, 0x54, 0x20, 0x00, 0x00, 0x00, 
	0x00, 0x00, 0x00, 0x00, 0x00, 0x12, 0x55, 0x55, 
	0x52, 0x66, 0x66, 0x66, 0x75, 0x55, 0x55, 0x55, 
	0x55, 0x55, 0x55, 0x55, 0x26, 0x66, 0x66, 0x67, 
	0x55, 0x55, 0x55, 0x53, 0x10, 0x00, 0x00, 0x00, 
	0x00, 0x00, 0x00, 0x00, 0x00, 0x02, 0x25, 0x55, 
	0x52, 0x66, 0x66, 0x66, 0x25, 0x55, 0x55, 0x55, 
	0x55, 0x55, 0x55, 0x55, 0x76, 0x66, 0x66, 0x67, 
	0x55, 0x55, 0x55, 0x22, 0x00, 0x00, 0x00, 0x00, 
	0x00, 0x00, 0x00, 0x00, 0x00, 0x00, 0x22, 0x55, 
	0x52, 0x66, 0x66, 0x66, 0x75, 0x55, 0x55, 0x55, 
	0x55, 0x55, 0x55, 0x55, 0x26, 0x66, 0x66, 0x67, 
	0x55, 0x55, 0x52, 0x20, 0x00, 0x00, 0x00, 0x00, 
	0x00, 0x00, 0x00, 0x00, 0x00, 0x00, 0x02, 0x35, 
	0x52, 0x66, 0x66, 0x66, 0x25, 0x55, 0x55, 0x55, 
	0x55, 0x55, 0x55, 0x55, 0x26, 0x66, 0x66, 0x67, 
	0x55, 0x55, 0x22, 0x00, 0x00, 0x00, 0x00, 0x00, 
	0x00, 0x00, 0x00, 0x00, 0x00, 0x00, 0x01, 0x33, 
	0x43, 0x72, 0x72, 0x72, 0x25, 0x55, 0x55, 0x55, 
	0x55, 0x55, 0x55, 0x55, 0x22, 0x72, 0x77, 0x27, 
	0x55, 0x42, 0x20, 0x00, 0x00, 0x00, 0x00, 0x00, 
	0x00, 0x00, 0x00, 0x00, 0x00, 0x00, 0x01, 0x73, 
	0x24, 0x55, 0x55, 0x55, 0x55, 0x55, 0x55, 0x55, 
	0x55, 0x55, 0x55, 0x55, 0x55, 0x55, 0x55, 0x55, 
	0x54, 0x22, 0x00, 0x00, 0x00, 0x00, 0x00, 0x00, 
	0x00, 0x00, 0x00, 0x00, 0x00, 0x00, 0x00, 0x11, 
	0x12, 0x24, 0x55, 0x55, 0x55, 0x55, 0x55, 0x55, 
	0x55, 0x55, 0x55, 0x55, 0x55, 0x55, 0x55, 0x54, 
	0x27, 0x10, 0x00, 0x00, 0x00, 0x00, 0x00, 0x00, 
	0x00, 0x00, 0x00, 0x00, 0x00, 0x00, 0x00, 0x00, 
	0x00, 0x02, 0x44, 0x55, 0x55, 0x55, 0x55, 0x55, 
	0x55, 0x55, 0x55, 0x55, 0x55, 0x55, 0x54, 0x42, 
	0x10, 0x00, 0x00, 0x00, 0x00, 0x00, 0x00, 0x00, 
	0x00, 0x00, 0x00, 0x00, 0x00, 0x00, 0x00, 0x00, 
	0x00, 0x01, 0x12, 0x24, 0x55, 0x55, 0x55, 0x55, 
	0x55, 0x55, 0x55, 0x55, 0x55, 0x54, 0x22, 0x00, 
	0x00, 0x00, 0x00, 0x00, 0x00, 0x00, 0x00, 0x00, 
	0x00, 0x00, 0x00, 0x00, 0x00, 0x00, 0x00, 0x00, 
	0x00, 0x00, 0x00, 0x12, 0x33, 0x44, 0x45, 0x55, 
	0x55, 0x55, 0x54, 0x54, 0x23, 0x32, 0x10, 0x00, 
	0x00, 0x00, 0x00, 0x00, 0x00, 0x00, 0x00, 0x00, 
	0x00, 0x00, 0x00, 0x00, 0x00, 0x00, 0x00, 0x00, 
	0x00, 0x00, 0x00, 0x00, 0x11, 0x12, 0x22, 0x33, 
	0x33, 0x23, 0x32, 0x22, 0x11, 0x01, 0x00, 0x00, 
	0x00, 0x00, 0x00, 0x00, 0x00, 0x00, 0x00, 0x00, 
	0x00, 0x00, 0x00, 0x00, 0x00, 0x00, 0x00, 0x00, 
	0x00, 0x00, 0x00, 0x00, 0x00, 0x00, 0x11, 0x11, 
	0x11, 0x11, 0x11, 0x10, 0x00, 0x00, 0x00, 0x00, 
	0x00, 0x00, 0x00, 0x00, 0x00, 0x00, 0x00, 0x00, 
	0x00, 0x00, 0x00, 0x00, 0x00, 0x00, 0x00, 0x00, 
	0x00, 0x00, 0x00, 0x00, 0x00, 0x00, 0x00, 0x00, 
	0x00, 0x00, 0x00, 0x00, 0x00, 0x00, 0x00, 0x00, 
	0x00, 0x00, 0x00, 0x00, 0x00, 0x00, 0x00, 0x00, 
	0x00, 0x00, 0x00, 0x00, 0x00, 0x00, 0x00, 0x00, 
	0x00, 0x00, 0x00, 0x00, 0x00, 0x00, 0x00, 0x00, 
	0x00, 0x00, 0x00, 0x00, 0x00, 0x00, 0x00, 0x00, 
	0x00, 0x00, 0x00, 0x00, 0x00, 0x00, 0x00, 0x00, 
	
};

Gfx plane_casquette_indexed_pal_rgba16_aligner[] = {gsSPEndDisplayList()};
u8 plane_casquette_indexed_pal_rgba16[] = {
	0xf9, 0x51, 0xa8, 0xc9, 0x20, 0x43, 0x00, 0x01, 
	0x63, 0x19, 0xf7, 0xbd, 0xe8, 0x43, 0x58, 0x01, 
	
};

Vtx plane_avion_mesh_layer_5_vtx_0[7] = {
	{{ {-96, -271, -807}, 0, {507, 1118}, {255, 255, 255, 255} }},
	{{ {-97, -240, -860}, 0, {978, 847}, {255, 255, 255, 255} }},
	{{ {-97, -276, -929}, 0, {1004, 160}, {255, 255, 255, 255} }},
	{{ {-96, -335, -807}, 0, {16, 835}, {255, 255, 255, 255} }},
	{{ {-97, -354, -907}, 0, {311, -13}, {239, 239, 239, 255} }},
	{{ {-97, -308, -929}, 0, {763, 21}, {255, 255, 255, 255} }},
	{{ {-97, -372, -875}, 0, {35, 147}, {255, 255, 255, 255} }},
};

Gfx plane_avion_mesh_layer_5_tri_0[] = {
	gsSPVertex(plane_avion_mesh_layer_5_vtx_0 + 0, 7, 0),
	gsSP1Triangle(0, 1, 2, 0),
	gsSP1Triangle(3, 0, 2, 0),
	gsSP1Triangle(2, 4, 3, 0),
	gsSP1Triangle(2, 5, 4, 0),
	gsSP1Triangle(4, 6, 3, 0),
	gsSPEndDisplayList(),
};

Vtx plane_avion_mesh_layer_5_vtx_1[35] = {
	{{ {-16, -288, 1272}, 0, {507, 1118}, {255, 255, 255, 255} }},
	{{ {-16, -257, 1218}, 0, {978, 847}, {255, 255, 255, 255} }},
	{{ {-17, -294, 1150}, 0, {1004, 160}, {255, 255, 255, 255} }},
	{{ {-16, -352, 1272}, 0, {16, 835}, {255, 255, 255, 255} }},
	{{ {-17, -372, 1172}, 0, {311, -13}, {255, 255, 255, 255} }},
	{{ {-17, -325, 1150}, 0, {763, 21}, {255, 255, 255, 255} }},
	{{ {-16, -390, 1203}, 0, {35, 147}, {255, 255, 255, 255} }},
	{{ {38, -294, 1149}, 0, {1004, 160}, {86, 86, 86, 255} }},
	{{ {39, -257, 1218}, 0, {978, 847}, {201, 201, 201, 255} }},
	{{ {39, -288, 1271}, 0, {507, 1118}, {177, 177, 177, 255} }},
	{{ {38, -325, 1149}, 0, {763, 21}, {71, 71, 71, 255} }},
	{{ {38, -390, 1203}, 0, {35, 147}, {155, 155, 155, 255} }},
	{{ {39, -352, 1271}, 0, {16, 835}, {108, 108, 108, 255} }},
	{{ {38, -372, 1172}, 0, {311, -13}, {191, 191, 191, 255} }},
	{{ {-45, -276, -929}, 0, {1004, 160}, {255, 255, 255, 255} }},
	{{ {-45, -240, -860}, 0, {978, 847}, {255, 255, 255, 255} }},
	{{ {-44, -271, -807}, 0, {507, 1118}, {255, 255, 255, 255} }},
	{{ {-45, -308, -929}, 0, {763, 21}, {255, 255, 255, 255} }},
	{{ {-45, -372, -876}, 0, {35, 147}, {255, 255, 255, 255} }},
	{{ {-44, -335, -807}, 0, {16, 835}, {168, 168, 168, 255} }},
	{{ {-45, -354, -907}, 0, {311, -13}, {255, 255, 255, 255} }},
	{{ {113, -276, -930}, 0, {1004, 160}, {255, 255, 255, 255} }},
	{{ {114, -240, -861}, 0, {978, 847}, {255, 255, 255, 255} }},
	{{ {114, -271, -808}, 0, {507, 1118}, {255, 255, 255, 255} }},
	{{ {113, -308, -930}, 0, {763, 21}, {255, 255, 255, 255} }},
	{{ {113, -372, -876}, 0, {35, 147}, {255, 255, 255, 255} }},
	{{ {114, -335, -808}, 0, {16, 835}, {255, 255, 255, 255} }},
	{{ {113, -354, -908}, 0, {311, -13}, {242, 242, 242, 255} }},
	{{ {59, -271, -807}, 0, {507, 1118}, {255, 255, 255, 255} }},
	{{ {58, -240, -861}, 0, {978, 847}, {249, 249, 249, 255} }},
	{{ {58, -276, -930}, 0, {1004, 160}, {73, 73, 73, 255} }},
	{{ {59, -335, -807}, 0, {16, 835}, {255, 255, 255, 255} }},
	{{ {58, -354, -907}, 0, {311, -13}, {226, 226, 226, 255} }},
	{{ {58, -308, -930}, 0, {763, 21}, {232, 232, 232, 255} }},
	{{ {58, -372, -876}, 0, {35, 147}, {255, 255, 255, 255} }},
};

Gfx plane_avion_mesh_layer_5_tri_1[] = {
	gsSPVertex(plane_avion_mesh_layer_5_vtx_1 + 0, 14, 0),
	gsSP1Triangle(0, 1, 2, 0),
	gsSP1Triangle(3, 0, 2, 0),
	gsSP1Triangle(2, 4, 3, 0),
	gsSP1Triangle(2, 5, 4, 0),
	gsSP1Triangle(4, 6, 3, 0),
	gsSP1Triangle(7, 8, 9, 0),
	gsSP1Triangle(10, 7, 9, 0),
	gsSP1Triangle(9, 11, 10, 0),
	gsSP1Triangle(9, 12, 11, 0),
	gsSP1Triangle(11, 13, 10, 0),
	gsSPVertex(plane_avion_mesh_layer_5_vtx_1 + 14, 14, 0),
	gsSP1Triangle(0, 1, 2, 0),
	gsSP1Triangle(3, 0, 2, 0),
	gsSP1Triangle(2, 4, 3, 0),
	gsSP1Triangle(2, 5, 4, 0),
	gsSP1Triangle(4, 6, 3, 0),
	gsSP1Triangle(7, 8, 9, 0),
	gsSP1Triangle(10, 7, 9, 0),
	gsSP1Triangle(9, 11, 10, 0),
	gsSP1Triangle(9, 12, 11, 0),
	gsSP1Triangle(11, 13, 10, 0),
	gsSPVertex(plane_avion_mesh_layer_5_vtx_1 + 28, 7, 0),
	gsSP1Triangle(0, 1, 2, 0),
	gsSP1Triangle(3, 0, 2, 0),
	gsSP1Triangle(2, 4, 3, 0),
	gsSP1Triangle(2, 5, 4, 0),
	gsSP1Triangle(4, 6, 3, 0),
	gsSPEndDisplayList(),
};

Vtx plane_avion_mesh_layer_1_vtx_0[172] = {
	{{ {-104, -53, 1513}, 0, {343, 370}, {72, 72, 72, 255} }},
	{{ {14, -39, 1609}, 0, {387, 502}, {71, 71, 71, 255} }},
	{{ {-45, 48, 1513}, 0, {431, 370}, {71, 71, 71, 255} }},
	{{ {-146, -61, 1327}, 0, {345, 239}, {73, 73, 73, 255} }},
	{{ {-104, -53, 1513}, 0, {345, 372}, {72, 72, 72, 255} }},
	{{ {-45, 48, 1513}, 0, {434, 372}, {71, 71, 71, 255} }},
	{{ {-67, 77, 1327}, 0, {434, 239}, {71, 71, 71, 255} }},
	{{ {-117, 223, 960}, 0, {434, 239}, {51, 49, 49, 255} }},
	{{ {-244, -61, 961}, 0, {345, 239}, {72, 70, 69, 255} }},
	{{ {-124, 223, -507}, 0, {434, 239}, {51, 50, 49, 255} }},
	{{ {-251, -61, -506}, 0, {345, 239}, {72, 70, 69, 255} }},
	{{ {-100, 194, -978}, 0, {434, 239}, {55, 54, 54, 255} }},
	{{ {-202, -39, -978}, 0, {345, 239}, {72, 70, 69, 255} }},
	{{ {-76, 150, -1201}, 0, {434, 239}, {71, 69, 68, 255} }},
	{{ {-151, 0, -1201}, 0, {345, 239}, {125, 125, 125, 255} }},
	{{ {-45, 48, 1513}, 0, {470, 380}, {71, 71, 71, 255} }},
	{{ {14, -39, 1609}, 0, {515, 513}, {71, 71, 71, 255} }},
	{{ {72, 48, 1512}, 0, {559, 380}, {71, 71, 71, 255} }},
	{{ {-67, 77, 1327}, 0, {470, 247}, {71, 71, 71, 255} }},
	{{ {92, 77, 1326}, 0, {559, 247}, {71, 71, 71, 255} }},
	{{ {131, -53, 1512}, 0, {647, 380}, {71, 71, 71, 255} }},
	{{ {14, -39, 1609}, 0, {603, 513}, {71, 71, 71, 255} }},
	{{ {171, -61, 1325}, 0, {647, 247}, {77, 77, 77, 255} }},
	{{ {265, -61, 958}, 0, {647, 247}, {107, 107, 107, 255} }},
	{{ {138, 223, 959}, 0, {559, 247}, {71, 71, 71, 255} }},
	{{ {131, 223, -508}, 0, {559, 247}, {72, 70, 69, 255} }},
	{{ {198, 76, -256}, 0, {605, 247}, {80, 78, 78, 255} }},
	{{ {260, -61, -242}, 0, {647, 247}, {79, 79, 79, 255} }},
	{{ {196, 80, -382}, 0, {603, 247}, {71, 71, 71, 255} }},
	{{ {258, -61, -509}, 0, {647, 247}, {82, 82, 82, 255} }},
	{{ {259, -61, -364}, 0, {647, 247}, {71, 71, 71, 255} }},
	{{ {131, 223, -508}, 0, {559, 247}, {72, 70, 69, 255} }},
	{{ {258, -61, -509}, 0, {647, 247}, {82, 82, 82, 255} }},
	{{ {204, -39, -980}, 0, {647, 247}, {71, 68, 68, 255} }},
	{{ {102, 194, -979}, 0, {559, 247}, {72, 70, 70, 255} }},
	{{ {151, 0, -1203}, 0, {647, 247}, {95, 95, 95, 255} }},
	{{ {76, 150, -1202}, 0, {559, 247}, {39, 37, 37, 255} }},
	{{ {-100, 194, -978}, 0, {470, 247}, {55, 54, 54, 255} }},
	{{ {-76, 150, -1201}, 0, {470, 247}, {71, 69, 68, 255} }},
	{{ {-124, 223, -507}, 0, {470, 247}, {51, 50, 49, 255} }},
	{{ {-117, 223, 960}, 0, {470, 247}, {51, 49, 49, 255} }},
	{{ {138, 223, 959}, 0, {559, 247}, {71, 71, 71, 255} }},
	{{ {-67, 77, 1327}, 0, {470, 247}, {71, 71, 71, 255} }},
	{{ {92, 77, 1326}, 0, {559, 247}, {71, 71, 71, 255} }},
	{{ {76, 150, -1202}, 0, {934, 1147}, {39, 37, 37, 255} }},
	{{ {151, 0, -1203}, 0, {957, 1159}, {95, 95, 95, 255} }},
	{{ {76, -131, -1202}, 0, {977, 1147}, {72, 27, 28, 255} }},
	{{ {76, -131, -1202}, 0, {977, 1147}, {72, 27, 28, 255} }},
	{{ {-151, 0, -1201}, 0, {957, 1113}, {125, 125, 125, 255} }},
	{{ {76, 150, -1202}, 0, {934, 1147}, {39, 37, 37, 255} }},
	{{ {-76, -131, -1201}, 0, {977, 1125}, {72, 26, 28, 255} }},
	{{ {-76, 150, -1201}, 0, {934, 1125}, {71, 69, 68, 255} }},
	{{ {-199, 124, 445}, 0, {699, 733}, {64, 62, 61, 255} }},
	{{ {-710, 204, 116}, 0, {694, 733}, {78, 77, 76, 255} }},
	{{ {-1102, 266, 216}, 0, {303, 733}, {117, 117, 117, 255} }},
	{{ {-657, 166, 114}, 0, {733, 733}, {93, 90, 88, 255} }},
	{{ {-195, 94, 412}, 0, {733, 733}, {46, 45, 44, 255} }},
	{{ {-139, 94, 428}, 0, {733, 696}, {71, 71, 71, 255} }},
	{{ {-139, 124, 458}, 0, {706, 696}, {76, 76, 76, 255} }},
	{{ {-197, 124, 897}, 0, {294, 733}, {71, 71, 71, 255} }},
	{{ {-1941, 366, -378}, 0, {259, 733}, {71, 71, 71, 255} }},
	{{ {-1935, 396, -412}, 0, {311, 733}, {71, 71, 71, 255} }},
	{{ {-1936, 396, -673}, 0, {682, 733}, {119, 119, 119, 255} }},
	{{ {-1941, 366, -712}, 0, {733, 733}, {167, 167, 167, 255} }},
	{{ {-1936, 396, -673}, 0, {682, 733}, {119, 119, 119, 255} }},
	{{ {-710, 204, 116}, 0, {694, 733}, {78, 77, 76, 255} }},
	{{ {-657, 166, 114}, 0, {733, 733}, {93, 90, 88, 255} }},
	{{ {-195, 57, 412}, 0, {733, 733}, {47, 45, 44, 255} }},
	{{ {-195, 94, 412}, 0, {733, 733}, {46, 45, 44, 255} }},
	{{ {-139, 57, 428}, 0, {733, 696}, {48, 47, 46, 255} }},
	{{ {-139, 94, 428}, 0, {733, 696}, {71, 71, 71, 255} }},
	{{ {187, 94, 426}, 0, {733, 296}, {71, 71, 71, 255} }},
	{{ {188, 124, 457}, 0, {706, 296}, {71, 71, 71, 255} }},
	{{ {-139, 124, 458}, 0, {706, 696}, {76, 76, 76, 255} }},
	{{ {-136, 124, 928}, 0, {286, 696}, {71, 71, 71, 255} }},
	{{ {-197, 124, 897}, 0, {294, 733}, {71, 71, 71, 255} }},
	{{ {-136, 94, 958}, 0, {259, 696}, {72, 72, 72, 255} }},
	{{ {-191, 94, 940}, 0, {259, 733}, {71, 71, 71, 255} }},
	{{ {-1941, 366, -378}, 0, {259, 733}, {71, 71, 71, 255} }},
	{{ {-1941, 366, -378}, 0, {259, 733}, {71, 71, 71, 255} }},
	{{ {-191, 57, 940}, 0, {259, 733}, {71, 71, 71, 255} }},
	{{ {-191, 94, 940}, 0, {259, 733}, {71, 71, 71, 255} }},
	{{ {-1941, 329, -378}, 0, {259, 733}, {71, 71, 71, 255} }},
	{{ {-1965, 329, -427}, 0, {303, 733}, {74, 74, 74, 255} }},
	{{ {-1965, 366, -427}, 0, {303, 733}, {71, 71, 71, 255} }},
	{{ {-1935, 396, -412}, 0, {311, 733}, {71, 71, 71, 255} }},
	{{ {-1936, 396, -673}, 0, {682, 733}, {119, 119, 119, 255} }},
	{{ {-1966, 366, -698}, 0, {689, 733}, {71, 71, 71, 255} }},
	{{ {-1941, 366, -712}, 0, {733, 733}, {167, 167, 167, 255} }},
	{{ {-1941, 329, -712}, 0, {733, 733}, {138, 138, 138, 255} }},
	{{ {-195, 57, 412}, 0, {733, 733}, {47, 45, 44, 255} }},
	{{ {-1936, 298, -673}, 0, {682, 733}, {71, 71, 71, 255} }},
	{{ {-199, 26, 445}, 0, {699, 733}, {71, 71, 71, 255} }},
	{{ {-139, 57, 428}, 0, {733, 696}, {48, 47, 46, 255} }},
	{{ {-139, 26, 458}, 0, {706, 696}, {71, 71, 71, 255} }},
	{{ {-139, 26, 458}, 0, {706, 696}, {71, 71, 71, 255} }},
	{{ {-139, 57, 428}, 0, {733, 696}, {48, 47, 46, 255} }},
	{{ {187, 57, 426}, 0, {733, 296}, {72, 72, 72, 255} }},
	{{ {187, 94, 426}, 0, {733, 296}, {71, 71, 71, 255} }},
	{{ {243, 57, 409}, 0, {733, 259}, {71, 71, 71, 255} }},
	{{ {243, 94, 409}, 0, {733, 259}, {71, 71, 71, 255} }},
	{{ {248, 124, 442}, 0, {699, 259}, {71, 71, 71, 255} }},
	{{ {188, 124, 457}, 0, {706, 296}, {71, 71, 71, 255} }},
	{{ {190, 124, 926}, 0, {286, 296}, {71, 71, 71, 255} }},
	{{ {-136, 124, 928}, 0, {286, 696}, {71, 71, 71, 255} }},
	{{ {190, 94, 957}, 0, {259, 296}, {71, 71, 71, 255} }},
	{{ {-136, 94, 958}, 0, {259, 696}, {72, 72, 72, 255} }},
	{{ {190, 57, 957}, 0, {259, 296}, {71, 71, 71, 255} }},
	{{ {-136, 57, 958}, 0, {259, 696}, {71, 71, 71, 255} }},
	{{ {-191, 57, 940}, 0, {259, 733}, {71, 71, 71, 255} }},
	{{ {-191, 94, 940}, 0, {259, 733}, {71, 71, 71, 255} }},
	{{ {-136, 57, 958}, 0, {259, 696}, {71, 71, 71, 255} }},
	{{ {-191, 57, 940}, 0, {259, 733}, {71, 71, 71, 255} }},
	{{ {-197, 26, 897}, 0, {294, 733}, {71, 71, 71, 255} }},
	{{ {-1941, 329, -378}, 0, {259, 733}, {71, 71, 71, 255} }},
	{{ {-1935, 298, -412}, 0, {311, 733}, {71, 71, 71, 255} }},
	{{ {-1965, 329, -427}, 0, {303, 733}, {74, 74, 74, 255} }},
	{{ {-1966, 329, -698}, 0, {689, 733}, {71, 71, 71, 255} }},
	{{ {-1966, 366, -698}, 0, {689, 733}, {71, 71, 71, 255} }},
	{{ {-1965, 366, -427}, 0, {303, 733}, {71, 71, 71, 255} }},
	{{ {-1941, 329, -712}, 0, {733, 733}, {138, 138, 138, 255} }},
	{{ {-1936, 298, -673}, 0, {682, 733}, {71, 71, 71, 255} }},
	{{ {-199, 26, 445}, 0, {699, 733}, {71, 71, 71, 255} }},
	{{ {-136, 26, 928}, 0, {286, 696}, {71, 71, 71, 255} }},
	{{ {-139, 26, 458}, 0, {706, 696}, {71, 71, 71, 255} }},
	{{ {188, 26, 457}, 0, {706, 296}, {71, 71, 71, 255} }},
	{{ {187, 57, 426}, 0, {733, 296}, {72, 72, 72, 255} }},
	{{ {187, 57, 426}, 0, {733, 296}, {72, 72, 72, 255} }},
	{{ {248, 26, 442}, 0, {699, 259}, {71, 71, 71, 255} }},
	{{ {188, 26, 457}, 0, {706, 296}, {71, 71, 71, 255} }},
	{{ {243, 57, 409}, 0, {733, 259}, {71, 71, 71, 255} }},
	{{ {1944, 329, -847}, 0, {733, 259}, {71, 71, 71, 255} }},
	{{ {1944, 366, -847}, 0, {733, 259}, {112, 112, 112, 255} }},
	{{ {243, 94, 409}, 0, {733, 259}, {71, 71, 71, 255} }},
	{{ {1939, 396, -807}, 0, {681, 259}, {71, 71, 71, 255} }},
	{{ {248, 124, 442}, 0, {699, 259}, {71, 71, 71, 255} }},
	{{ {250, 124, 895}, 0, {294, 259}, {71, 71, 71, 255} }},
	{{ {190, 124, 926}, 0, {286, 296}, {71, 71, 71, 255} }},
	{{ {190, 94, 957}, 0, {259, 296}, {71, 71, 71, 255} }},
	{{ {244, 94, 938}, 0, {259, 259}, {71, 71, 71, 255} }},
	{{ {190, 57, 957}, 0, {259, 296}, {71, 71, 71, 255} }},
	{{ {244, 57, 938}, 0, {259, 259}, {71, 71, 71, 255} }},
	{{ {250, 26, 895}, 0, {294, 259}, {71, 71, 71, 255} }},
	{{ {190, 57, 957}, 0, {259, 296}, {71, 71, 71, 255} }},
	{{ {190, 26, 926}, 0, {286, 296}, {71, 71, 71, 255} }},
	{{ {250, 26, 895}, 0, {294, 259}, {71, 71, 71, 255} }},
	{{ {-136, 57, 958}, 0, {259, 696}, {71, 71, 71, 255} }},
	{{ {-136, 26, 928}, 0, {286, 696}, {71, 71, 71, 255} }},
	{{ {-197, 26, 897}, 0, {294, 733}, {71, 71, 71, 255} }},
	{{ {188, 26, 457}, 0, {706, 296}, {71, 71, 71, 255} }},
	{{ {248, 26, 442}, 0, {699, 259}, {71, 71, 71, 255} }},
	{{ {1939, 298, -807}, 0, {681, 259}, {127, 127, 127, 255} }},
	{{ {1944, 329, -847}, 0, {733, 259}, {71, 71, 71, 255} }},
	{{ {1969, 329, -834}, 0, {689, 259}, {71, 71, 71, 255} }},
	{{ {1944, 366, -847}, 0, {733, 259}, {112, 112, 112, 255} }},
	{{ {1969, 366, -834}, 0, {689, 259}, {84, 84, 84, 255} }},
	{{ {1939, 396, -807}, 0, {681, 259}, {71, 71, 71, 255} }},
	{{ {1941, 396, -431}, 0, {311, 259}, {71, 71, 71, 255} }},
	{{ {250, 124, 895}, 0, {294, 259}, {71, 71, 71, 255} }},
	{{ {1947, 366, -397}, 0, {259, 259}, {71, 71, 71, 255} }},
	{{ {1941, 396, -431}, 0, {311, 259}, {71, 71, 71, 255} }},
	{{ {250, 124, 895}, 0, {294, 259}, {71, 71, 71, 255} }},
	{{ {244, 94, 938}, 0, {259, 259}, {71, 71, 71, 255} }},
	{{ {1947, 329, -397}, 0, {259, 259}, {91, 91, 91, 255} }},
	{{ {244, 57, 938}, 0, {259, 259}, {71, 71, 71, 255} }},
	{{ {1941, 298, -431}, 0, {311, 259}, {91, 91, 91, 255} }},
	{{ {250, 26, 895}, 0, {294, 259}, {71, 71, 71, 255} }},
	{{ {1939, 298, -807}, 0, {681, 259}, {127, 127, 127, 255} }},
	{{ {1971, 329, -446}, 0, {303, 259}, {71, 71, 71, 255} }},
	{{ {1969, 329, -834}, 0, {689, 259}, {71, 71, 71, 255} }},
	{{ {1971, 366, -446}, 0, {303, 259}, {71, 71, 71, 255} }},
	{{ {1969, 366, -834}, 0, {689, 259}, {84, 84, 84, 255} }},
};

Gfx plane_avion_mesh_layer_1_tri_0[] = {
	gsSPVertex(plane_avion_mesh_layer_1_vtx_0 + 0, 15, 0),
	gsSP1Triangle(0, 1, 2, 0),
	gsSP1Triangle(3, 4, 5, 0),
	gsSP1Triangle(3, 5, 6, 0),
	gsSP1Triangle(3, 6, 7, 0),
	gsSP1Triangle(3, 7, 8, 0),
	gsSP1Triangle(8, 7, 9, 0),
	gsSP1Triangle(8, 9, 10, 0),
	gsSP1Triangle(10, 9, 11, 0),
	gsSP1Triangle(10, 11, 12, 0),
	gsSP1Triangle(12, 11, 13, 0),
	gsSP1Triangle(12, 13, 14, 0),
	gsSPVertex(plane_avion_mesh_layer_1_vtx_0 + 15, 16, 0),
	gsSP1Triangle(0, 1, 2, 0),
	gsSP1Triangle(3, 0, 2, 0),
	gsSP1Triangle(3, 2, 4, 0),
	gsSP1Triangle(4, 2, 5, 0),
	gsSP1Triangle(2, 6, 5, 0),
	gsSP1Triangle(4, 5, 7, 0),
	gsSP1Triangle(4, 7, 8, 0),
	gsSP1Triangle(4, 8, 9, 0),
	gsSP1Triangle(10, 9, 8, 0),
	gsSP1Triangle(10, 8, 11, 0),
	gsSP1Triangle(8, 12, 11, 0),
	gsSP1Triangle(11, 13, 10, 0),
	gsSP1Triangle(13, 14, 10, 0),
	gsSP1Triangle(13, 15, 14, 0),
	gsSPVertex(plane_avion_mesh_layer_1_vtx_0 + 31, 16, 0),
	gsSP1Triangle(0, 1, 2, 0),
	gsSP1Triangle(0, 2, 3, 0),
	gsSP1Triangle(3, 2, 4, 0),
	gsSP1Triangle(3, 4, 5, 0),
	gsSP1Triangle(6, 3, 5, 0),
	gsSP1Triangle(6, 5, 7, 0),
	gsSP1Triangle(8, 3, 6, 0),
	gsSP1Triangle(8, 0, 3, 0),
	gsSP1Triangle(9, 0, 8, 0),
	gsSP1Triangle(9, 10, 0, 0),
	gsSP1Triangle(11, 10, 9, 0),
	gsSP1Triangle(11, 12, 10, 0),
	gsSP1Triangle(13, 14, 15, 0),
	gsSPVertex(plane_avion_mesh_layer_1_vtx_0 + 47, 16, 0),
	gsSP1Triangle(0, 1, 2, 0),
	gsSP1Triangle(0, 3, 1, 0),
	gsSP1Triangle(1, 4, 2, 0),
	gsSP1Triangle(5, 6, 7, 0),
	gsSP1Triangle(8, 6, 5, 0),
	gsSP1Triangle(8, 5, 9, 0),
	gsSP1Triangle(5, 10, 9, 0),
	gsSP1Triangle(5, 11, 10, 0),
	gsSP1Triangle(12, 11, 5, 0),
	gsSP1Triangle(5, 7, 12, 0),
	gsSP1Triangle(12, 7, 13, 0),
	gsSP1Triangle(7, 14, 13, 0),
	gsSP1Triangle(7, 15, 14, 0),
	gsSP1Triangle(7, 6, 15, 0),
	gsSPVertex(plane_avion_mesh_layer_1_vtx_0 + 63, 16, 0),
	gsSP1Triangle(0, 1, 2, 0),
	gsSP1Triangle(0, 2, 3, 0),
	gsSP1Triangle(4, 0, 3, 0),
	gsSP1Triangle(3, 5, 4, 0),
	gsSP1Triangle(6, 4, 5, 0),
	gsSP1Triangle(6, 5, 7, 0),
	gsSP1Triangle(8, 6, 7, 0),
	gsSP1Triangle(7, 9, 8, 0),
	gsSP1Triangle(7, 10, 9, 0),
	gsSP1Triangle(11, 9, 10, 0),
	gsSP1Triangle(12, 11, 10, 0),
	gsSP1Triangle(13, 11, 12, 0),
	gsSP1Triangle(13, 12, 14, 0),
	gsSP1Triangle(15, 14, 12, 0),
	gsSPVertex(plane_avion_mesh_layer_1_vtx_0 + 79, 16, 0),
	gsSP1Triangle(0, 1, 2, 0),
	gsSP1Triangle(0, 3, 1, 0),
	gsSP1Triangle(0, 4, 3, 0),
	gsSP1Triangle(0, 5, 4, 0),
	gsSP1Triangle(5, 0, 6, 0),
	gsSP1Triangle(5, 6, 7, 0),
	gsSP1Triangle(5, 7, 8, 0),
	gsSP1Triangle(8, 7, 9, 0),
	gsSP1Triangle(8, 9, 10, 0),
	gsSP1Triangle(11, 10, 9, 0),
	gsSP1Triangle(12, 10, 11, 0),
	gsSP1Triangle(12, 11, 13, 0),
	gsSP1Triangle(13, 11, 14, 0),
	gsSP1Triangle(13, 14, 15, 0),
	gsSPVertex(plane_avion_mesh_layer_1_vtx_0 + 95, 16, 0),
	gsSP1Triangle(0, 1, 2, 0),
	gsSP1Triangle(3, 2, 1, 0),
	gsSP1Triangle(4, 2, 3, 0),
	gsSP1Triangle(4, 3, 5, 0),
	gsSP1Triangle(3, 6, 5, 0),
	gsSP1Triangle(3, 7, 6, 0),
	gsSP1Triangle(6, 7, 8, 0),
	gsSP1Triangle(9, 8, 7, 0),
	gsSP1Triangle(10, 8, 9, 0),
	gsSP1Triangle(10, 9, 11, 0),
	gsSP1Triangle(11, 12, 10, 0),
	gsSP1Triangle(11, 13, 12, 0),
	gsSP1Triangle(14, 13, 11, 0),
	gsSP1Triangle(14, 11, 15, 0),
	gsSPVertex(plane_avion_mesh_layer_1_vtx_0 + 111, 16, 0),
	gsSP1Triangle(0, 1, 2, 0),
	gsSP1Triangle(2, 1, 3, 0),
	gsSP1Triangle(2, 3, 4, 0),
	gsSP1Triangle(5, 4, 3, 0),
	gsSP1Triangle(4, 5, 6, 0),
	gsSP1Triangle(7, 6, 5, 0),
	gsSP1Triangle(7, 5, 8, 0),
	gsSP1Triangle(7, 9, 6, 0),
	gsSP1Triangle(6, 9, 10, 0),
	gsSP1Triangle(4, 6, 10, 0),
	gsSP1Triangle(11, 4, 10, 0),
	gsSP1Triangle(11, 2, 4, 0),
	gsSP1Triangle(12, 2, 11, 0),
	gsSP1Triangle(12, 11, 13, 0),
	gsSP1Triangle(12, 13, 14, 0),
	gsSP1Triangle(13, 15, 14, 0),
	gsSPVertex(plane_avion_mesh_layer_1_vtx_0 + 127, 16, 0),
	gsSP1Triangle(0, 1, 2, 0),
	gsSP1Triangle(0, 3, 1, 0),
	gsSP1Triangle(1, 3, 4, 0),
	gsSP1Triangle(5, 4, 3, 0),
	gsSP1Triangle(5, 3, 6, 0),
	gsSP1Triangle(6, 7, 5, 0),
	gsSP1Triangle(6, 8, 7, 0),
	gsSP1Triangle(9, 7, 8, 0),
	gsSP1Triangle(8, 10, 9, 0),
	gsSP1Triangle(11, 9, 10, 0),
	gsSP1Triangle(11, 12, 9, 0),
	gsSP1Triangle(13, 12, 11, 0),
	gsSP1Triangle(13, 14, 12, 0),
	gsSP1Triangle(13, 15, 14, 0),
	gsSPVertex(plane_avion_mesh_layer_1_vtx_0 + 143, 16, 0),
	gsSP1Triangle(0, 1, 2, 0),
	gsSP1Triangle(1, 0, 3, 0),
	gsSP1Triangle(1, 3, 4, 0),
	gsSP1Triangle(3, 5, 4, 0),
	gsSP1Triangle(4, 6, 1, 0),
	gsSP1Triangle(6, 2, 1, 0),
	gsSP1Triangle(6, 7, 2, 0),
	gsSP1Triangle(2, 7, 8, 0),
	gsSP1Triangle(7, 9, 8, 0),
	gsSP1Triangle(10, 8, 9, 0),
	gsSP1Triangle(11, 10, 9, 0),
	gsSP1Triangle(11, 12, 10, 0),
	gsSP1Triangle(12, 11, 13, 0),
	gsSP1Triangle(12, 13, 14, 0),
	gsSP1Triangle(15, 14, 13, 0),
	gsSPVertex(plane_avion_mesh_layer_1_vtx_0 + 159, 13, 0),
	gsSP1Triangle(0, 1, 2, 0),
	gsSP1Triangle(0, 2, 3, 0),
	gsSP1Triangle(3, 4, 0, 0),
	gsSP1Triangle(3, 5, 4, 0),
	gsSP1Triangle(6, 4, 5, 0),
	gsSP1Triangle(6, 5, 7, 0),
	gsSP1Triangle(7, 8, 6, 0),
	gsSP1Triangle(8, 9, 6, 0),
	gsSP1Triangle(8, 10, 9, 0),
	gsSP1Triangle(11, 9, 10, 0),
	gsSP1Triangle(11, 10, 12, 0),
	gsSP1Triangle(12, 1, 11, 0),
	gsSP1Triangle(11, 1, 0, 0),
	gsSP1Triangle(4, 11, 0, 0),
	gsSP1Triangle(4, 9, 11, 0),
	gsSP1Triangle(9, 4, 6, 0),
	gsSPEndDisplayList(),
};

Vtx plane_avion_mesh_layer_1_vtx_1[120] = {
	{{ {-95, -265, -888}, 0, {368, 1008}, {255, 255, 255, 255} }},
	{{ {-95, -11, -888}, 0, {624, 1008}, {255, 255, 255, 255} }},
	{{ {-44, -11, -888}, 0, {624, 752}, {255, 255, 255, 255} }},
	{{ {-44, -265, -888}, 0, {368, 752}, {255, 255, 255, 255} }},
	{{ {-44, -11, -837}, 0, {624, 496}, {255, 255, 255, 255} }},
	{{ {-44, -265, -837}, 0, {368, 496}, {255, 255, 255, 255} }},
	{{ {-95, -11, -837}, 0, {624, 240}, {255, 255, 255, 255} }},
	{{ {-95, -11, -888}, 0, {880, 240}, {255, 255, 255, 255} }},
	{{ {-44, -11, -888}, 0, {880, 496}, {255, 255, 255, 255} }},
	{{ {-95, -265, -837}, 0, {368, 240}, {255, 255, 255, 255} }},
	{{ {-95, -11, -888}, 0, {624, -16}, {255, 255, 255, 255} }},
	{{ {-95, -265, -888}, 0, {368, -16}, {255, 255, 255, 255} }},
	{{ {-44, -265, -888}, 0, {112, 496}, {255, 255, 255, 255} }},
	{{ {-95, -265, -888}, 0, {112, 240}, {255, 255, 255, 255} }},
	{{ {-6, -282, 1238}, 0, {368, 240}, {255, 255, 255, 255} }},
	{{ {-7, -185, 1190}, 0, {624, -16}, {255, 255, 255, 255} }},
	{{ {-7, -282, 1190}, 0, {368, -16}, {255, 255, 255, 255} }},
	{{ {-6, -185, 1238}, 0, {624, 240}, {255, 255, 255, 255} }},
	{{ {42, -282, 1238}, 0, {368, 496}, {71, 71, 71, 255} }},
	{{ {42, -282, 1190}, 0, {112, 496}, {72, 72, 72, 255} }},
	{{ {-7, -282, 1190}, 0, {112, 240}, {255, 255, 255, 255} }},
	{{ {42, -282, 1190}, 0, {368, 752}, {72, 72, 72, 255} }},
	{{ {-7, -185, 1190}, 0, {624, 1008}, {255, 255, 255, 255} }},
	{{ {-7, -282, 1190}, 0, {368, 1008}, {255, 255, 255, 255} }},
	{{ {42, -185, 1190}, 0, {624, 752}, {255, 255, 255, 255} }},
	{{ {42, -185, 1238}, 0, {624, 496}, {255, 255, 255, 255} }},
	{{ {-7, -185, 1190}, 0, {880, 240}, {255, 255, 255, 255} }},
	{{ {42, -185, 1190}, 0, {880, 496}, {255, 255, 255, 255} }},
	{{ {59, -265, -889}, 0, {368, 1008}, {71, 71, 71, 255} }},
	{{ {59, -11, -889}, 0, {624, 1008}, {255, 255, 255, 255} }},
	{{ {110, -11, -889}, 0, {624, 752}, {255, 255, 255, 255} }},
	{{ {110, -265, -889}, 0, {368, 752}, {253, 253, 253, 255} }},
	{{ {111, -11, -838}, 0, {624, 496}, {255, 255, 255, 255} }},
	{{ {111, -265, -838}, 0, {368, 496}, {255, 255, 255, 255} }},
	{{ {59, -11, -838}, 0, {624, 240}, {255, 255, 255, 255} }},
	{{ {59, -11, -889}, 0, {880, 240}, {255, 255, 255, 255} }},
	{{ {110, -11, -889}, 0, {880, 496}, {255, 255, 255, 255} }},
	{{ {59, -265, -838}, 0, {368, 240}, {255, 255, 255, 255} }},
	{{ {59, -11, -889}, 0, {624, -16}, {255, 255, 255, 255} }},
	{{ {59, -265, -889}, 0, {368, -16}, {71, 71, 71, 255} }},
	{{ {110, -265, -889}, 0, {112, 496}, {253, 253, 253, 255} }},
	{{ {59, -265, -889}, 0, {112, 240}, {71, 71, 71, 255} }},
	{{ {198, 76, -256}, 0, {605, 247}, {80, 78, 78, 255} }},
	{{ {260, -61, -242}, 0, {647, 247}, {79, 79, 79, 255} }},
	{{ {147, -68, -241}, 0, {647, 247}, {81, 81, 81, 255} }},
	{{ {86, 68, -255}, 0, {605, 247}, {75, 75, 75, 255} }},
	{{ {146, -68, -364}, 0, {647, 247}, {142, 142, 142, 255} }},
	{{ {83, 72, -381}, 0, {603, 247}, {208, 208, 208, 255} }},
	{{ {259, -61, -364}, 0, {647, 247}, {71, 71, 71, 255} }},
	{{ {196, 80, -382}, 0, {603, 247}, {71, 71, 71, 255} }},
	{{ {-26, 153, -808}, 0, {466, 446}, {29, 29, 28, 255} }},
	{{ {-28, 495, -1165}, 0, {557, 538}, {35, 35, 34, 255} }},
	{{ {-27, 153, -1088}, 0, {557, 446}, {55, 55, 54, 255} }},
	{{ {-12, 531, -1180}, 0, {560, 548}, {29, 29, 28, 255} }},
	{{ {-10, 148, -780}, 0, {457, 444}, {30, 30, 29, 255} }},
	{{ {-10, 137, -784}, 0, {459, 442}, {29, 29, 28, 255} }},
	{{ {-11, 137, -1085}, 0, {558, 442}, {29, 29, 28, 255} }},
	{{ {-12, 137, -1116}, 0, {563, 442}, {29, 29, 28, 255} }},
	{{ {-12, 137, -1116}, 0, {563, 442}, {29, 29, 28, 255} }},
	{{ {-27, 153, -1088}, 0, {557, 446}, {55, 55, 54, 255} }},
	{{ {-27, 153, -1120}, 0, {563, 446}, {53, 52, 51, 255} }},
	{{ {-28, 495, -1165}, 0, {557, 538}, {35, 35, 34, 255} }},
	{{ {-28, 527, -1204}, 0, {563, 546}, {29, 29, 28, 255} }},
	{{ {-12, 531, -1180}, 0, {560, 548}, {29, 29, 28, 255} }},
	{{ {-12, 542, -1208}, 0, {563, 550}, {29, 29, 28, 255} }},
	{{ {24, 531, -1181}, 0, {560, 548}, {29, 29, 28, 255} }},
	{{ {-10, 148, -780}, 0, {457, 444}, {30, 30, 29, 255} }},
	{{ {27, 148, -780}, 0, {457, 444}, {39, 39, 38, 255} }},
	{{ {27, 137, -785}, 0, {459, 442}, {31, 31, 30, 255} }},
	{{ {-10, 137, -784}, 0, {459, 442}, {29, 29, 28, 255} }},
	{{ {-11, 137, -1085}, 0, {558, 442}, {29, 29, 28, 255} }},
	{{ {25, 137, -1085}, 0, {558, 442}, {29, 29, 28, 255} }},
	{{ {25, 137, -1116}, 0, {563, 442}, {29, 29, 28, 255} }},
	{{ {-12, 137, -1152}, 0, {563, 442}, {29, 29, 28, 255} }},
	{{ {-28, 153, -1155}, 0, {563, 446}, {29, 29, 28, 255} }},
	{{ {-12, 137, -1152}, 0, {563, 442}, {29, 29, 28, 255} }},
	{{ {-12, 137, -1116}, 0, {563, 442}, {29, 29, 28, 255} }},
	{{ {-27, 153, -1120}, 0, {563, 446}, {53, 52, 51, 255} }},
	{{ {-28, 527, -1240}, 0, {563, 546}, {29, 29, 28, 255} }},
	{{ {-28, 527, -1204}, 0, {563, 546}, {29, 29, 28, 255} }},
	{{ {-13, 542, -1244}, 0, {563, 550}, {44, 44, 44, 255} }},
	{{ {-12, 542, -1208}, 0, {563, 550}, {29, 29, 28, 255} }},
	{{ {24, 542, -1244}, 0, {563, 550}, {29, 29, 28, 255} }},
	{{ {24, 542, -1208}, 0, {563, 550}, {29, 29, 28, 255} }},
	{{ {24, 531, -1181}, 0, {560, 548}, {29, 29, 28, 255} }},
	{{ {40, 527, -1205}, 0, {563, 546}, {38, 37, 37, 255} }},
	{{ {40, 495, -1165}, 0, {557, 538}, {61, 60, 59, 255} }},
	{{ {27, 148, -780}, 0, {457, 444}, {39, 39, 38, 255} }},
	{{ {42, 153, -808}, 0, {466, 446}, {29, 29, 28, 255} }},
	{{ {27, 137, -785}, 0, {459, 442}, {31, 31, 30, 255} }},
	{{ {25, 137, -1085}, 0, {558, 442}, {29, 29, 28, 255} }},
	{{ {42, 153, -808}, 0, {466, 446}, {29, 29, 28, 255} }},
	{{ {27, 137, -785}, 0, {459, 442}, {31, 31, 30, 255} }},
	{{ {41, 153, -1088}, 0, {557, 446}, {61, 60, 59, 255} }},
	{{ {25, 137, -1116}, 0, {563, 442}, {29, 29, 28, 255} }},
	{{ {41, 153, -1120}, 0, {563, 446}, {60, 59, 58, 255} }},
	{{ {25, 137, -1153}, 0, {563, 442}, {29, 29, 28, 255} }},
	{{ {-12, 137, -1152}, 0, {563, 442}, {29, 29, 28, 255} }},
	{{ {25, 152, -1172}, 0, {563, 446}, {29, 29, 29, 255} }},
	{{ {-12, 152, -1172}, 0, {563, 446}, {29, 29, 28, 255} }},
	{{ {-28, 153, -1155}, 0, {563, 446}, {29, 29, 28, 255} }},
	{{ {-28, 527, -1240}, 0, {563, 546}, {29, 29, 28, 255} }},
	{{ {-13, 527, -1256}, 0, {563, 546}, {40, 40, 40, 255} }},
	{{ {-13, 542, -1244}, 0, {563, 550}, {44, 44, 44, 255} }},
	{{ {24, 542, -1244}, 0, {563, 550}, {29, 29, 28, 255} }},
	{{ {24, 527, -1256}, 0, {563, 546}, {29, 29, 28, 255} }},
	{{ {24, 527, -1256}, 0, {563, 546}, {29, 29, 28, 255} }},
	{{ {24, 542, -1244}, 0, {563, 550}, {29, 29, 28, 255} }},
	{{ {40, 527, -1240}, 0, {563, 546}, {29, 29, 28, 255} }},
	{{ {24, 542, -1208}, 0, {563, 550}, {29, 29, 28, 255} }},
	{{ {40, 527, -1205}, 0, {563, 546}, {38, 37, 37, 255} }},
	{{ {41, 153, -1120}, 0, {563, 446}, {60, 59, 58, 255} }},
	{{ {41, 153, -1088}, 0, {557, 446}, {61, 60, 59, 255} }},
	{{ {40, 495, -1165}, 0, {557, 538}, {61, 60, 59, 255} }},
	{{ {42, 153, -808}, 0, {466, 446}, {29, 29, 28, 255} }},
	{{ {40, 153, -1156}, 0, {563, 446}, {29, 29, 29, 255} }},
	{{ {25, 137, -1153}, 0, {563, 442}, {29, 29, 28, 255} }},
	{{ {25, 152, -1172}, 0, {563, 446}, {29, 29, 29, 255} }},
	{{ {-13, 527, -1256}, 0, {563, 546}, {40, 40, 40, 255} }},
	{{ {-12, 152, -1172}, 0, {563, 446}, {29, 29, 28, 255} }},
};

Gfx plane_avion_mesh_layer_1_tri_1[] = {
	gsSPVertex(plane_avion_mesh_layer_1_vtx_1 + 0, 14, 0),
	gsSP1Triangle(0, 1, 2, 0),
	gsSP1Triangle(0, 2, 3, 0),
	gsSP1Triangle(3, 2, 4, 0),
	gsSP1Triangle(3, 4, 5, 0),
	gsSP1Triangle(5, 4, 6, 0),
	gsSP1Triangle(4, 7, 6, 0),
	gsSP1Triangle(4, 8, 7, 0),
	gsSP1Triangle(5, 6, 9, 0),
	gsSP1Triangle(9, 6, 10, 0),
	gsSP1Triangle(9, 10, 11, 0),
	gsSP1Triangle(12, 5, 9, 0),
	gsSP1Triangle(12, 9, 13, 0),
	gsSPVertex(plane_avion_mesh_layer_1_vtx_1 + 14, 14, 0),
	gsSP1Triangle(0, 1, 2, 0),
	gsSP1Triangle(0, 3, 1, 0),
	gsSP1Triangle(4, 3, 0, 0),
	gsSP1Triangle(5, 4, 0, 0),
	gsSP1Triangle(5, 0, 6, 0),
	gsSP1Triangle(7, 3, 4, 0),
	gsSP1Triangle(7, 8, 3, 0),
	gsSP1Triangle(7, 9, 8, 0),
	gsSP1Triangle(9, 10, 7, 0),
	gsSP1Triangle(9, 8, 10, 0),
	gsSP1Triangle(8, 10, 3, 0),
	gsSP1Triangle(7, 10, 11, 0),
	gsSP1Triangle(7, 11, 4, 0),
	gsSP1Triangle(4, 11, 3, 0),
	gsSP1Triangle(11, 12, 3, 0),
	gsSP1Triangle(11, 13, 12, 0),
	gsSP1Triangle(3, 11, 4, 0),
	gsSP1Triangle(4, 0, 7, 0),
	gsSPVertex(plane_avion_mesh_layer_1_vtx_1 + 28, 14, 0),
	gsSP1Triangle(0, 1, 2, 0),
	gsSP1Triangle(0, 2, 3, 0),
	gsSP1Triangle(3, 2, 4, 0),
	gsSP1Triangle(3, 4, 5, 0),
	gsSP1Triangle(5, 4, 6, 0),
	gsSP1Triangle(4, 7, 6, 0),
	gsSP1Triangle(4, 8, 7, 0),
	gsSP1Triangle(5, 6, 9, 0),
	gsSP1Triangle(9, 6, 10, 0),
	gsSP1Triangle(9, 10, 11, 0),
	gsSP1Triangle(12, 5, 9, 0),
	gsSP1Triangle(12, 9, 13, 0),
	gsSPVertex(plane_avion_mesh_layer_1_vtx_1 + 42, 16, 0),
	gsSP1Triangle(0, 1, 2, 0),
	gsSP1Triangle(0, 2, 3, 0),
	gsSP1Triangle(4, 3, 2, 0),
	gsSP1Triangle(4, 5, 3, 0),
	gsSP1Triangle(6, 5, 4, 0),
	gsSP1Triangle(6, 7, 5, 0),
	gsSP1Triangle(7, 3, 5, 0),
	gsSP1Triangle(7, 0, 3, 0),
	gsSP1Triangle(8, 9, 10, 0),
	gsSP1Triangle(11, 9, 8, 0),
	gsSP1Triangle(11, 8, 12, 0),
	gsSP1Triangle(13, 12, 8, 0),
	gsSP1Triangle(10, 13, 8, 0),
	gsSP1Triangle(10, 14, 13, 0),
	gsSP1Triangle(15, 14, 10, 0),
	gsSPVertex(plane_avion_mesh_layer_1_vtx_1 + 58, 16, 0),
	gsSP1Triangle(0, 1, 2, 0),
	gsSP1Triangle(3, 2, 1, 0),
	gsSP1Triangle(3, 4, 2, 0),
	gsSP1Triangle(4, 3, 5, 0),
	gsSP1Triangle(4, 5, 6, 0),
	gsSP1Triangle(6, 5, 7, 0),
	gsSP1Triangle(8, 7, 5, 0),
	gsSP1Triangle(8, 9, 7, 0),
	gsSP1Triangle(8, 10, 9, 0),
	gsSP1Triangle(8, 11, 10, 0),
	gsSP1Triangle(12, 10, 11, 0),
	gsSP1Triangle(12, 13, 10, 0),
	gsSP1Triangle(14, 13, 12, 0),
	gsSP1Triangle(14, 12, 0, 0),
	gsSP1Triangle(15, 14, 0, 0),
	gsSPVertex(plane_avion_mesh_layer_1_vtx_1 + 74, 16, 0),
	gsSP1Triangle(0, 1, 2, 0),
	gsSP1Triangle(0, 2, 3, 0),
	gsSP1Triangle(3, 4, 0, 0),
	gsSP1Triangle(3, 5, 4, 0),
	gsSP1Triangle(5, 6, 4, 0),
	gsSP1Triangle(5, 7, 6, 0),
	gsSP1Triangle(7, 8, 6, 0),
	gsSP1Triangle(7, 9, 8, 0),
	gsSP1Triangle(7, 10, 9, 0),
	gsSP1Triangle(11, 9, 10, 0),
	gsSP1Triangle(11, 10, 12, 0),
	gsSP1Triangle(12, 10, 13, 0),
	gsSP1Triangle(12, 13, 14, 0),
	gsSP1Triangle(15, 14, 13, 0),
	gsSPVertex(plane_avion_mesh_layer_1_vtx_1 + 90, 16, 0),
	gsSP1Triangle(0, 1, 2, 0),
	gsSP1Triangle(0, 3, 1, 0),
	gsSP1Triangle(4, 3, 0, 0),
	gsSP1Triangle(4, 5, 3, 0),
	gsSP1Triangle(6, 5, 4, 0),
	gsSP1Triangle(7, 6, 4, 0),
	gsSP1Triangle(7, 8, 6, 0),
	gsSP1Triangle(7, 9, 8, 0),
	gsSP1Triangle(7, 10, 9, 0),
	gsSP1Triangle(11, 9, 10, 0),
	gsSP1Triangle(11, 12, 9, 0),
	gsSP1Triangle(12, 11, 13, 0),
	gsSP1Triangle(14, 12, 13, 0),
	gsSP1Triangle(14, 15, 12, 0),
	gsSPVertex(plane_avion_mesh_layer_1_vtx_1 + 106, 14, 0),
	gsSP1Triangle(0, 1, 2, 0),
	gsSP1Triangle(3, 2, 1, 0),
	gsSP1Triangle(3, 4, 2, 0),
	gsSP1Triangle(5, 2, 4, 0),
	gsSP1Triangle(4, 6, 5, 0),
	gsSP1Triangle(4, 7, 6, 0),
	gsSP1Triangle(8, 6, 7, 0),
	gsSP1Triangle(5, 9, 2, 0),
	gsSP1Triangle(10, 9, 5, 0),
	gsSP1Triangle(10, 11, 9, 0),
	gsSP1Triangle(0, 9, 11, 0),
	gsSP1Triangle(12, 0, 11, 0),
	gsSP1Triangle(12, 11, 13, 0),
	gsSP1Triangle(0, 2, 9, 0),
	gsSPEndDisplayList(),
};

Vtx plane_avion_mesh_layer_1_vtx_2[191] = {
	{{ {204, -39, -980}, 0, {705, 2864}, {71, 68, 68, 255} }},
	{{ {76, -131, -1202}, 0, {269, 3240}, {72, 27, 28, 255} }},
	{{ {151, 0, -1203}, 0, {574, 3336}, {95, 95, 95, 255} }},
	{{ {102, -214, -979}, 0, {312, 2759}, {72, 28, 29, 255} }},
	{{ {258, -61, -509}, 0, {893, 1893}, {82, 82, 82, 255} }},
	{{ {131, -281, -508}, 0, {367, 1845}, {72, 28, 29, 255} }},
	{{ {138, -281, 959}, 0, {367, -988}, {72, 26, 28, 255} }},
	{{ {259, -61, -364}, 0, {890, 1603}, {71, 71, 71, 255} }},
	{{ {260, -61, -242}, 0, {888, 1357}, {79, 79, 79, 255} }},
	{{ {146, -68, -364}, 0, {890, 1603}, {142, 142, 142, 255} }},
	{{ {147, -68, -241}, 0, {888, 1357}, {81, 81, 81, 255} }},
	{{ {265, -61, 958}, 0, {866, -1055}, {107, 107, 107, 255} }},
	{{ {171, -61, 1325}, 0, {598, -1817}, {77, 77, 77, 255} }},
	{{ {92, -198, 1326}, 0, {279, -1714}, {72, 27, 29, 255} }},
	{{ {72, -155, 1512}, 0, {220, -2050}, {71, 45, 45, 255} }},
	{{ {131, -53, 1512}, 0, {404, -2172}, {71, 71, 71, 255} }},
	{{ {131, -53, 1512}, 0, {404, -2172}, {71, 71, 71, 255} }},
	{{ {14, -39, 1609}, 0, {128, -2344}, {71, 71, 71, 255} }},
	{{ {72, -155, 1512}, 0, {220, -2050}, {71, 45, 45, 255} }},
	{{ {-45, -155, 1513}, 0, {26, -2058}, {72, 26, 28, 255} }},
	{{ {-104, -53, 1513}, 0, {-155, -2181}, {72, 72, 72, 255} }},
	{{ {-67, -198, 1327}, 0, {-33, -1716}, {72, 26, 28, 255} }},
	{{ {-146, -61, 1327}, 0, {-349, -1824}, {73, 73, 73, 255} }},
	{{ {-244, -61, 961}, 0, {-647, -1063}, {72, 70, 69, 255} }},
	{{ {-117, -281, 960}, 0, {-125, -985}, {72, 27, 28, 255} }},
	{{ {-251, -61, -506}, 0, {-647, 1893}, {72, 70, 69, 255} }},
	{{ {-124, -281, -507}, 0, {-137, 1843}, {71, 41, 41, 255} }},
	{{ {-202, -39, -978}, 0, {-469, 2852}, {72, 70, 69, 255} }},
	{{ {-100, -214, -978}, 0, {-79, 2756}, {72, 26, 28, 255} }},
	{{ {-151, 0, -1201}, 0, {-351, 3319}, {125, 125, 125, 255} }},
	{{ {-76, -131, -1201}, 0, {-50, 3232}, {72, 26, 28, 255} }},
	{{ {102, -214, -979}, 0, {312, 2759}, {72, 28, 29, 255} }},
	{{ {102, -214, -979}, 0, {312, 2759}, {72, 28, 29, 255} }},
	{{ {-76, -131, -1201}, 0, {-50, 3232}, {72, 26, 28, 255} }},
	{{ {76, -131, -1202}, 0, {269, 3240}, {72, 27, 28, 255} }},
	{{ {131, -281, -508}, 0, {367, 1845}, {72, 28, 29, 255} }},
	{{ {-100, -214, -978}, 0, {-79, 2756}, {72, 26, 28, 255} }},
	{{ {-124, -281, -507}, 0, {-137, 1843}, {71, 41, 41, 255} }},
	{{ {138, -281, 959}, 0, {367, -988}, {72, 26, 28, 255} }},
	{{ {-117, -281, 960}, 0, {-125, -985}, {72, 27, 28, 255} }},
	{{ {92, -198, 1326}, 0, {279, -1714}, {72, 27, 29, 255} }},
	{{ {-67, -198, 1327}, 0, {-33, -1716}, {72, 26, 28, 255} }},
	{{ {-45, -155, 1513}, 0, {26, -2058}, {72, 26, 28, 255} }},
	{{ {72, -155, 1512}, 0, {220, -2050}, {71, 45, 45, 255} }},
	{{ {-141, 68, -950}, 0, {-483, 1326}, {71, 71, 71, 255} }},
	{{ {-497, 120, -1389}, 0, {-332, -388}, {71, 43, 45, 255} }},
	{{ {-497, 120, -1318}, 0, {-483, -232}, {71, 49, 51, 255} }},
	{{ {-142, 68, -1176}, 0, {-7, 835}, {71, 71, 71, 255} }},
	{{ {-111, 68, -1169}, 0, {47, 917}, {72, 72, 72, 255} }},
	{{ {-142, 68, -1176}, 0, {-7, 835}, {71, 71, 71, 255} }},
	{{ {-141, 68, -950}, 0, {-483, 1326}, {71, 71, 71, 255} }},
	{{ {-109, 68, -926}, 0, {-463, 1445}, {76, 76, 76, 255} }},
	{{ {497, 104, -1414}, 0, {359, 1341}, {71, 71, 71, 255} }},
	{{ {497, 50, -1414}, 0, {527, 1320}, {71, 71, 71, 255} }},
	{{ {140, -1, -1194}, 0, {527, -17}, {71, 71, 71, 255} }},
	{{ {140, 52, -1194}, 0, {359, 3}, {71, 71, 71, 255} }},
	{{ {-140, 52, -1193}, 0, {190, 1320}, {71, 71, 71, 255} }},
	{{ {-140, -1, -1193}, 0, {358, 1341}, {71, 71, 71, 255} }},
	{{ {-500, 50, -1410}, 0, {358, 1}, {71, 71, 71, 255} }},
	{{ {-500, 104, -1410}, 0, {190, -19}, {71, 71, 71, 255} }},
	{{ {143, -17, -1177}, 0, {999, 953}, {71, 71, 71, 255} }},
	{{ {495, 34, -1394}, 0, {675, -268}, {71, 40, 43, 255} }},
	{{ {495, 34, -1323}, 0, {524, -111}, {71, 71, 71, 255} }},
	{{ {144, -17, -951}, 0, {524, 1445}, {75, 68, 69, 255} }},
	{{ {-141, -17, -950}, 0, {524, 1445}, {83, 79, 80, 255} }},
	{{ {-497, 34, -1318}, 0, {524, -113}, {73, 50, 51, 255} }},
	{{ {-497, 34, -1389}, 0, {372, -269}, {71, 71, 71, 255} }},
	{{ {-142, -17, -1176}, 0, {48, 954}, {71, 71, 71, 255} }},
	{{ {-502, 104, -1300}, 0, {-149, 1341}, {71, 40, 43, 255} }},
	{{ {-502, 50, -1300}, 0, {20, 1325}, {71, 54, 55, 255} }},
	{{ {-136, -1, -922}, 0, {20, -349}, {82, 69, 70, 255} }},
	{{ {-136, 52, -922}, 0, {-149, -333}, {71, 39, 42, 255} }},
	{{ {143, 68, -1177}, 0, {1475, 224}, {71, 71, 71, 255} }},
	{{ {144, 68, -951}, 0, {1000, -268}, {71, 71, 71, 255} }},
	{{ {495, 120, -1323}, 0, {1000, 1289}, {71, 39, 42, 255} }},
	{{ {495, 120, -1394}, 0, {1151, 1445}, {71, 46, 48, 255} }},
	{{ {139, 52, -923}, 0, {20, 1325}, {71, 41, 44, 255} }},
	{{ {139, -1, -923}, 0, {189, 1341}, {84, 73, 73, 255} }},
	{{ {500, 50, -1305}, 0, {189, -331}, {71, 39, 42, 255} }},
	{{ {500, 104, -1305}, 0, {20, -347}, {71, 39, 42, 255} }},
	{{ {259, -61, -364}, 0, {890, 1603}, {71, 71, 71, 255} }},
	{{ {260, -61, -242}, 0, {888, 1357}, {79, 79, 79, 255} }},
	{{ {421, -164, -243}, 0, {888, 1357}, {142, 142, 142, 255} }},
	{{ {421, -164, -365}, 0, {890, 1603}, {142, 142, 142, 255} }},
	{{ {-111, 68, -1169}, 0, {44, 944}, {72, 72, 72, 255} }},
	{{ {-109, 68, -926}, 0, {948, 944}, {76, 76, 76, 255} }},
	{{ {112, 68, -928}, 0, {948, 48}, {71, 71, 71, 255} }},
	{{ {112, 52, -912}, 0, {1008, 48}, {178, 178, 178, 255} }},
	{{ {-109, 52, -910}, 0, {1008, 944}, {233, 233, 233, 255} }},
	{{ {-141, 68, -950}, 0, {920, 1008}, {71, 71, 71, 255} }},
	{{ {-136, 52, -922}, 0, {1008, 1008}, {71, 39, 42, 255} }},
	{{ {-497, 120, -1318}, 0, {828, 1008}, {71, 49, 51, 255} }},
	{{ {-502, 104, -1300}, 0, {1008, 1008}, {71, 40, 43, 255} }},
	{{ {-513, 104, -1327}, 0, {855, 1008}, {71, 39, 42, 255} }},
	{{ {-497, 120, -1389}, 0, {156, 1008}, {71, 43, 45, 255} }},
	{{ {-513, 104, -1402}, 0, {137, 1008}, {71, 40, 43, 255} }},
	{{ {-513, 104, -1402}, 0, {137, 1008}, {71, 40, 43, 255} }},
	{{ {-497, 120, -1389}, 0, {156, 1008}, {71, 43, 45, 255} }},
	{{ {-500, 104, -1410}, 0, {-16, 1008}, {71, 71, 71, 255} }},
	{{ {-142, 68, -1176}, 0, {67, 1008}, {71, 71, 71, 255} }},
	{{ {-140, 52, -1193}, 0, {-16, 1008}, {71, 71, 71, 255} }},
	{{ {-111, 52, -1185}, 0, {-16, 944}, {71, 71, 71, 255} }},
	{{ {-111, 68, -1169}, 0, {44, 944}, {72, 72, 72, 255} }},
	{{ {111, 68, -1170}, 0, {44, 48}, {77, 77, 77, 255} }},
	{{ {112, 68, -928}, 0, {948, 48}, {71, 71, 71, 255} }},
	{{ {143, 68, -1177}, 0, {67, -16}, {71, 71, 71, 255} }},
	{{ {144, 68, -951}, 0, {920, -16}, {71, 71, 71, 255} }},
	{{ {112, 52, -912}, 0, {1008, 48}, {178, 178, 178, 255} }},
	{{ {139, 52, -923}, 0, {1008, -16}, {71, 41, 44, 255} }},
	{{ {112, -1, -912}, 0, {1008, 48}, {151, 151, 151, 255} }},
	{{ {-109, 52, -910}, 0, {1008, 944}, {233, 233, 233, 255} }},
	{{ {-109, -1, -910}, 0, {1008, 944}, {220, 220, 220, 255} }},
	{{ {-136, -1, -922}, 0, {1008, 1008}, {82, 69, 70, 255} }},
	{{ {-109, -1, -910}, 0, {1008, 944}, {220, 220, 220, 255} }},
	{{ {-109, 52, -910}, 0, {1008, 944}, {233, 233, 233, 255} }},
	{{ {-136, 52, -922}, 0, {1008, 1008}, {71, 39, 42, 255} }},
	{{ {-141, -17, -950}, 0, {920, 1008}, {83, 79, 80, 255} }},
	{{ {-109, -17, -926}, 0, {948, 944}, {71, 71, 71, 255} }},
	{{ {-142, -17, -1176}, 0, {67, 1008}, {71, 71, 71, 255} }},
	{{ {-111, -17, -1169}, 0, {44, 944}, {71, 71, 71, 255} }},
	{{ {-111, -1, -1185}, 0, {-16, 944}, {71, 71, 71, 255} }},
	{{ {-140, -1, -1193}, 0, {-16, 1008}, {71, 71, 71, 255} }},
	{{ {-497, 34, -1389}, 0, {156, 1008}, {71, 71, 71, 255} }},
	{{ {-500, 50, -1410}, 0, {-16, 1008}, {71, 71, 71, 255} }},
	{{ {-513, 50, -1402}, 0, {137, 1008}, {71, 50, 51, 255} }},
	{{ {-497, 34, -1318}, 0, {828, 1008}, {73, 50, 51, 255} }},
	{{ {-513, 50, -1327}, 0, {855, 1008}, {71, 57, 58, 255} }},
	{{ {-502, 50, -1300}, 0, {1008, 1008}, {71, 54, 55, 255} }},
	{{ {-513, 50, -1327}, 0, {855, 1008}, {71, 57, 58, 255} }},
	{{ {-502, 50, -1300}, 0, {1008, 1008}, {71, 54, 55, 255} }},
	{{ {-502, 104, -1300}, 0, {1008, 1008}, {71, 40, 43, 255} }},
	{{ {-513, 104, -1327}, 0, {855, 1008}, {71, 39, 42, 255} }},
	{{ {-513, 104, -1402}, 0, {137, 1008}, {71, 40, 43, 255} }},
	{{ {-513, 50, -1402}, 0, {137, 1008}, {71, 50, 51, 255} }},
	{{ {-500, 50, -1410}, 0, {-16, 1008}, {71, 71, 71, 255} }},
	{{ {-500, 104, -1410}, 0, {-16, 1008}, {71, 71, 71, 255} }},
	{{ {144, 68, -951}, 0, {920, -16}, {71, 71, 71, 255} }},
	{{ {139, 52, -923}, 0, {1008, -16}, {71, 41, 44, 255} }},
	{{ {500, 104, -1305}, 0, {1008, -16}, {71, 39, 42, 255} }},
	{{ {495, 120, -1323}, 0, {828, -16}, {71, 39, 42, 255} }},
	{{ {511, 104, -1332}, 0, {855, -16}, {71, 40, 43, 255} }},
	{{ {500, 50, -1305}, 0, {1008, -16}, {71, 39, 42, 255} }},
	{{ {511, 50, -1332}, 0, {855, -16}, {71, 39, 42, 255} }},
	{{ {495, 34, -1323}, 0, {828, -16}, {71, 71, 71, 255} }},
	{{ {139, -1, -923}, 0, {1008, -16}, {84, 73, 73, 255} }},
	{{ {495, 34, -1323}, 0, {828, -16}, {71, 71, 71, 255} }},
	{{ {500, 50, -1305}, 0, {1008, -16}, {71, 39, 42, 255} }},
	{{ {144, -17, -951}, 0, {920, -16}, {75, 68, 69, 255} }},
	{{ {112, -1, -912}, 0, {1008, 48}, {151, 151, 151, 255} }},
	{{ {139, 52, -923}, 0, {1008, -16}, {71, 41, 44, 255} }},
	{{ {112, -17, -928}, 0, {948, 48}, {71, 71, 71, 255} }},
	{{ {-109, -1, -910}, 0, {1008, 944}, {220, 220, 220, 255} }},
	{{ {-109, -17, -926}, 0, {948, 944}, {71, 71, 71, 255} }},
	{{ {-111, -17, -1169}, 0, {44, 944}, {71, 71, 71, 255} }},
	{{ {111, -17, -1170}, 0, {44, 48}, {71, 71, 71, 255} }},
	{{ {111, -1, -1186}, 0, {-16, 48}, {71, 71, 71, 255} }},
	{{ {-111, -1, -1185}, 0, {-16, 944}, {71, 71, 71, 255} }},
	{{ {111, 52, -1186}, 0, {-16, 48}, {71, 71, 71, 255} }},
	{{ {-111, 52, -1185}, 0, {-16, 944}, {71, 71, 71, 255} }},
	{{ {-140, 52, -1193}, 0, {-16, 1008}, {71, 71, 71, 255} }},
	{{ {-140, 52, -1193}, 0, {-16, 1008}, {71, 71, 71, 255} }},
	{{ {-111, -1, -1185}, 0, {-16, 944}, {71, 71, 71, 255} }},
	{{ {-140, -1, -1193}, 0, {-16, 1008}, {71, 71, 71, 255} }},
	{{ {111, 68, -1170}, 0, {44, 48}, {77, 77, 77, 255} }},
	{{ {111, 52, -1186}, 0, {-16, 48}, {71, 71, 71, 255} }},
	{{ {-111, 52, -1185}, 0, {-16, 944}, {71, 71, 71, 255} }},
	{{ {143, 68, -1177}, 0, {67, -16}, {71, 71, 71, 255} }},
	{{ {140, 52, -1194}, 0, {-16, -16}, {71, 71, 71, 255} }},
	{{ {495, 120, -1394}, 0, {156, -16}, {71, 46, 48, 255} }},
	{{ {497, 104, -1414}, 0, {-16, -16}, {71, 71, 71, 255} }},
	{{ {511, 104, -1407}, 0, {137, -16}, {71, 65, 66, 255} }},
	{{ {495, 120, -1323}, 0, {828, -16}, {71, 39, 42, 255} }},
	{{ {511, 104, -1332}, 0, {855, -16}, {71, 40, 43, 255} }},
	{{ {511, 50, -1407}, 0, {137, -16}, {71, 45, 47, 255} }},
	{{ {511, 50, -1332}, 0, {855, -16}, {71, 39, 42, 255} }},
	{{ {495, 34, -1394}, 0, {156, -16}, {71, 40, 43, 255} }},
	{{ {511, 50, -1332}, 0, {855, -16}, {71, 39, 42, 255} }},
	{{ {495, 34, -1323}, 0, {828, -16}, {71, 71, 71, 255} }},
	{{ {495, 34, -1394}, 0, {156, -16}, {71, 40, 43, 255} }},
	{{ {511, 50, -1407}, 0, {137, -16}, {71, 45, 47, 255} }},
	{{ {497, 50, -1414}, 0, {-16, -16}, {71, 71, 71, 255} }},
	{{ {143, -17, -1177}, 0, {67, -16}, {71, 71, 71, 255} }},
	{{ {140, -1, -1194}, 0, {-16, -16}, {71, 71, 71, 255} }},
	{{ {111, -1, -1186}, 0, {-16, 48}, {71, 71, 71, 255} }},
	{{ {111, -17, -1170}, 0, {44, 48}, {71, 71, 71, 255} }},
	{{ {144, -17, -951}, 0, {920, -16}, {75, 68, 69, 255} }},
	{{ {112, -17, -928}, 0, {948, 48}, {71, 71, 71, 255} }},
	{{ {111, 52, -1186}, 0, {-16, 48}, {71, 71, 71, 255} }},
	{{ {140, 52, -1194}, 0, {-16, -16}, {71, 71, 71, 255} }},
	{{ {497, 104, -1414}, 0, {-16, -16}, {71, 71, 71, 255} }},
	{{ {511, 104, -1407}, 0, {137, -16}, {71, 65, 66, 255} }},
};

Gfx plane_avion_mesh_layer_1_tri_2[] = {
	gsSPVertex(plane_avion_mesh_layer_1_vtx_2 + 0, 16, 0),
	gsSP1Triangle(0, 1, 2, 0),
	gsSP1Triangle(0, 3, 1, 0),
	gsSP1Triangle(4, 3, 0, 0),
	gsSP1Triangle(4, 5, 3, 0),
	gsSP1Triangle(6, 5, 4, 0),
	gsSP1Triangle(6, 4, 7, 0),
	gsSP1Triangle(7, 8, 6, 0),
	gsSP1Triangle(8, 7, 9, 0),
	gsSP1Triangle(8, 9, 10, 0),
	gsSP1Triangle(8, 11, 6, 0),
	gsSP1Triangle(12, 6, 11, 0),
	gsSP1Triangle(12, 13, 6, 0),
	gsSP1Triangle(12, 14, 13, 0),
	gsSP1Triangle(12, 15, 14, 0),
	gsSPVertex(plane_avion_mesh_layer_1_vtx_2 + 16, 16, 0),
	gsSP1Triangle(0, 1, 2, 0),
	gsSP1Triangle(2, 1, 3, 0),
	gsSP1Triangle(3, 1, 4, 0),
	gsSP1Triangle(5, 3, 4, 0),
	gsSP1Triangle(5, 4, 6, 0),
	gsSP1Triangle(5, 6, 7, 0),
	gsSP1Triangle(5, 7, 8, 0),
	gsSP1Triangle(8, 7, 9, 0),
	gsSP1Triangle(8, 9, 10, 0),
	gsSP1Triangle(10, 9, 11, 0),
	gsSP1Triangle(10, 11, 12, 0),
	gsSP1Triangle(12, 11, 13, 0),
	gsSP1Triangle(12, 13, 14, 0),
	gsSP1Triangle(15, 12, 14, 0),
	gsSPVertex(plane_avion_mesh_layer_1_vtx_2 + 32, 16, 0),
	gsSP1Triangle(0, 1, 2, 0),
	gsSP1Triangle(3, 4, 0, 0),
	gsSP1Triangle(3, 5, 4, 0),
	gsSP1Triangle(6, 5, 3, 0),
	gsSP1Triangle(6, 7, 5, 0),
	gsSP1Triangle(8, 7, 6, 0),
	gsSP1Triangle(8, 9, 7, 0),
	gsSP1Triangle(8, 10, 9, 0),
	gsSP1Triangle(8, 11, 10, 0),
	gsSP1Triangle(12, 13, 14, 0),
	gsSP1Triangle(12, 15, 13, 0),
	gsSPVertex(plane_avion_mesh_layer_1_vtx_2 + 48, 16, 0),
	gsSP1Triangle(0, 1, 2, 0),
	gsSP1Triangle(0, 2, 3, 0),
	gsSP1Triangle(4, 5, 6, 0),
	gsSP1Triangle(4, 6, 7, 0),
	gsSP1Triangle(8, 9, 10, 0),
	gsSP1Triangle(8, 10, 11, 0),
	gsSP1Triangle(12, 13, 14, 0),
	gsSP1Triangle(12, 14, 15, 0),
	gsSPVertex(plane_avion_mesh_layer_1_vtx_2 + 64, 16, 0),
	gsSP1Triangle(0, 1, 2, 0),
	gsSP1Triangle(0, 2, 3, 0),
	gsSP1Triangle(4, 5, 6, 0),
	gsSP1Triangle(4, 6, 7, 0),
	gsSP1Triangle(8, 9, 10, 0),
	gsSP1Triangle(8, 10, 11, 0),
	gsSP1Triangle(12, 13, 14, 0),
	gsSP1Triangle(12, 14, 15, 0),
	gsSPVertex(plane_avion_mesh_layer_1_vtx_2 + 80, 16, 0),
	gsSP1Triangle(0, 1, 2, 0),
	gsSP1Triangle(0, 2, 3, 0),
	gsSP1Triangle(4, 5, 6, 0),
	gsSP1Triangle(5, 7, 6, 0),
	gsSP1Triangle(5, 8, 7, 0),
	gsSP1Triangle(9, 8, 5, 0),
	gsSP1Triangle(9, 10, 8, 0),
	gsSP1Triangle(11, 10, 9, 0),
	gsSP1Triangle(11, 12, 10, 0),
	gsSP1Triangle(13, 12, 11, 0),
	gsSP1Triangle(14, 13, 11, 0),
	gsSP1Triangle(14, 15, 13, 0),
	gsSPVertex(plane_avion_mesh_layer_1_vtx_2 + 96, 16, 0),
	gsSP1Triangle(0, 1, 2, 0),
	gsSP1Triangle(3, 2, 1, 0),
	gsSP1Triangle(3, 4, 2, 0),
	gsSP1Triangle(5, 4, 3, 0),
	gsSP1Triangle(5, 3, 6, 0),
	gsSP1Triangle(7, 5, 6, 0),
	gsSP1Triangle(6, 8, 7, 0),
	gsSP1Triangle(8, 9, 7, 0),
	gsSP1Triangle(8, 10, 9, 0),
	gsSP1Triangle(11, 10, 8, 0),
	gsSP1Triangle(11, 12, 10, 0),
	gsSP1Triangle(12, 11, 13, 0),
	gsSP1Triangle(14, 13, 11, 0),
	gsSP1Triangle(14, 15, 13, 0),
	gsSPVertex(plane_avion_mesh_layer_1_vtx_2 + 112, 16, 0),
	gsSP1Triangle(0, 1, 2, 0),
	gsSP1Triangle(0, 2, 3, 0),
	gsSP1Triangle(4, 1, 0, 0),
	gsSP1Triangle(4, 5, 1, 0),
	gsSP1Triangle(6, 5, 4, 0),
	gsSP1Triangle(6, 7, 5, 0),
	gsSP1Triangle(8, 7, 6, 0),
	gsSP1Triangle(8, 6, 9, 0),
	gsSP1Triangle(9, 6, 10, 0),
	gsSP1Triangle(9, 10, 11, 0),
	gsSP1Triangle(12, 11, 10, 0),
	gsSP1Triangle(12, 10, 13, 0),
	gsSP1Triangle(12, 13, 14, 0),
	gsSP1Triangle(14, 13, 15, 0),
	gsSP1Triangle(15, 13, 4, 0),
	gsSP1Triangle(15, 4, 0, 0),
	gsSPVertex(plane_avion_mesh_layer_1_vtx_2 + 128, 16, 0),
	gsSP1Triangle(0, 1, 2, 0),
	gsSP1Triangle(0, 2, 3, 0),
	gsSP1Triangle(4, 0, 3, 0),
	gsSP1Triangle(4, 5, 0, 0),
	gsSP1Triangle(4, 6, 5, 0),
	gsSP1Triangle(4, 7, 6, 0),
	gsSP1Triangle(8, 9, 10, 0),
	gsSP1Triangle(8, 10, 11, 0),
	gsSP1Triangle(12, 11, 10, 0),
	gsSP1Triangle(12, 10, 13, 0),
	gsSP1Triangle(12, 13, 14, 0),
	gsSP1Triangle(14, 13, 15, 0),
	gsSPVertex(plane_avion_mesh_layer_1_vtx_2 + 144, 16, 0),
	gsSP1Triangle(0, 1, 2, 0),
	gsSP1Triangle(0, 3, 1, 0),
	gsSP1Triangle(4, 3, 0, 0),
	gsSP1Triangle(5, 4, 0, 0),
	gsSP1Triangle(4, 6, 3, 0),
	gsSP1Triangle(7, 6, 4, 0),
	gsSP1Triangle(7, 8, 6, 0),
	gsSP1Triangle(9, 6, 8, 0),
	gsSP1Triangle(9, 10, 6, 0),
	gsSP1Triangle(11, 10, 9, 0),
	gsSP1Triangle(11, 9, 12, 0),
	gsSP1Triangle(13, 11, 12, 0),
	gsSP1Triangle(13, 12, 14, 0),
	gsSP1Triangle(15, 14, 12, 0),
	gsSPVertex(plane_avion_mesh_layer_1_vtx_2 + 160, 16, 0),
	gsSP1Triangle(0, 1, 2, 0),
	gsSP1Triangle(3, 4, 5, 0),
	gsSP1Triangle(4, 3, 6, 0),
	gsSP1Triangle(4, 6, 7, 0),
	gsSP1Triangle(8, 7, 6, 0),
	gsSP1Triangle(8, 9, 7, 0),
	gsSP1Triangle(10, 9, 8, 0),
	gsSP1Triangle(11, 10, 8, 0),
	gsSP1Triangle(11, 12, 10, 0),
	gsSP1Triangle(12, 13, 10, 0),
	gsSP1Triangle(12, 14, 13, 0),
	gsSP1Triangle(14, 15, 13, 0),
	gsSPVertex(plane_avion_mesh_layer_1_vtx_2 + 176, 15, 0),
	gsSP1Triangle(0, 1, 2, 0),
	gsSP1Triangle(3, 2, 4, 0),
	gsSP1Triangle(4, 2, 5, 0),
	gsSP1Triangle(4, 5, 6, 0),
	gsSP1Triangle(7, 6, 5, 0),
	gsSP1Triangle(7, 5, 8, 0),
	gsSP1Triangle(9, 8, 5, 0),
	gsSP1Triangle(9, 10, 8, 0),
	gsSP1Triangle(6, 7, 11, 0),
	gsSP1Triangle(6, 11, 12, 0),
	gsSP1Triangle(13, 14, 3, 0),
	gsSP1Triangle(13, 3, 4, 0),
	gsSPEndDisplayList(),
};

Vtx plane_avion_mesh_layer_1_vtx_3[79] = {
	{{ {235, -3, 972}, 0, {841, -24}, {71, 71, 71, 255} }},
	{{ {178, 128, 983}, 0, {202, -26}, {71, 71, 71, 255} }},
	{{ {169, 142, 996}, 0, {114, 9}, {71, 71, 71, 255} }},
	{{ {233, -4, 983}, 0, {839, 7}, {71, 71, 71, 255} }},
	{{ {236, -21, 1001}, 0, {913, 65}, {71, 71, 71, 255} }},
	{{ {125, 88, 1238}, 0, {6, 767}, {71, 71, 71, 255} }},
	{{ {151, 148, 1050}, 0, {3, 172}, {71, 71, 71, 255} }},
	{{ {155, 149, 1036}, 0, {21, 130}, {71, 71, 71, 255} }},
	{{ {159, 148, 1022}, 0, {50, 86}, {71, 71, 71, 255} }},
	{{ {122, 93, 1240}, 0, {-32, 772}, {71, 71, 71, 255} }},
	{{ {149, 153, 1052}, 0, {-29, 179}, {71, 71, 71, 255} }},
	{{ {236, -16, 991}, 0, {890, 36}, {71, 71, 71, 255} }},
	{{ {239, -16, 980}, 0, {897, 2}, {71, 71, 71, 255} }},
	{{ {238, -21, 992}, 0, {914, 40}, {71, 71, 71, 255} }},
	{{ {235, -32, 1019}, 0, {962, 123}, {71, 71, 71, 255} }},
	{{ {238, -29, 1002}, 0, {951, 72}, {71, 71, 71, 255} }},
	{{ {181, -46, 1254}, 0, {974, 821}, {71, 71, 71, 255} }},
	{{ {235, -32, 1019}, 0, {962, 123}, {71, 71, 71, 255} }},
	{{ {236, -21, 1001}, 0, {913, 65}, {71, 71, 71, 255} }},
	{{ {125, 88, 1238}, 0, {6, 767}, {71, 71, 71, 255} }},
	{{ {122, 62, 1290}, 0, {139, 916}, {71, 71, 71, 255} }},
	{{ {122, 82, 1258}, 0, {5, 828}, {71, 71, 71, 255} }},
	{{ {121, 76, 1271}, 0, {81, 857}, {72, 72, 72, 255} }},
	{{ {127, 38, 1311}, 0, {228, 996}, {71, 71, 71, 255} }},
	{{ {125, 47, 1305}, 0, {224, 964}, {71, 71, 71, 255} }},
	{{ {166, -37, 1293}, 0, {880, 937}, {71, 71, 71, 255} }},
	{{ {234, -38, 1035}, 0, {989, 171}, {71, 71, 71, 255} }},
	{{ {237, -38, 1021}, 0, {993, 130}, {71, 71, 71, 255} }},
	{{ {237, -46, 1036}, 0, {1031, 177}, {71, 71, 71, 255} }},
	{{ {-154, 131, 988}, 0, {817, -12}, {120, 120, 120, 255} }},
	{{ {-219, 1, 983}, 0, {250, -14}, {171, 171, 171, 255} }},
	{{ {-225, -17, 994}, 0, {162, 21}, {94, 94, 94, 255} }},
	{{ {-152, 129, 998}, 0, {815, 19}, {76, 76, 76, 255} }},
	{{ {-154, 131, 988}, 0, {817, -12}, {120, 120, 120, 255} }},
	{{ {-225, -17, 994}, 0, {162, 21}, {94, 94, 94, 255} }},
	{{ {-141, 140, 1018}, 0, {889, 77}, {85, 85, 85, 255} }},
	{{ {-166, -40, 1243}, 0, {66, 751}, {121, 121, 121, 255} }},
	{{ {-221, -40, 1047}, 0, {51, 184}, {255, 255, 255, 255} }},
	{{ {-223, -37, 1033}, 0, {69, 142}, {249, 249, 249, 255} }},
	{{ {-225, -31, 1019}, 0, {98, 98}, {202, 202, 202, 255} }},
	{{ {-168, -46, 1245}, 0, {28, 756}, {111, 111, 111, 255} }},
	{{ {-224, -46, 1049}, 0, {19, 191}, {255, 255, 255, 255} }},
	{{ {-145, 138, 1008}, 0, {866, 48}, {122, 122, 122, 255} }},
	{{ {-147, 141, 996}, 0, {873, 14}, {149, 149, 149, 255} }},
	{{ {-142, 142, 1009}, 0, {890, 52}, {110, 110, 110, 255} }},
	{{ {-133, 145, 1038}, 0, {938, 135}, {72, 72, 72, 255} }},
	{{ {-137, 147, 1020}, 0, {927, 84}, {72, 72, 72, 255} }},
	{{ {-92, 86, 1273}, 0, {962, 805}, {71, 71, 71, 255} }},
	{{ {-166, -40, 1243}, 0, {66, 751}, {121, 121, 121, 255} }},
	{{ {-146, -31, 1297}, 0, {199, 900}, {75, 75, 75, 255} }},
	{{ {-92, 86, 1273}, 0, {962, 805}, {71, 71, 71, 255} }},
	{{ {-160, -40, 1263}, 0, {65, 812}, {222, 222, 222, 255} }},
	{{ {-155, -38, 1277}, 0, {141, 841}, {186, 186, 186, 255} }},
	{{ {-130, -14, 1322}, 0, {288, 980}, {72, 72, 72, 255} }},
	{{ {-136, -21, 1314}, 0, {284, 948}, {71, 71, 71, 255} }},
	{{ {-91, 64, 1311}, 0, {868, 921}, {74, 74, 74, 255} }},
	{{ {-127, 146, 1054}, 0, {965, 183}, {149, 149, 149, 255} }},
	{{ {-129, 150, 1040}, 0, {969, 142}, {79, 79, 79, 255} }},
	{{ {-133, 145, 1038}, 0, {938, 135}, {72, 72, 72, 255} }},
	{{ {-123, 153, 1056}, 0, {1007, 189}, {118, 118, 118, 255} }},
	{{ {-172, 141, -476}, 0, {29, 92}, {116, 116, 116, 255} }},
	{{ {-208, 55, -476}, 0, {29, 920}, {123, 123, 123, 255} }},
	{{ {-211, 46, -464}, 0, {107, 999}, {123, 123, 123, 255} }},
	{{ {-203, 56, 339}, 0, {5163, 904}, {70, 70, 70, 255} }},
	{{ {-211, 46, -464}, 0, {107, 999}, {123, 123, 123, 255} }},
	{{ {-207, 46, 326}, 0, {5081, 999}, {48, 46, 45, 255} }},
	{{ {-203, 56, 339}, 0, {5163, 904}, {70, 70, 70, 255} }},
	{{ {-164, 151, 325}, 0, {5077, -7}, {71, 71, 71, 255} }},
	{{ {-172, 141, -476}, 0, {29, 92}, {116, 116, 116, 255} }},
	{{ {-167, 142, 339}, 0, {5163, 78}, {71, 71, 71, 255} }},
	{{ {-168, 151, -469}, 0, {75, -7}, {76, 76, 76, 255} }},
	{{ {217, 56, -206}, 0, {-62, 90}, {71, 71, 71, 255} }},
	{{ {187, 127, -206}, 0, {-62, 845}, {71, 71, 71, 255} }},
	{{ {181, 143, -188}, 0, {82, 1018}, {71, 71, 71, 255} }},
	{{ {189, 129, 368}, 0, {4192, 865}, {71, 71, 71, 255} }},
	{{ {183, 143, 354}, 0, {4077, 1018}, {72, 72, 72, 255} }},
	{{ {224, 45, 352}, 0, {4066, -26}, {90, 90, 90, 255} }},
	{{ {218, 59, 368}, 0, {4192, 122}, {71, 71, 71, 255} }},
	{{ {221, 45, -193}, 0, {44, -26}, {71, 71, 71, 255} }},
};

Gfx plane_avion_mesh_layer_1_tri_3[] = {
	gsSPVertex(plane_avion_mesh_layer_1_vtx_3 + 0, 16, 0),
	gsSP1Triangle(0, 1, 2, 0),
	gsSP1Triangle(3, 0, 2, 0),
	gsSP1Triangle(4, 3, 2, 0),
	gsSP1Triangle(2, 5, 4, 0),
	gsSP1Triangle(2, 6, 5, 0),
	gsSP1Triangle(2, 7, 6, 0),
	gsSP1Triangle(2, 8, 7, 0),
	gsSP1Triangle(6, 9, 5, 0),
	gsSP1Triangle(6, 10, 9, 0),
	gsSP1Triangle(11, 12, 3, 0),
	gsSP1Triangle(4, 11, 3, 0),
	gsSP1Triangle(4, 13, 11, 0),
	gsSP1Triangle(14, 15, 4, 0),
	gsSPVertex(plane_avion_mesh_layer_1_vtx_3 + 16, 16, 0),
	gsSP1Triangle(0, 1, 2, 0),
	gsSP1Triangle(3, 0, 2, 0),
	gsSP1Triangle(3, 4, 0, 0),
	gsSP1Triangle(3, 5, 4, 0),
	gsSP1Triangle(5, 6, 4, 0),
	gsSP1Triangle(4, 7, 0, 0),
	gsSP1Triangle(4, 8, 7, 0),
	gsSP1Triangle(7, 9, 0, 0),
	gsSP1Triangle(10, 11, 1, 0),
	gsSP1Triangle(0, 10, 1, 0),
	gsSP1Triangle(0, 12, 10, 0),
	gsSP1Triangle(13, 14, 15, 0),
	gsSPVertex(plane_avion_mesh_layer_1_vtx_3 + 32, 16, 0),
	gsSP1Triangle(0, 1, 2, 0),
	gsSP1Triangle(3, 0, 2, 0),
	gsSP1Triangle(2, 4, 3, 0),
	gsSP1Triangle(2, 5, 4, 0),
	gsSP1Triangle(2, 6, 5, 0),
	gsSP1Triangle(2, 7, 6, 0),
	gsSP1Triangle(5, 8, 4, 0),
	gsSP1Triangle(5, 9, 8, 0),
	gsSP1Triangle(10, 11, 0, 0),
	gsSP1Triangle(3, 10, 0, 0),
	gsSP1Triangle(3, 12, 10, 0),
	gsSP1Triangle(13, 14, 3, 0),
	gsSP1Triangle(15, 13, 3, 0),
	gsSP1Triangle(4, 15, 3, 0),
	gsSPVertex(plane_avion_mesh_layer_1_vtx_3 + 48, 16, 0),
	gsSP1Triangle(0, 1, 2, 0),
	gsSP1Triangle(0, 3, 1, 0),
	gsSP1Triangle(3, 4, 1, 0),
	gsSP1Triangle(1, 5, 2, 0),
	gsSP1Triangle(1, 6, 5, 0),
	gsSP1Triangle(5, 7, 2, 0),
	gsSP1Triangle(8, 9, 10, 0),
	gsSP1Triangle(2, 8, 10, 0),
	gsSP1Triangle(2, 11, 8, 0),
	gsSP1Triangle(12, 13, 14, 0),
	gsSP1Triangle(12, 14, 15, 0),
	gsSPVertex(plane_avion_mesh_layer_1_vtx_3 + 64, 15, 0),
	gsSP1Triangle(0, 1, 2, 0),
	gsSP1Triangle(2, 3, 4, 0),
	gsSP1Triangle(2, 5, 3, 0),
	gsSP1Triangle(3, 6, 4, 0),
	gsSP1Triangle(7, 8, 9, 0),
	gsSP1Triangle(7, 9, 10, 0),
	gsSP1Triangle(9, 11, 10, 0),
	gsSP1Triangle(10, 12, 7, 0),
	gsSP1Triangle(10, 13, 12, 0),
	gsSP1Triangle(12, 14, 7, 0),
	gsSPEndDisplayList(),
};

Vtx plane_avion_mesh_layer_1_vtx_4[16] = {
	{{ {11, 153, 1147}, 0, {1051, 642}, {69, 69, 69, 255} }},
	{{ {-20, 151, 1152}, 0, {737, 692}, {69, 69, 69, 255} }},
	{{ {-46, 144, 1168}, 0, {472, 832}, {69, 69, 69, 255} }},
	{{ {-69, 123, 1221}, 0, {234, 1289}, {69, 69, 69, 255} }},
	{{ {-63, 135, 1192}, 0, {295, 1042}, {69, 69, 69, 255} }},
	{{ {11, 94, 1295}, 0, {1057, 1931}, {69, 69, 69, 255} }},
	{{ {-46, 103, 1273}, 0, {476, 1743}, {69, 69, 69, 255} }},
	{{ {-63, 112, 1249}, 0, {298, 1535}, {69, 69, 69, 255} }},
	{{ {-20, 96, 1289}, 0, {743, 1882}, {69, 69, 69, 255} }},
	{{ {41, 96, 1289}, 0, {1370, 1881}, {69, 69, 69, 255} }},
	{{ {67, 103, 1273}, 0, {1635, 1740}, {69, 69, 69, 255} }},
	{{ {90, 123, 1221}, 0, {1873, 1284}, {69, 69, 69, 255} }},
	{{ {84, 112, 1249}, 0, {1812, 1530}, {69, 69, 69, 255} }},
	{{ {67, 144, 1168}, 0, {1631, 829}, {69, 69, 69, 255} }},
	{{ {84, 135, 1192}, 0, {1810, 1037}, {69, 69, 69, 255} }},
	{{ {41, 151, 1152}, 0, {1365, 690}, {69, 69, 69, 255} }},
};

Gfx plane_avion_mesh_layer_1_tri_4[] = {
	gsSPVertex(plane_avion_mesh_layer_1_vtx_4 + 0, 16, 0),
	gsSP1Triangle(0, 1, 2, 0),
	gsSP1Triangle(0, 2, 3, 0),
	gsSP1Triangle(2, 4, 3, 0),
	gsSP1Triangle(0, 3, 5, 0),
	gsSP1Triangle(3, 6, 5, 0),
	gsSP1Triangle(3, 7, 6, 0),
	gsSP1Triangle(6, 8, 5, 0),
	gsSP1Triangle(5, 9, 10, 0),
	gsSP1Triangle(5, 10, 11, 0),
	gsSP1Triangle(10, 12, 11, 0),
	gsSP1Triangle(5, 11, 0, 0),
	gsSP1Triangle(11, 13, 0, 0),
	gsSP1Triangle(11, 14, 13, 0),
	gsSP1Triangle(13, 15, 0, 0),
	gsSPEndDisplayList(),
};


Gfx mat_plane_f3dlite_material_052[] = {
	gsSPClearGeometryMode(G_LIGHTING),
	gsDPPipeSync(),
	gsDPSetCombineLERP(TEXEL0, 0, SHADE, 0, TEXEL0, 0, PRIMITIVE, 0, TEXEL0, 0, SHADE, 0, TEXEL0, 0, PRIMITIVE, 0),
	gsDPSetAlphaDither(G_AD_NOISE),
	gsDPSetTextureLUT(G_TT_RGBA16),
	gsSPTexture(65535, 65535, 0, 0, 1),
	gsDPSetPrimColor(0, 0, 255, 255, 255, 255),
	gsDPSetTextureImage(G_IM_FMT_RGBA, G_IM_SIZ_16b, 1, plane_roues_pal_rgba16),
	gsDPSetTile(0, 0, 0, 256, 5, 0, G_TX_WRAP | G_TX_NOMIRROR, 0, 0, G_TX_WRAP | G_TX_NOMIRROR, 0, 0),
	gsDPLoadTLUTCmd(5, 80),
	gsDPSetTextureImage(G_IM_FMT_CI, G_IM_SIZ_8b_LOAD_BLOCK, 1, plane_roues_ci8),
	gsDPSetTile(G_IM_FMT_CI, G_IM_SIZ_8b_LOAD_BLOCK, 0, 0, 7, 0, G_TX_WRAP | G_TX_NOMIRROR, 0, 0, G_TX_WRAP | G_TX_NOMIRROR, 0, 0),
	gsDPLoadBlock(7, 0, 0, 511, 512),
	gsDPSetTile(G_IM_FMT_CI, G_IM_SIZ_8b, 4, 0, 0, 0, G_TX_WRAP | G_TX_NOMIRROR, 5, 0, G_TX_WRAP | G_TX_NOMIRROR, 5, 0),
	gsDPSetTileSize(0, 0, 0, 124, 124),
	gsSPEndDisplayList(),
};

Gfx mat_revert_plane_f3dlite_material_052[] = {
	gsSPSetGeometryMode(G_LIGHTING),
	gsDPPipeSync(),
	gsDPSetAlphaDither(G_AD_DISABLE),
	gsDPSetTextureLUT(G_TT_NONE),
	gsSPEndDisplayList(),
};

Gfx mat_plane_f3dlite_material_053[] = {
	gsSPClearGeometryMode(G_LIGHTING),
	gsDPPipeSync(),
	gsDPSetCombineLERP(TEXEL0, 0, SHADE, 0, ENVIRONMENT, 0, SHADE, 0, TEXEL0, 0, SHADE, 0, ENVIRONMENT, 0, SHADE, 0),
	gsDPSetAlphaDither(G_AD_NOISE),
	gsDPSetTextureLUT(G_TT_RGBA16),
	gsSPTexture(65535, 65535, 0, 0, 1),
	gsDPSetTextureImage(G_IM_FMT_RGBA, G_IM_SIZ_16b, 1, plane_MarioParty_pal_rgba16),
	gsDPSetTile(0, 0, 0, 256, 5, 0, G_TX_WRAP | G_TX_NOMIRROR, 0, 0, G_TX_WRAP | G_TX_NOMIRROR, 0, 0),
	gsDPLoadTLUTCmd(5, 12),
	gsDPSetTextureImage(G_IM_FMT_CI, G_IM_SIZ_16b, 1, plane_MarioParty_ci4),
	gsDPSetTile(G_IM_FMT_CI, G_IM_SIZ_16b, 0, 0, 7, 0, G_TX_WRAP | G_TX_NOMIRROR, 0, 0, G_TX_WRAP | G_TX_NOMIRROR, 0, 0),
	gsDPLoadBlock(7, 0, 0, 255, 1024),
	gsDPSetTile(G_IM_FMT_CI, G_IM_SIZ_4b, 2, 0, 0, 0, G_TX_WRAP | G_TX_NOMIRROR, 5, 0, G_TX_WRAP | G_TX_NOMIRROR, 5, 0),
	gsDPSetTileSize(0, 0, 0, 124, 124),
	gsSPEndDisplayList(),
};

Gfx mat_revert_plane_f3dlite_material_053[] = {
	gsSPSetGeometryMode(G_LIGHTING),
	gsDPPipeSync(),
	gsDPSetAlphaDither(G_AD_DISABLE),
	gsDPSetTextureLUT(G_TT_NONE),
	gsSPEndDisplayList(),
};

Gfx mat_plane_f3dlite_material_054[] = {
	gsSPClearGeometryMode(G_LIGHTING),
	gsDPPipeSync(),
	gsDPSetCombineLERP(TEXEL0, 0, SHADE, 0, ENVIRONMENT, 0, SHADE, 0, TEXEL0, 0, SHADE, 0, ENVIRONMENT, 0, SHADE, 0),
	gsDPSetAlphaDither(G_AD_NOISE),
	gsSPTexture(65535, 65535, 0, 0, 1),
	gsDPSetTextureImage(G_IM_FMT_I, G_IM_SIZ_8b_LOAD_BLOCK, 1, plane_ublo_f_i8),
	gsDPSetTile(G_IM_FMT_I, G_IM_SIZ_8b_LOAD_BLOCK, 0, 0, 7, 0, G_TX_WRAP | G_TX_NOMIRROR, 0, 0, G_TX_WRAP | G_TX_NOMIRROR, 0, 0),
	gsDPLoadBlock(7, 0, 0, 511, 512),
	gsDPSetTile(G_IM_FMT_I, G_IM_SIZ_8b, 4, 0, 0, 0, G_TX_WRAP | G_TX_NOMIRROR, 5, 0, G_TX_WRAP | G_TX_NOMIRROR, 5, 0),
	gsDPSetTileSize(0, 0, 0, 124, 124),
	gsSPEndDisplayList(),
};

Gfx mat_revert_plane_f3dlite_material_054[] = {
	gsSPSetGeometryMode(G_LIGHTING),
	gsDPPipeSync(),
	gsDPSetAlphaDither(G_AD_DISABLE),
	gsSPEndDisplayList(),
};

Gfx mat_plane_f3dlite_material_062[] = {
	gsSPClearGeometryMode(G_LIGHTING),
	gsDPPipeSync(),
	gsDPSetCombineLERP(TEXEL0, 0, SHADE, 0, ENVIRONMENT, 0, SHADE, 0, TEXEL0, 0, SHADE, 0, ENVIRONMENT, 0, SHADE, 0),
	gsDPSetAlphaDither(G_AD_NOISE),
	gsSPTexture(65535, 65535, 0, 0, 1),
	gsDPSetTextureImage(G_IM_FMT_I, G_IM_SIZ_8b_LOAD_BLOCK, 1, plane_SUPER_MARIO_64_7E5C24F7_0_2_all_i8),
	gsDPSetTile(G_IM_FMT_I, G_IM_SIZ_8b_LOAD_BLOCK, 0, 0, 7, 0, G_TX_WRAP | G_TX_NOMIRROR, 0, 0, G_TX_WRAP | G_TX_NOMIRROR, 0, 0),
	gsDPLoadBlock(7, 0, 0, 511, 512),
	gsDPSetTile(G_IM_FMT_I, G_IM_SIZ_8b, 4, 0, 0, 0, G_TX_WRAP | G_TX_NOMIRROR, 5, 0, G_TX_WRAP | G_TX_NOMIRROR, 5, 0),
	gsDPSetTileSize(0, 0, 0, 124, 124),
	gsSPEndDisplayList(),
};

Gfx mat_revert_plane_f3dlite_material_062[] = {
	gsSPSetGeometryMode(G_LIGHTING),
	gsDPPipeSync(),
	gsDPSetAlphaDither(G_AD_DISABLE),
	gsSPEndDisplayList(),
};

Gfx mat_plane_f3dlite_material_063[] = {
	gsSPClearGeometryMode(G_LIGHTING),
	gsDPPipeSync(),
	gsDPSetCombineLERP(TEXEL0, 0, SHADE, 0, TEXEL0, 0, PRIMITIVE, 0, TEXEL0, 0, SHADE, 0, TEXEL0, 0, PRIMITIVE, 0),
	gsDPSetAlphaDither(G_AD_NOISE),
	gsDPSetTextureLUT(G_TT_RGBA16),
	gsSPTexture(65535, 65535, 0, 0, 1),
	gsDPSetPrimColor(0, 0, 255, 255, 255, 255),
	gsDPSetTextureImage(G_IM_FMT_RGBA, G_IM_SIZ_16b, 1, plane_roues_pal_rgba16_copy),
	gsDPSetTile(0, 0, 0, 256, 5, 0, G_TX_WRAP | G_TX_NOMIRROR, 0, 0, G_TX_WRAP | G_TX_NOMIRROR, 0, 0),
	gsDPLoadTLUTCmd(5, 80),
	gsDPSetTextureImage(G_IM_FMT_CI, G_IM_SIZ_8b_LOAD_BLOCK, 1, plane_roues_ci8_copy),
	gsDPSetTile(G_IM_FMT_CI, G_IM_SIZ_8b_LOAD_BLOCK, 0, 0, 7, 0, G_TX_WRAP | G_TX_NOMIRROR, 0, 0, G_TX_WRAP | G_TX_NOMIRROR, 0, 0),
	gsDPLoadBlock(7, 0, 0, 511, 512),
	gsDPSetTile(G_IM_FMT_CI, G_IM_SIZ_8b, 4, 0, 0, 0, G_TX_WRAP | G_TX_NOMIRROR, 5, 0, G_TX_WRAP | G_TX_NOMIRROR, 5, 0),
	gsDPSetTileSize(0, 0, 0, 124, 124),
	gsSPEndDisplayList(),
};

Gfx mat_revert_plane_f3dlite_material_063[] = {
	gsSPSetGeometryMode(G_LIGHTING),
	gsDPPipeSync(),
	gsDPSetAlphaDither(G_AD_DISABLE),
	gsDPSetTextureLUT(G_TT_NONE),
	gsSPEndDisplayList(),
};

Gfx mat_plane_f3dlite_material_064[] = {
	gsSPClearGeometryMode(G_LIGHTING),
	gsDPPipeSync(),
	gsDPSetCombineLERP(TEXEL0, 0, SHADE, 0, ENVIRONMENT, 0, SHADE, 0, TEXEL0, 0, SHADE, 0, ENVIRONMENT, 0, SHADE, 0),
	gsDPSetAlphaDither(G_AD_NOISE),
	gsSPTexture(65535, 65535, 0, 0, 1),
	gsDPSetTextureImage(G_IM_FMT_I, G_IM_SIZ_8b_LOAD_BLOCK, 1, plane_ublo_f_i8),
	gsDPSetTile(G_IM_FMT_I, G_IM_SIZ_8b_LOAD_BLOCK, 0, 0, 7, 0, G_TX_WRAP | G_TX_NOMIRROR, 0, 0, G_TX_WRAP | G_TX_NOMIRROR, 0, 0),
	gsDPLoadBlock(7, 0, 0, 511, 512),
	gsDPSetTile(G_IM_FMT_I, G_IM_SIZ_8b, 4, 0, 0, 0, G_TX_WRAP | G_TX_NOMIRROR, 5, 0, G_TX_WRAP | G_TX_NOMIRROR, 5, 0),
	gsDPSetTileSize(0, 0, 0, 124, 124),
	gsSPEndDisplayList(),
};

Gfx mat_revert_plane_f3dlite_material_064[] = {
	gsSPSetGeometryMode(G_LIGHTING),
	gsDPPipeSync(),
	gsDPSetAlphaDither(G_AD_DISABLE),
	gsSPEndDisplayList(),
};

Gfx mat_plane_f3dlite_material_065[] = {
	gsSPClearGeometryMode(G_LIGHTING),
	gsDPPipeSync(),
	gsDPSetCombineLERP(TEXEL0, 0, SHADE, 0, ENVIRONMENT, 0, SHADE, 0, TEXEL0, 0, SHADE, 0, ENVIRONMENT, 0, SHADE, 0),
	gsDPSetAlphaDither(G_AD_NOISE),
	gsDPSetTextureLUT(G_TT_RGBA16),
	gsSPTexture(65535, 65535, 0, 0, 1),
	gsDPSetTextureImage(G_IM_FMT_RGBA, G_IM_SIZ_16b, 1, plane_casquette_indexed_pal_rgba16),
	gsDPSetTile(0, 0, 0, 256, 5, 0, G_TX_WRAP | G_TX_NOMIRROR, 0, 0, G_TX_WRAP | G_TX_NOMIRROR, 0, 0),
	gsDPLoadTLUTCmd(5, 7),
	gsDPSetTextureImage(G_IM_FMT_CI, G_IM_SIZ_16b, 1, plane_casquette_indexed_ci4),
	gsDPSetTile(G_IM_FMT_CI, G_IM_SIZ_16b, 0, 0, 7, 0, G_TX_WRAP | G_TX_NOMIRROR, 0, 0, G_TX_WRAP | G_TX_NOMIRROR, 0, 0),
	gsDPLoadBlock(7, 0, 0, 1023, 512),
	gsDPSetTile(G_IM_FMT_CI, G_IM_SIZ_4b, 4, 0, 0, 0, G_TX_WRAP | G_TX_NOMIRROR, 6, 0, G_TX_WRAP | G_TX_NOMIRROR, 6, 0),
	gsDPSetTileSize(0, 0, 0, 252, 252),
	gsSPEndDisplayList(),
};

Gfx mat_revert_plane_f3dlite_material_065[] = {
	gsSPSetGeometryMode(G_LIGHTING),
	gsDPPipeSync(),
	gsDPSetAlphaDither(G_AD_DISABLE),
	gsDPSetTextureLUT(G_TT_NONE),
	gsSPEndDisplayList(),
};

Gfx plane_avion_mesh_layer_5[] = {
	gsSPDisplayList(mat_plane_f3dlite_material_052),
	gsSPDisplayList(plane_avion_mesh_layer_5_tri_0),
	gsSPDisplayList(mat_revert_plane_f3dlite_material_052),
	gsSPDisplayList(mat_plane_f3dlite_material_063),
	gsSPDisplayList(plane_avion_mesh_layer_5_tri_1),
	gsSPDisplayList(mat_revert_plane_f3dlite_material_063),
	gsDPPipeSync(),
	gsSPSetGeometryMode(G_LIGHTING),
	gsSPClearGeometryMode(G_TEXTURE_GEN),
	gsDPSetCombineLERP(0, 0, 0, SHADE, 0, 0, 0, ENVIRONMENT, 0, 0, 0, SHADE, 0, 0, 0, ENVIRONMENT),
	gsSPTexture(65535, 65535, 0, 0, 0),
	gsDPSetEnvColor(255, 255, 255, 255),
	gsDPSetAlphaCompare(G_AC_NONE),
	gsSPEndDisplayList(),
};

Gfx plane_avion_mesh_layer_1[] = {
	gsSPDisplayList(mat_plane_f3dlite_material_053),
	gsSPDisplayList(plane_avion_mesh_layer_1_tri_0),
	gsSPDisplayList(mat_revert_plane_f3dlite_material_053),
	gsSPDisplayList(mat_plane_f3dlite_material_054),
	gsSPDisplayList(plane_avion_mesh_layer_1_tri_1),
	gsSPDisplayList(mat_revert_plane_f3dlite_material_054),
	gsSPDisplayList(mat_plane_f3dlite_material_062),
	gsSPDisplayList(plane_avion_mesh_layer_1_tri_2),
	gsSPDisplayList(mat_revert_plane_f3dlite_material_062),
	gsSPDisplayList(mat_plane_f3dlite_material_064),
	gsSPDisplayList(plane_avion_mesh_layer_1_tri_3),
	gsSPDisplayList(mat_revert_plane_f3dlite_material_064),
	gsSPDisplayList(mat_plane_f3dlite_material_065),
	gsSPDisplayList(plane_avion_mesh_layer_1_tri_4),
	gsSPDisplayList(mat_revert_plane_f3dlite_material_065),
	gsDPPipeSync(),
	gsSPSetGeometryMode(G_LIGHTING),
	gsSPClearGeometryMode(G_TEXTURE_GEN),
	gsDPSetCombineLERP(0, 0, 0, SHADE, 0, 0, 0, ENVIRONMENT, 0, 0, 0, SHADE, 0, 0, 0, ENVIRONMENT),
	gsSPTexture(65535, 65535, 0, 0, 0),
	gsDPSetEnvColor(255, 255, 255, 255),
	gsDPSetAlphaCompare(G_AC_NONE),
	gsSPEndDisplayList(),
};

