Gfx pss_dl_tex1_128x128_7dfd7f15e58a6517_14_rgba16_aligner[] = {gsSPEndDisplayList()};
u8 pss_dl_tex1_128x128_7dfd7f15e58a6517_14_rgba16[] = {
	0x29, 0x49, 0x31, 0x49, 0x31, 0x49, 0x31, 0x49, 
	0x31, 0x49, 0x31, 0x49, 0x31, 0x49, 0x39, 0x89, 
	0x31, 0x89, 0x39, 0x8b, 0x31, 0x8b, 0x31, 0x49, 
	0x29, 0x47, 0x29, 0x07, 0x29, 0x07, 0x29, 0x07, 
	0x29, 0x47, 0x31, 0x47, 0x31, 0x49, 0x31, 0x49, 
	0x31, 0x49, 0x31, 0x49, 0x31, 0x49, 0x39, 0x8b, 
	0x39, 0x8b, 0x39, 0x89, 0x39, 0x8b, 0x39, 0x8b, 
	0x39, 0x8b, 0x31, 0x4b, 0x31, 0x49, 0x31, 0x49, 
	0x39, 0x89, 0x31, 0x89, 0x31, 0x89, 0x31, 0x89, 
	0x31, 0x49, 0x31, 0x49, 0x31, 0x89, 0x31, 0x49, 
	0x31, 0x49, 0x31, 0x89, 0x39, 0x89, 0x31, 0x89, 
	0x31, 0x89, 0x31, 0x8b, 0x39, 0xcb, 0x39, 0xcb, 
	0x41, 0xcb, 0x41, 0xcd, 0x41, 0xcb, 0x39, 0xcb, 
	0x41, 0xcb, 0x41, 0xcb, 0x39, 0x89, 0x31, 0x89, 
	0x31, 0x49, 0x31, 0x49, 0x31, 0x49, 0x31, 0x8b, 
	0x39, 0x8b, 0x39, 0x8b, 0x39, 0x8b, 0x39, 0x8b, 
	0x39, 0xcb, 0x41, 0xcd, 0x42, 0x0d, 0x4a, 0x0d, 
	0x4a, 0x4f, 0x31, 0x8b, 0x31, 0x8b, 0x4a, 0x0d, 
	0x42, 0x0d, 0x42, 0x0d, 0x4a, 0x0d, 0x42, 0x0d, 
	0x42, 0x0d, 0x42, 0x0d, 0x41, 0xcd, 0x39, 0xcb, 
	0x39, 0x8b, 0x39, 0xcb, 0x41, 0xcb, 0x39, 0xcb, 
	0x42, 0x0d, 0x42, 0x0d, 0x41, 0xcd, 0x41, 0xcb, 
	0x39, 0x8b, 0x41, 0xcd, 0x39, 0xcb, 0x39, 0xcb, 
	0x41, 0xcb, 0x39, 0xcb, 0x39, 0xcb, 0x39, 0xcb, 
	0x39, 0x89, 0x39, 0x89, 0x31, 0x49, 0x31, 0x89, 
	0x29, 0x49, 0x68, 0x83, 0x68, 0x83, 0x29, 0x49, 
	0x39, 0x8b, 0x39, 0x8b, 0x39, 0xcb, 0x41, 0xcb, 
	0x41, 0xcb, 0x41, 0xcb, 0x39, 0x8b, 0x39, 0x8b, 
	0x39, 0x89, 0x41, 0xcb, 0x39, 0x8b, 0x39, 0x89, 
	0x31, 0x49, 0x29, 0x49, 0x31, 0x89, 0x29, 0x49, 
	0x51, 0x09, 0x39, 0xcb, 0x41, 0xcd, 0x41, 0xcb, 
	0x41, 0xcd, 0x41, 0xcd, 0x41, 0xcb, 0x41, 0xcb, 
	0x31, 0x49, 0x31, 0x49, 0x31, 0x47, 0x21, 0x09, 
	0x70, 0x85, 0x99, 0x09, 0x98, 0x43, 0x78, 0x43, 
	0x31, 0x09, 0x39, 0x8b, 0x31, 0x49, 0x31, 0x49, 
	0x42, 0x0b, 0x6b, 0x13, 0x6b, 0x15, 0x73, 0x15, 
	0x73, 0x15, 0x5a, 0x91, 0x39, 0xcb, 0x31, 0x89, 
	0x31, 0x49, 0x31, 0x49, 0x21, 0x09, 0x68, 0xc5, 
	0x90, 0xc5, 0x78, 0x85, 0x31, 0x07, 0x29, 0x47, 
	0x31, 0x49, 0x31, 0x49, 0x31, 0x49, 0x29, 0x47, 
	0x49, 0xcd, 0x4a, 0x0f, 0x29, 0x4b, 0x88, 0xc7, 
	0xa0, 0xc7, 0xa0, 0xc7, 0xa1, 0x49, 0x98, 0x87, 
	0x78, 0x01, 0x31, 0x07, 0x62, 0xd3, 0x9c, 0x9f, 
	0xc5, 0xe9, 0xcd, 0xeb, 0xce, 0x2b, 0xd6, 0x2d, 
	0xd6, 0x2d, 0xce, 0x2b, 0xb5, 0x21, 0x9c, 0x5d, 
	0x4a, 0x0f, 0x21, 0x09, 0x80, 0x43, 0xa1, 0x09, 
	0xa0, 0xc5, 0xb0, 0x85, 0x98, 0x83, 0x58, 0xc7, 
	0x4a, 0x0f, 0x42, 0x0d, 0x4a, 0x0d, 0x42, 0x0b, 
	0x4a, 0x4f, 0x52, 0x4f, 0x41, 0xcb, 0x79, 0x09, 
	0xa8, 0x85, 0xb0, 0x41, 0xb0, 0xc7, 0xb0, 0xc7, 
	0xb0, 0x43, 0xba, 0x0f, 0xce, 0x6d, 0xde, 0xaf, 
	0xde, 0xb1, 0xd6, 0x6d, 0xcd, 0xe9, 0xc5, 0xa7, 
	0xc5, 0xa7, 0xbd, 0xa7, 0xbd, 0x65, 0xbd, 0xa5, 
	0xb5, 0x61, 0xa9, 0xcd, 0xa9, 0x09, 0xa8, 0xc7, 
	0xa9, 0x05, 0xb0, 0x83, 0xb0, 0xc5, 0x98, 0xc7, 
	0x41, 0xcd, 0x4a, 0x4f, 0x4a, 0x51, 0x4a, 0x4f, 
	0x52, 0x51, 0x52, 0x91, 0x52, 0x51, 0x39, 0x8b, 
	0xa0, 0x85, 0xb0, 0xc7, 0xb0, 0xc7, 0xb0, 0x85, 
	0xba, 0x51, 0xdd, 0xa7, 0xd5, 0xa5, 0xd6, 0x6f, 
	0xd6, 0x71, 0xd6, 0x2d, 0xd6, 0x2b, 0xd6, 0x2b, 
	0xd6, 0x6d, 0xd6, 0x6f, 0xd6, 0x29, 0xd6, 0x2d, 
	0xcd, 0xa7, 0xd4, 0x1b, 0xb9, 0x49, 0xb0, 0xc5, 
	0xb9, 0x03, 0xb1, 0x49, 0xb1, 0x49, 0x49, 0x09, 
	0x4a, 0x0d, 0x52, 0x51, 0x52, 0x51, 0x52, 0x51, 
	0x4a, 0x0f, 0x4a, 0x4d, 0x4a, 0x4f, 0x52, 0x4f, 
	0x51, 0x49, 0xa9, 0x07, 0xb1, 0x09, 0xb9, 0x8b, 
	0xcd, 0xa5, 0xcd, 0x65, 0xc5, 0x25, 0xc5, 0x67, 
	0xc5, 0xed, 0xc5, 0xeb, 0xc5, 0xeb, 0xc5, 0xa9, 
	0xc5, 0xeb, 0xce, 0x2b, 0xd6, 0x6f, 0xcd, 0xe9, 
	0xdd, 0xa9, 0xde, 0x2b, 0xcc, 0x1b, 0xb9, 0x05, 
	0xb1, 0x05, 0xb1, 0x49, 0x60, 0xc7, 0x42, 0x0f, 
	0x4a, 0x4f, 0x4a, 0x0f, 0x4a, 0x4f, 0x4a, 0x0f, 
	0x39, 0x8b, 0x39, 0xcb, 0x39, 0xcb, 0x39, 0xcb, 
	0x39, 0xcb, 0x40, 0xc5, 0x99, 0x49, 0xb4, 0x1f, 
	0xc5, 0x23, 0xc5, 0x23, 0xc5, 0x65, 0xc5, 0x69, 
	0xc5, 0x67, 0xc5, 0xed, 0xce, 0x2b, 0xcd, 0xe7, 
	0xcd, 0xe9, 0xc5, 0xed, 0xcd, 0xab, 0xcd, 0x67, 
	0xcd, 0x67, 0xc5, 0x23, 0xcd, 0xa5, 0xbb, 0x15, 
	0xb1, 0x09, 0x70, 0x85, 0x39, 0xcd, 0x4a, 0x0f, 
	0x4a, 0x0d, 0x41, 0xcd, 0x39, 0xcb, 0x39, 0x8b, 
	0x41, 0xcd, 0x42, 0x0d, 0x41, 0xcd, 0x4a, 0x0d, 
	0x4a, 0x0f, 0x4a, 0x4f, 0x52, 0x51, 0xd5, 0xa9, 
	0xd5, 0xa7, 0xd5, 0xed, 0xbc, 0x1d, 0xa1, 0x09, 
	0xa0, 0xc7, 0x81, 0x09, 0xb5, 0xab, 0xd6, 0x6f, 
	0xce, 0x2d, 0xcd, 0xe9, 0xc5, 0xab, 0xcd, 0xad, 
	0xcd, 0xab, 0xcd, 0x65, 0xd5, 0xa9, 0xac, 0xe1, 
	0x99, 0xcb, 0x41, 0x8b, 0x42, 0x0f, 0x4a, 0x0f, 
	0x42, 0x0d, 0x41, 0xcd, 0x41, 0xcd, 0x39, 0xcb, 
	0x31, 0x49, 0x31, 0x49, 0x39, 0x89, 0x39, 0x89, 
	0x39, 0x89, 0x39, 0x8b, 0x73, 0x59, 0xb5, 0x25, 
	0xb4, 0xa1, 0x9b, 0xdf, 0x88, 0x85, 0x90, 0xc5, 
	0x88, 0x43, 0x88, 0x83, 0x69, 0x8b, 0xb5, 0x69, 
	0xb5, 0x67, 0xb4, 0xe5, 0x9a, 0x11, 0x88, 0xc5, 
	0x9a, 0x93, 0xac, 0xe3, 0xac, 0xa3, 0x9c, 0xa1, 
	0x6b, 0x15, 0x21, 0x07, 0x29, 0x07, 0x31, 0x49, 
	0x31, 0x49, 0x31, 0x49, 0x39, 0x89, 0x31, 0x89, 
	0x4a, 0x0d, 0x4a, 0x0f, 0x4a, 0x0f, 0x4a, 0x0f, 
	0x4a, 0x4f, 0x4a, 0x0f, 0x83, 0xdb, 0xc5, 0xeb, 
	0xcd, 0xe9, 0xa2, 0x11, 0xa9, 0x09, 0xb1, 0x07, 
	0xb1, 0x07, 0xa9, 0x09, 0xa9, 0xcf, 0xb5, 0xab, 
	0xcd, 0x69, 0xa1, 0x07, 0xa0, 0x43, 0x98, 0x83, 
	0x98, 0x43, 0xaa, 0x51, 0xc5, 0xeb, 0xbd, 0x65, 
	0x73, 0x57, 0x39, 0xcb, 0x41, 0xcd, 0x4a, 0x0d, 
	0x4a, 0x0f, 0x42, 0x0d, 0x4a, 0x0d, 0x4a, 0x0d, 
	0x21, 0x09, 0x29, 0x47, 0x31, 0x49, 0x31, 0x89, 
	0x31, 0x89, 0x39, 0x8b, 0x6b, 0x15, 0xb5, 0x65, 
	0xbd, 0x67, 0x59, 0xcf, 0x80, 0xc5, 0xa0, 0x85, 
	0xa0, 0x43, 0xa1, 0x09, 0xa1, 0xcd, 0xc5, 0x27, 
	0xbc, 0x5d, 0x98, 0x43, 0x99, 0x07, 0x98, 0xc7, 
	0x88, 0x85, 0x61, 0x07, 0xad, 0x27, 0xac, 0xe3, 
	0x62, 0x93, 0x31, 0x89, 0x31, 0x49, 0x31, 0x49, 
	0x31, 0x49, 0x31, 0x49, 0x31, 0x49, 0x29, 0x07, 
	0x52, 0x4f, 0x52, 0x51, 0x52, 0x4f, 0x52, 0x4f, 
	0x4a, 0x4f, 0x4a, 0x4f, 0x52, 0x4f, 0xc5, 0xa7, 
	0xc5, 0xe7, 0x7b, 0xdd, 0x49, 0xcd, 0x98, 0xc7, 
	0xa0, 0x43, 0xb1, 0x09, 0xc3, 0x59, 0xc5, 0x23, 
	0xc5, 0x25, 0xb1, 0x09, 0xa9, 0x09, 0xa9, 0x09, 
	0x80, 0xc5, 0x52, 0x51, 0xc5, 0xed, 0xb5, 0x23, 
	0x5a, 0xd1, 0x52, 0x51, 0x52, 0x4f, 0x52, 0x51, 
	0x52, 0x51, 0x52, 0x51, 0x4a, 0x4f, 0x4a, 0x51, 
	0x39, 0xcb, 0x39, 0xcb, 0x41, 0xcb, 0x41, 0xcb, 
	0x41, 0xcb, 0x42, 0x0d, 0x4a, 0x0f, 0x8c, 0x5b, 
	0xbd, 0xa5, 0xbd, 0x67, 0x52, 0x93, 0x41, 0x49, 
	0x80, 0x41, 0xaa, 0x53, 0xb4, 0xa1, 0xbc, 0xe1, 
	0xbd, 0x23, 0xbc, 0xe7, 0xb1, 0x49, 0x80, 0x85, 
	0x41, 0xcb, 0x83, 0xdd, 0xc5, 0xeb, 0x94, 0x5d, 
	0x42, 0x0b, 0x41, 0xcd, 0x41, 0xcb, 0x39, 0xcb, 
	0x41, 0xcb, 0x41, 0xcd, 0x39, 0xcb, 0x39, 0xcb, 
	0x31, 0x49, 0x39, 0x8b, 0x31, 0x8b, 0x31, 0x89, 
	0x31, 0x49, 0x39, 0x8b, 0x39, 0x8b, 0x62, 0x91, 
	0xb5, 0x21, 0xbd, 0x63, 0xb5, 0xa9, 0x73, 0x9b, 
	0x7b, 0x99, 0xbd, 0x27, 0xc4, 0x9f, 0xbc, 0xe1, 
	0xbc, 0xe3, 0xbd, 0x25, 0xb4, 0x63, 0x73, 0x17, 
	0x8c, 0x1d, 0xbd, 0xa9, 0xbd, 0x63, 0x5a, 0x93, 
	0x39, 0x8b, 0x39, 0xcb, 0x39, 0xcb, 0x39, 0x8b, 
	0x31, 0x89, 0x31, 0x49, 0x31, 0x49, 0x29, 0x49, 
	0x4a, 0x0f, 0x4a, 0x0f, 0x4a, 0x4f, 0x4a, 0x4f, 
	0x4a, 0x4f, 0x4a, 0x4f, 0x4a, 0x4f, 0x42, 0x0d, 
	0xa4, 0xe3, 0xc5, 0xa7, 0xcd, 0xe7, 0xcd, 0xa9, 
	0xcd, 0x63, 0xcd, 0x25, 0xc3, 0x9b, 0xc5, 0xab, 
	0xb3, 0x9b, 0xc4, 0xa1, 0xc5, 0x25, 0xc5, 0x6b, 
	0xc5, 0xe7, 0xbd, 0xa5, 0x94, 0x5b, 0x39, 0xcb, 
	0x42, 0x0d, 0x41, 0xcd, 0x41, 0xcd, 0x41, 0xcd, 
	0x42, 0x0d, 0x4a, 0x0d, 0x4a, 0x0d, 0x4a, 0x0d, 
	0x42, 0x0d, 0x4a, 0x0f, 0x52, 0x4f, 0x4a, 0x4f, 
	0x4a, 0x51, 0x4a, 0x4f, 0x4a, 0x4f, 0x4a, 0x4f, 
	0x52, 0x51, 0x9c, 0xe5, 0xc5, 0xa9, 0xc5, 0x23, 
	0xc5, 0x6b, 0xb2, 0x53, 0x80, 0x43, 0xc4, 0xa1, 
	0x88, 0x85, 0xa9, 0xcf, 0xd5, 0xed, 0xd5, 0xa5, 
	0xd6, 0x6b, 0xbd, 0xa5, 0x42, 0x0f, 0x52, 0x51, 
	0x52, 0x51, 0x52, 0x91, 0x52, 0x4f, 0x52, 0x91, 
	0x52, 0x4f, 0x52, 0x4f, 0x4a, 0x4f, 0x4a, 0x0d, 
	0x52, 0x51, 0x52, 0x91, 0x52, 0x4f, 0x52, 0x4f, 
	0x4a, 0x4f, 0x4a, 0x51, 0x52, 0x51, 0x52, 0x91, 
	0x51, 0xcd, 0xba, 0x11, 0xdd, 0xeb, 0xdd, 0xe7, 
	0xdd, 0xe9, 0xdd, 0xa5, 0xdd, 0x67, 0xd6, 0x29, 
	0xcc, 0x9f, 0xd5, 0x63, 0xd5, 0xa5, 0xcd, 0xa7, 
	0xcd, 0xa5, 0xc3, 0x97, 0x39, 0x49, 0x4a, 0x51, 
	0x52, 0x91, 0x52, 0x51, 0x52, 0x8f, 0x52, 0x91, 
	0x52, 0x91, 0x52, 0x93, 0x5a, 0x91, 0x52, 0x91, 
	0x4a, 0x4f, 0x52, 0x51, 0x52, 0x51, 0x52, 0x51, 
	0x4a, 0x4f, 0x52, 0x4f, 0x4a, 0x0f, 0x49, 0xcd, 
	0x88, 0xc7, 0xa9, 0x07, 0xc2, 0x91, 0xcc, 0xe5, 
	0xd5, 0x67, 0xd5, 0xa7, 0xd5, 0x67, 0xd5, 0x65, 
	0xcd, 0x65, 0xd4, 0x9f, 0xd4, 0x5d, 0xc3, 0xd9, 
	0xc2, 0xd3, 0x98, 0x83, 0x88, 0x43, 0x4a, 0x0d, 
	0x5a, 0x93, 0x52, 0x91, 0x52, 0x51, 0x4a, 0x51, 
	0x52, 0x51, 0x4a, 0x0f, 0x4a, 0x4f, 0x4a, 0x0f, 
	0x4a, 0x0d, 0x42, 0x0d, 0x42, 0x0d, 0x41, 0xcb, 
	0x41, 0xcb, 0x39, 0xcb, 0x39, 0x8b, 0x78, 0x83, 
	0xa1, 0x05, 0xa0, 0xc5, 0xa1, 0x49, 0xbb, 0x15, 
	0xaa, 0x11, 0x98, 0x43, 0xa2, 0xd5, 0xa2, 0xd5, 
	0x98, 0xc7, 0xa1, 0x05, 0xa8, 0xc5, 0x99, 0x09, 
	0x92, 0x11, 0x98, 0x43, 0x90, 0x01, 0x70, 0x43, 
	0x39, 0x89, 0x39, 0x8b, 0x39, 0x8b, 0x39, 0xcb, 
	0x41, 0xcd, 0x41, 0xcb, 0x41, 0xcd, 0x42, 0x0d, 
	0x41, 0xcb, 0x41, 0xcd, 0x42, 0x0d, 0x42, 0x0d, 
	0x4a, 0x4f, 0x41, 0xcd, 0x80, 0x85, 0xb1, 0x09, 
	0xb1, 0x07, 0xb1, 0x07, 0xcc, 0xa3, 0xce, 0x29, 
	0xcd, 0xeb, 0x7b, 0x9b, 0xce, 0x6f, 0xc6, 0x2f, 
	0x73, 0x59, 0xcc, 0xa3, 0xba, 0x0f, 0xcd, 0x25, 
	0xcd, 0xe9, 0xc3, 0x17, 0xa0, 0x01, 0xa8, 0x41, 
	0x68, 0x85, 0x4a, 0x0d, 0x5a, 0x93, 0x5a, 0x93, 
	0x5a, 0x93, 0x52, 0x91, 0x4a, 0x4f, 0x42, 0x0d, 
	0x31, 0x49, 0x31, 0x89, 0x31, 0x49, 0x31, 0x49, 
	0x31, 0x07, 0x78, 0x83, 0x98, 0xc5, 0x91, 0x07, 
	0x98, 0xc7, 0x91, 0x05, 0xb3, 0x99, 0xb5, 0x23, 
	0x94, 0x5f, 0x62, 0xd5, 0xbd, 0x65, 0xad, 0x23, 
	0x8c, 0x1b, 0xb5, 0x25, 0xb3, 0xdf, 0xaa, 0x95, 
	0xac, 0xa1, 0xb4, 0x1d, 0x90, 0xc7, 0x88, 0x45, 
	0x90, 0x41, 0x58, 0x85, 0x31, 0x49, 0x31, 0x49, 
	0x29, 0x49, 0x29, 0x49, 0x29, 0x49, 0x31, 0x49, 
	0x41, 0xcd, 0x42, 0x0d, 0x42, 0x0d, 0x39, 0xcb, 
	0x78, 0xc3, 0xb1, 0x09, 0xa8, 0xc5, 0xa9, 0x49, 
	0xa9, 0x07, 0xa9, 0x49, 0xa1, 0x07, 0x6a, 0x95, 
	0x4a, 0x4f, 0x41, 0xcd, 0x73, 0x57, 0x7b, 0x97, 
	0x6b, 0x15, 0xbd, 0xa7, 0xa4, 0x1d, 0x98, 0x43, 
	0xaa, 0x0f, 0xb2, 0x11, 0xa9, 0x05, 0xa8, 0xc3, 
	0xa0, 0xc7, 0xa0, 0x81, 0x68, 0x85, 0x39, 0xcb, 
	0x41, 0xcb, 0x39, 0x8b, 0x39, 0xcb, 0x39, 0xcb, 
	0x42, 0x0d, 0x4a, 0x0d, 0x41, 0xcd, 0x41, 0xcb, 
	0x39, 0x05, 0x98, 0xc7, 0xa9, 0x4b, 0xa9, 0x09, 
	0xa9, 0x07, 0xa0, 0xc7, 0x58, 0xc7, 0x31, 0x8b, 
	0x42, 0x0d, 0x41, 0xcd, 0x41, 0xcd, 0x41, 0xcd, 
	0x41, 0xcb, 0x5a, 0x91, 0x4a, 0x0d, 0x39, 0x49, 
	0x58, 0x41, 0x98, 0xc5, 0xa1, 0x05, 0xa0, 0xc3, 
	0xa9, 0x07, 0xa1, 0x05, 0x70, 0x41, 0x39, 0xcd, 
	0x41, 0xcd, 0x42, 0x0d, 0x41, 0xcd, 0x42, 0x0d, 
	0x4a, 0x4f, 0x4a, 0x0f, 0x4a, 0x0f, 0x42, 0x0d, 
	0x42, 0x0d, 0x41, 0x07, 0x98, 0x85, 0xb1, 0x4b, 
	0xa9, 0x09, 0x60, 0xc7, 0x39, 0x8b, 0x41, 0xcd, 
	0x41, 0xcb, 0x39, 0xcb, 0x39, 0xcb, 0x41, 0xcb, 
	0x42, 0x0d, 0x41, 0xcb, 0x41, 0xcb, 0x39, 0xcd, 
	0x39, 0x49, 0x60, 0x41, 0xa0, 0x85, 0xa9, 0x4b, 
	0xa9, 0x09, 0x68, 0x41, 0x41, 0xcd, 0x4a, 0x4f, 
	0x4a, 0x4f, 0x4a, 0x51, 0x4a, 0x0f, 0x4a, 0x0f, 
	0x41, 0xcb, 0x42, 0x0d, 0x42, 0x0d, 0x4a, 0x0d, 
	0x42, 0x0d, 0x42, 0x0d, 0x39, 0x89, 0x70, 0x85, 
	0x50, 0xc5, 0x39, 0xcd, 0x41, 0xcd, 0x41, 0xcd, 
	0x41, 0xcd, 0x42, 0x0d, 0x4a, 0x0f, 0x4a, 0x0f, 
	0x4a, 0x4f, 0x52, 0x4f, 0x4a, 0x4f, 0x4a, 0x0d, 
	0x4a, 0x0f, 0x41, 0x8b, 0x68, 0x41, 0xa0, 0x43, 
	0x48, 0x85, 0x39, 0xcd, 0x39, 0xcb, 0x31, 0x89, 
	0x31, 0x89, 0x39, 0x8b, 0x41, 0xcb, 0x41, 0xcd, 
	0x39, 0x89, 0x31, 0x8b, 0x39, 0xcb, 0x41, 0xcd, 
	0x41, 0xcb, 0x41, 0xcb, 0x41, 0xcd, 0x31, 0x49, 
	0x31, 0x8b, 0x41, 0xcd, 0x39, 0xcb, 0x39, 0x8b, 
	0x39, 0x8b, 0x41, 0xcb, 0x41, 0xcb, 0x41, 0xcb, 
	0x41, 0xcd, 0x41, 0xcd, 0x41, 0xcd, 0x41, 0xcd, 
	0x41, 0xcd, 0x41, 0xcd, 0x39, 0x07, 0x30, 0xc5, 
	0x41, 0xcb, 0x41, 0xcd, 0x42, 0x0d, 0x42, 0x0d, 
	0x41, 0xcb, 0x39, 0xcb, 0x39, 0x8b, 0x39, 0x89, 
	0x41, 0xcb, 0x41, 0xcd, 0x39, 0x8b, 0x39, 0x8b, 
	0x39, 0x8b, 0x31, 0x8b, 0x39, 0x8b, 0x39, 0x8b, 
	0x39, 0x8b, 0x39, 0x89, 0x29, 0x49, 0x29, 0x49, 
	0x31, 0x49, 0x31, 0x49, 0x29, 0x49, 0x29, 0x47, 
	0x29, 0x47, 0x29, 0x49, 0x31, 0x49, 0x31, 0x89, 
	0x39, 0x8b, 0x39, 0xcb, 0x39, 0xcb, 0x41, 0xcd, 
	0x42, 0x0d, 0x42, 0x0d, 0x41, 0xcd, 0x41, 0xcd, 
	0x41, 0xcd, 0x41, 0xcd, 0x39, 0xcb, 0x39, 0xcb, 
	0x39, 0x8b, 0x39, 0x8b, 0x39, 0xcb, 0x41, 0xcb, 
	0x41, 0xcb, 0x4a, 0x0d, 0x4a, 0x0d, 0x4a, 0x0d, 
	0x4a, 0x4f, 0x4a, 0x4f, 0x4a, 0x0f, 0x4a, 0x0d, 
	0x4a, 0x4f, 0x4a, 0x4d, 0x52, 0x4f, 0x4a, 0x4f, 
	0x4a, 0x4f, 0x4a, 0x4f, 0x52, 0x4f, 0x4a, 0x0d, 
	0x42, 0x0d, 0x41, 0xcd, 0x41, 0xcb, 0x41, 0xcd, 
	0x41, 0xcd, 0x42, 0x0d, 0x4a, 0x0d, 0x42, 0x0d, 
	0x4a, 0x4d, 0x4a, 0x0f, 0x42, 0x0d, 0x41, 0xcb, 
	0x31, 0x49, 0x39, 0x89, 0x39, 0x89, 0x31, 0x89, 
	0x39, 0x8b, 0x39, 0x8b, 0x39, 0x8b, 0x39, 0x8b, 
	0x39, 0x89, 0x39, 0x8b, 0x39, 0x8b, 0x39, 0x8b, 
	0x31, 0x89, 0x31, 0x89, 0x39, 0x8b, 0x31, 0x49, 
	0x31, 0x49, 0x31, 0x49, 0x31, 0x49, 0x39, 0x89, 
	0x39, 0x8b, 0x39, 0x8b, 0x41, 0xcb, 0x39, 0x8b, 
	0x31, 0x89, 0x39, 0x89, 0x31, 0x89, 0x31, 0x49, 
	0x31, 0x49, 0x31, 0x49, 0x31, 0x49, 0x31, 0x49, 
	
};

Gfx pss_dl_SUPER_MARIO_64_6AA1BE26_0_2_all_rgba16_aligner[] = {gsSPEndDisplayList()};
u8 pss_dl_SUPER_MARIO_64_6AA1BE26_0_2_all_rgba16[] = {
	0x53, 0x15, 0x4a, 0x57, 0x6a, 0xd9, 0x5a, 0x99, 
	0x63, 0x1b, 0x6b, 0x99, 0x6b, 0x19, 0x7b, 0xdd, 
	0x7b, 0x5b, 0x83, 0x9b, 0x63, 0x17, 0x6b, 0x9d, 
	0x8c, 0x21, 0x73, 0x9d, 0x83, 0xdf, 0x7b, 0x9b, 
	0xef, 0x75, 0xdf, 0x37, 0xe6, 0xb7, 0xd6, 0xb5, 
	0xd6, 0xf5, 0xe7, 0xb7, 0xe6, 0xfb, 0xe6, 0xfb, 
	0xee, 0xf5, 0xf7, 0x39, 0xef, 0xfb, 0xef, 0xf9, 
	0xe7, 0x77, 0xdf, 0xbd, 0xd7, 0x37, 0xdf, 0x3b, 
	0x52, 0xd7, 0x5a, 0xd5, 0x62, 0x97, 0x63, 0x57, 
	0x63, 0x57, 0x5a, 0xd9, 0x6b, 0x5d, 0x73, 0x9b, 
	0x73, 0x9d, 0x83, 0xdb, 0x7b, 0x5d, 0x6b, 0x59, 
	0x83, 0x9b, 0x74, 0x1b, 0x7c, 0x1f, 0x7b, 0x19, 
	0xe7, 0x3d, 0xef, 0xbb, 0xe7, 0x3b, 0xd6, 0xb7, 
	0xd6, 0xf7, 0xef, 0x77, 0xf7, 0xfd, 0xe7, 0x79, 
	0xef, 0x3f, 0xff, 0xfb, 0xef, 0x3d, 0xef, 0x39, 
	0xde, 0xf9, 0xdf, 0x35, 0xe7, 0x3b, 0xde, 0xb9, 
	0x63, 0x19, 0x52, 0xd3, 0x5b, 0x17, 0x63, 0x59, 
	0x6b, 0x1b, 0x63, 0x57, 0x7b, 0x9d, 0x73, 0x5f, 
	0x6b, 0x9d, 0x84, 0x21, 0x83, 0xdd, 0x7b, 0x5d, 
	0x6b, 0x57, 0x73, 0x5d, 0x7b, 0xdd, 0x6b, 0x59, 
	0xe7, 0x3b, 0xef, 0x7d, 0xff, 0x7d, 0xe7, 0x7b, 
	0xdf, 0x7b, 0xe7, 0x3b, 0xef, 0x7d, 0xf7, 0xfb, 
	0xf7, 0xff, 0xff, 0xbb, 0xef, 0xfd, 0xf7, 0x39, 
	0xdf, 0x35, 0xe6, 0xf9, 0xdf, 0x35, 0xef, 0x3b, 
	0x53, 0x15, 0x52, 0x95, 0x5a, 0x97, 0x53, 0x59, 
	0x5b, 0x19, 0x73, 0x9b, 0x7b, 0x59, 0x6b, 0x9f, 
	0x74, 0x1d, 0x8b, 0xdd, 0x8b, 0xdf, 0x73, 0x9d, 
	0x74, 0x1d, 0x6b, 0xd9, 0x8b, 0xdf, 0x6b, 0xdd, 
	0xef, 0xfd, 0xe7, 0x77, 0xf7, 0x7d, 0xf7, 0x7d, 
	0xe7, 0x79, 0xef, 0xb9, 0xff, 0xbf, 0xff, 0xfb, 
	0xef, 0xfb, 0xf7, 0xfb, 0xff, 0xbb, 0xff, 0xbb, 
	0xe7, 0xbb, 0xd7, 0x73, 0xd6, 0xb7, 0xe6, 0xb3, 
	0x4b, 0x17, 0x53, 0x15, 0x52, 0xd9, 0x5b, 0x57, 
	0x63, 0x15, 0x5b, 0x19, 0x73, 0x9d, 0x63, 0x1d, 
	0x73, 0x5d, 0x7b, 0xdb, 0x7c, 0x23, 0x8c, 0x5d, 
	0x73, 0x9d, 0x6b, 0x9d, 0x7b, 0xd9, 0x7b, 0x9b, 
	0xef, 0x7f, 0xef, 0xbb, 0xef, 0x35, 0xe6, 0xf9, 
	0xef, 0xb9, 0xf7, 0x7b, 0xf7, 0x7b, 0xf7, 0xfd, 
	0xef, 0x3d, 0xff, 0xb9, 0xef, 0xfb, 0xff, 0xbf, 
	0xef, 0x79, 0xe7, 0x7b, 0xce, 0x35, 0xde, 0xf5, 
	0x5b, 0x5b, 0x62, 0xd5, 0x6b, 0x15, 0x5b, 0x59, 
	0x72, 0xd7, 0x6b, 0x57, 0x5a, 0xdb, 0x73, 0xd9, 
	0x7b, 0x9f, 0x73, 0x5f, 0x8b, 0xdd, 0x7b, 0xdd, 
	0x7b, 0xd9, 0x6b, 0x9f, 0x6b, 0xdb, 0x6b, 0x1d, 
	0xe7, 0x7b, 0xe7, 0x79, 0xef, 0x77, 0xde, 0x73, 
	0xdf, 0x73, 0xee, 0xf9, 0xe6, 0xfb, 0xef, 0x77, 
	0xe7, 0x7b, 0xff, 0xf7, 0xf7, 0x79, 0xff, 0xbd, 
	0xf7, 0x7d, 0xde, 0xf3, 0xd7, 0x33, 0xde, 0x73, 
	0x6b, 0x1b, 0x53, 0x17, 0x62, 0x99, 0x62, 0x99, 
	0x53, 0x17, 0x6b, 0x19, 0x5b, 0x13, 0x6b, 0x17, 
	0x6b, 0x9d, 0x7b, 0x5b, 0x73, 0x5d, 0x7c, 0x1d, 
	0x73, 0xdf, 0x7b, 0x5d, 0x73, 0x5f, 0x63, 0x9b, 
	0xef, 0xff, 0xff, 0xfb, 0xef, 0xbf, 0xe7, 0x75, 
	0xde, 0xf5, 0xef, 0x37, 0xef, 0xb9, 0xff, 0x7b, 
	0xff, 0xff, 0xff, 0xfd, 0xff, 0xfd, 0xef, 0x7f, 
	0xef, 0xbd, 0xf7, 0x7b, 0xef, 0x7b, 0xde, 0xf7, 
	0x6a, 0xd9, 0x4a, 0x99, 0x6b, 0x57, 0x52, 0xd7, 
	0x5b, 0x15, 0x53, 0x17, 0x5b, 0x13, 0x52, 0x93, 
	0x62, 0x59, 0x62, 0xd7, 0x6b, 0x19, 0x73, 0x17, 
	0x73, 0x17, 0x6a, 0xd5, 0x62, 0xdb, 0x7b, 0x5d, 
	0xff, 0xbd, 0xff, 0xbf, 0xf7, 0xbd, 0xe7, 0xbd, 
	0xe7, 0x39, 0xf7, 0xbb, 0xff, 0x7b, 0xf7, 0xb9, 
	0xf7, 0xbb, 0xf7, 0xfd, 0xff, 0xbb, 0xef, 0x39, 
	0xf7, 0xbb, 0xef, 0x7b, 0xef, 0xb7, 0xf7, 0x79, 
	0x73, 0x59, 0x63, 0x59, 0x63, 0x15, 0x52, 0x95, 
	0x4b, 0x17, 0x5a, 0x93, 0x52, 0xd3, 0x62, 0x93, 
	0x6a, 0x97, 0x63, 0x57, 0x6b, 0x19, 0x52, 0xd5, 
	0x6a, 0xd7, 0x5b, 0x57, 0x6b, 0x15, 0x73, 0x1d, 
	0xef, 0xbd, 0xff, 0x3d, 0xff, 0x7b, 0xf7, 0xf9, 
	0xdf, 0x3b, 0xff, 0xb9, 0xf7, 0x39, 0xef, 0x7f, 
	0xff, 0xbf, 0xff, 0xfd, 0xf7, 0xfd, 0xff, 0xfb, 
	0xef, 0xf7, 0xe7, 0x39, 0xef, 0xb9, 0xf7, 0x77, 
	0x7b, 0x5d, 0x5b, 0x5b, 0x5a, 0xd5, 0x6b, 0x99, 
	0x6b, 0x55, 0x63, 0x15, 0x6b, 0x57, 0x4a, 0xd5, 
	0x5b, 0x17, 0x4b, 0x17, 0x5a, 0x95, 0x52, 0x97, 
	0x5a, 0x99, 0x63, 0x19, 0x62, 0x99, 0x5a, 0xd7, 
	0xe7, 0x77, 0xef, 0x35, 0xf7, 0x39, 0xf7, 0x39, 
	0xe7, 0x77, 0xef, 0x3d, 0xef, 0x79, 0xef, 0xbb, 
	0xef, 0xbf, 0xef, 0xff, 0xff, 0xfd, 0xef, 0x79, 
	0xef, 0xbb, 0xf7, 0x77, 0xee, 0xfb, 0xf7, 0xff, 
	0x6b, 0xd9, 0x5b, 0x5b, 0x62, 0xd5, 0x63, 0x19, 
	0x53, 0x55, 0x62, 0x99, 0x6b, 0x99, 0x6a, 0x95, 
	0x62, 0x99, 0x5a, 0x97, 0x5a, 0xd9, 0x5a, 0xd7, 
	0x5b, 0x17, 0x63, 0x55, 0x53, 0x57, 0x5b, 0x5b, 
	0xdf, 0x79, 0xee, 0xf5, 0xe6, 0xf9, 0xdf, 0x39, 
	0xf7, 0x7d, 0xf7, 0xbb, 0xf7, 0xfb, 0xf7, 0xbd, 
	0xf7, 0x79, 0xf7, 0xbf, 0xff, 0xfd, 0xf7, 0xff, 
	0xf7, 0x79, 0xdf, 0x37, 0xe7, 0x77, 0xef, 0xbf, 
	0x5b, 0x19, 0x6b, 0x97, 0x5a, 0xd7, 0x52, 0x99, 
	0x5a, 0xd7, 0x5a, 0xd9, 0x52, 0xd7, 0x5b, 0x15, 
	0x5a, 0x9b, 0x4b, 0x19, 0x5b, 0x5b, 0x6b, 0x5b, 
	0x72, 0xd7, 0x53, 0x19, 0x6b, 0x15, 0x5a, 0xd7, 
	0xe7, 0x77, 0xe6, 0xb3, 0xde, 0xb3, 0xce, 0xb5, 
	0xe6, 0xf7, 0xee, 0xf5, 0xef, 0x7d, 0xe7, 0x79, 
	0xf7, 0xbb, 0xff, 0xbd, 0xef, 0xbf, 0xff, 0xff, 
	0xf7, 0xf9, 0xde, 0xf9, 0xf7, 0x3b, 0xf7, 0xb9, 
	0x62, 0xdb, 0x5b, 0x99, 0x5b, 0x59, 0x5a, 0xd3, 
	0x5a, 0xd7, 0x62, 0xd9, 0x5b, 0x15, 0x62, 0x95, 
	0x62, 0x95, 0x5a, 0xdb, 0x6a, 0xd9, 0x6b, 0x5b, 
	0x62, 0x99, 0x5a, 0xdb, 0x6b, 0x55, 0x73, 0x9d, 
	0xe6, 0xfb, 0xdf, 0x37, 0xdf, 0xb9, 0xdf, 0x79, 
	0xf7, 0x3b, 0xf7, 0x77, 0xe6, 0xf9, 0xe7, 0x77, 
	0xd6, 0xb9, 0xff, 0x77, 0xf7, 0xbd, 0xf7, 0xff, 
	0xe7, 0xbd, 0xe7, 0x39, 0xe7, 0x39, 0xef, 0x79, 
	0x6b, 0x99, 0x5b, 0x5b, 0x6b, 0x17, 0x52, 0x93, 
	0x5a, 0x95, 0x52, 0x99, 0x5a, 0xdb, 0x62, 0xd9, 
	0x5a, 0xd9, 0x62, 0xdb, 0x62, 0x97, 0x5a, 0xd7, 
	0x5b, 0x15, 0x5a, 0x95, 0x5b, 0x59, 0x6b, 0x59, 
	0xef, 0xbb, 0xff, 0x7d, 0xef, 0x7b, 0xef, 0x39, 
	0xef, 0xb9, 0xef, 0x7b, 0xe7, 0x3d, 0xf7, 0x77, 
	0xef, 0x77, 0xf7, 0xf9, 0xff, 0xfd, 0xff, 0xb9, 
	0xf7, 0x7f, 0xef, 0x7d, 0xde, 0xbb, 0xd6, 0xf5, 
	0x73, 0x1d, 0x6b, 0x97, 0x6b, 0x15, 0x63, 0x5b, 
	0x52, 0xd9, 0x5a, 0xd5, 0x62, 0xdb, 0x62, 0xd9, 
	0x6b, 0x17, 0x62, 0xd7, 0x63, 0x9b, 0x63, 0x57, 
	0x62, 0xd5, 0x62, 0x99, 0x6b, 0x17, 0x6b, 0x1b, 
	0xee, 0xb9, 0xe6, 0xf7, 0xd6, 0xf7, 0xe6, 0x73, 
	0xe6, 0x77, 0xdf, 0xb7, 0xe7, 0x77, 0xf7, 0xb9, 
	0xf6, 0xf9, 0xee, 0xf7, 0xe7, 0x79, 0xf7, 0x39, 
	0xf7, 0x3b, 0xff, 0x37, 0xf7, 0x77, 0xef, 0x35, 
	0x6b, 0xdb, 0x5b, 0x57, 0x63, 0x15, 0x73, 0x57, 
	0x6a, 0x95, 0x5b, 0x55, 0x6b, 0x5b, 0x62, 0x95, 
	0x72, 0xd9, 0x63, 0x57, 0x62, 0xdb, 0x6a, 0xd9, 
	0x53, 0x57, 0x62, 0x99, 0x5a, 0x95, 0x5a, 0x93, 
	0xce, 0x6f, 0xce, 0xb5, 0xc6, 0xb3, 0xde, 0xb5, 
	0xc6, 0x73, 0xe6, 0xb5, 0xef, 0x39, 0xff, 0xbb, 
	0xf7, 0x39, 0xd7, 0x3b, 0xdf, 0x39, 0xff, 0x39, 
	0xe7, 0x3b, 0xef, 0xbb, 0xdf, 0x39, 0xe7, 0x39, 
	0xde, 0xb9, 0xce, 0xf5, 0xdf, 0x7b, 0xe7, 0x7b, 
	0xf7, 0x39, 0xee, 0xf9, 0xe7, 0x39, 0xdf, 0x79, 
	0xe6, 0xf7, 0xdf, 0x37, 0xde, 0xf7, 0xe7, 0x7b, 
	0xdf, 0x79, 0xee, 0xf5, 0xce, 0xf5, 0xce, 0xb3, 
	0x53, 0x17, 0x5a, 0xd3, 0x5a, 0x59, 0x5a, 0x97, 
	0x4a, 0xd5, 0x6b, 0x19, 0x6a, 0xd5, 0x63, 0x17, 
	0x63, 0x19, 0x6b, 0x17, 0x63, 0x57, 0x63, 0xdd, 
	0x63, 0x99, 0x63, 0x99, 0x63, 0x97, 0x5a, 0x97, 
	0xd7, 0x39, 0xce, 0xb5, 0xdf, 0x39, 0xdf, 0x7b, 
	0xef, 0xb9, 0xef, 0x79, 0xef, 0x7f, 0xf6, 0xf9, 
	0xe7, 0x35, 0xe7, 0x75, 0xde, 0xf7, 0xee, 0xf7, 
	0xee, 0xf7, 0xcf, 0x31, 0xde, 0xf7, 0xce, 0xf1, 
	0x4a, 0xd7, 0x63, 0x13, 0x62, 0x53, 0x53, 0x55, 
	0x63, 0x57, 0x6a, 0xd7, 0x63, 0x19, 0x6b, 0x59, 
	0x73, 0x99, 0x72, 0xdb, 0x5a, 0xd5, 0x63, 0x19, 
	0x73, 0x5b, 0x62, 0xdb, 0x6b, 0x5b, 0x63, 0x97, 
	0xdf, 0x35, 0xe6, 0xf5, 0xe7, 0xbb, 0xee, 0xf9, 
	0xe7, 0x79, 0xe7, 0x7f, 0xe7, 0xbd, 0xef, 0x79, 
	0xde, 0xf9, 0xe6, 0xf5, 0xe7, 0x35, 0xe6, 0xfb, 
	0xff, 0xb7, 0xef, 0x3b, 0xd6, 0xb9, 0xce, 0xf3, 
	0x52, 0xd5, 0x52, 0x97, 0x5b, 0x13, 0x5a, 0x97, 
	0x52, 0x97, 0x62, 0xdb, 0x6a, 0x99, 0x53, 0x55, 
	0x6b, 0x1b, 0x6b, 0x5b, 0x72, 0xd5, 0x52, 0xd7, 
	0x53, 0x15, 0x6b, 0x57, 0x5a, 0x95, 0x6b, 0xd7, 
	0xce, 0xb5, 0xe6, 0x79, 0xe7, 0x79, 0xe7, 0x3d, 
	0xf7, 0xf9, 0xef, 0xfd, 0xef, 0x3b, 0xe7, 0x7d, 
	0xd6, 0xf7, 0xe6, 0xb3, 0xce, 0xf7, 0xce, 0xb3, 
	0xee, 0xf5, 0xdf, 0x79, 0xe6, 0xf5, 0xe6, 0xf3, 
	0x53, 0x59, 0x63, 0x17, 0x53, 0x59, 0x5a, 0xd9, 
	0x4a, 0xd5, 0x5b, 0x13, 0x63, 0x13, 0x53, 0x15, 
	0x63, 0x59, 0x6b, 0x17, 0x6b, 0xd7, 0x62, 0xd7, 
	0x52, 0xd9, 0x52, 0xd9, 0x5a, 0xd5, 0x6b, 0x5b, 
	0xce, 0x75, 0xd6, 0xb9, 0xe7, 0x39, 0xde, 0xf7, 
	0xe7, 0xbb, 0xf7, 0xfd, 0xef, 0xfd, 0xe7, 0x39, 
	0xd6, 0xf7, 0xdf, 0x39, 0xe6, 0x31, 0xd6, 0xb3, 
	0xce, 0x75, 0xd7, 0x33, 0xe6, 0xf9, 0xce, 0x71, 
	0x63, 0x53, 0x62, 0xd5, 0x6a, 0xd7, 0x6a, 0xdb, 
	0x6a, 0xd9, 0x5a, 0x97, 0x6a, 0xd9, 0x53, 0x17, 
	0x6b, 0x57, 0x63, 0x1b, 0x73, 0x97, 0x63, 0x97, 
	0x5b, 0x55, 0x5b, 0x17, 0x5a, 0xd9, 0x63, 0x57, 
	0xd6, 0xb5, 0xee, 0xb9, 0xee, 0xf7, 0xe7, 0x3b, 
	0xf6, 0xfb, 0xef, 0xbd, 0xf7, 0xfb, 0xff, 0xbf, 
	0xef, 0xff, 0xee, 0xf9, 0xd6, 0xf5, 0xde, 0xb5, 
	0xce, 0x33, 0xe6, 0xf3, 0xde, 0x75, 0xc6, 0x73, 
	0x52, 0xd9, 0x63, 0x17, 0x62, 0x95, 0x5b, 0x1b, 
	0x63, 0x55, 0x6b, 0x59, 0x5b, 0x5b, 0x63, 0x19, 
	0x53, 0x15, 0x63, 0x19, 0x73, 0x5b, 0x63, 0xdd, 
	0x6b, 0x19, 0x63, 0x19, 0x6b, 0x15, 0x62, 0xd7, 
	0xdf, 0x37, 0xee, 0xb3, 0xe7, 0x3b, 0xe7, 0x3b, 
	0xf7, 0x3b, 0xf7, 0x7d, 0xef, 0xbd, 0xff, 0x3b, 
	0xff, 0xbf, 0xef, 0xb9, 0xe6, 0xb7, 0xde, 0x77, 
	0xce, 0x71, 0xd6, 0x71, 0xe6, 0x73, 0xd6, 0xb3, 
	0x62, 0x95, 0x52, 0x97, 0x62, 0x99, 0x6b, 0x15, 
	0x73, 0x9b, 0x6b, 0x57, 0x63, 0x19, 0x5a, 0xd9, 
	0x5b, 0x99, 0x63, 0x17, 0x73, 0xdb, 0x73, 0xdd, 
	0x83, 0xd9, 0x73, 0xdd, 0x7b, 0xd9, 0x73, 0x5b, 
	0xf7, 0xbd, 0xf7, 0xbb, 0xff, 0xbd, 0xdf, 0x7b, 
	0xff, 0xbd, 0xef, 0x3b, 0xff, 0x7f, 0xf7, 0xbd, 
	0xff, 0xff, 0xef, 0x7f, 0xef, 0x39, 0xd7, 0x77, 
	0xe7, 0x33, 0xde, 0xb5, 0xe7, 0x35, 0xd7, 0x35, 
	0x5a, 0x57, 0x52, 0x59, 0x6b, 0x5b, 0x6b, 0x17, 
	0x62, 0xd7, 0x62, 0xd9, 0x6b, 0x1b, 0x63, 0x1b, 
	0x6b, 0x1d, 0x6b, 0x1b, 0x74, 0x21, 0x7b, 0x5f, 
	0x7c, 0x5f, 0x83, 0x5d, 0x83, 0x5f, 0x73, 0x5f, 
	0xff, 0xbf, 0xef, 0x7d, 0xff, 0xfd, 0xff, 0x7b, 
	0xff, 0x7b, 0xe7, 0x7b, 0xff, 0xbb, 0xef, 0xfb, 
	0xf7, 0xbf, 0xef, 0xbf, 0xef, 0xf9, 0xf7, 0x79, 
	0xde, 0xf9, 0xd6, 0xf3, 0xcf, 0x37, 0xdf, 0x35, 
	0x62, 0xd5, 0x52, 0xd7, 0x63, 0x57, 0x72, 0xd9, 
	0x73, 0x1b, 0x73, 0x17, 0x63, 0x17, 0x73, 0x99, 
	0x62, 0xd9, 0x62, 0xdd, 0x7b, 0x5f, 0x8b, 0xe1, 
	0x74, 0x5b, 0x73, 0xdd, 0x73, 0x9f, 0x7b, 0x9d, 
	0xf7, 0xbf, 0xf7, 0xfb, 0xf7, 0x7b, 0xf7, 0x7d, 
	0xe7, 0xb9, 0xe7, 0xbb, 0xef, 0xbb, 0xf7, 0xbd, 
	0xf7, 0xbd, 0xef, 0x3f, 0xff, 0xbb, 0xef, 0xbd, 
	0xe6, 0xfb, 0xd6, 0xf5, 0xde, 0x75, 0xd6, 0x75, 
	0x6b, 0x59, 0x52, 0x93, 0x52, 0xd7, 0x63, 0x19, 
	0x73, 0x5d, 0x7b, 0x5f, 0x7b, 0xdb, 0x73, 0x99, 
	0x62, 0xd9, 0x63, 0x19, 0x63, 0x9d, 0x73, 0xe1, 
	0x8b, 0xdf, 0x8c, 0x21, 0x73, 0x9d, 0x73, 0x1d, 
	0xf7, 0x7d, 0xff, 0x7d, 0xff, 0xfb, 0xe7, 0xbd, 
	0xff, 0x7d, 0xe7, 0xbd, 0xef, 0x3b, 0xef, 0xb9, 
	0xff, 0xff, 0xe7, 0xbb, 0xff, 0xb9, 0xf7, 0x7d, 
	0xef, 0x79, 0xe7, 0x7b, 0xe7, 0x39, 0xdf, 0x37, 
	0x53, 0x19, 0x52, 0xd7, 0x52, 0xd7, 0x4a, 0x59, 
	0x73, 0x17, 0x6b, 0x19, 0x84, 0x1d, 0x74, 0x1d, 
	0x74, 0x19, 0x73, 0x1b, 0x6b, 0x5d, 0x6b, 0x1d, 
	0x73, 0x9b, 0x7b, 0x9b, 0x73, 0x9b, 0x6b, 0x19, 
	0xef, 0x7d, 0xdf, 0x79, 0xe7, 0x79, 0xde, 0xf7, 
	0xff, 0xfd, 0xff, 0x7d, 0xe7, 0x39, 0xef, 0xfd, 
	0xff, 0xbd, 0xf7, 0xfb, 0xff, 0xfb, 0xff, 0xbf, 
	0xff, 0x7d, 0xff, 0x79, 0xde, 0xf7, 0xde, 0xb3, 
	0x4a, 0xd3, 0x53, 0x13, 0x52, 0xd9, 0x42, 0x55, 
	0x5a, 0x97, 0x5a, 0x95, 0x83, 0x9b, 0x8b, 0xdf, 
	0x74, 0x1d, 0x7c, 0x1b, 0x6b, 0x99, 0x6b, 0x5b, 
	0x73, 0x5b, 0x5b, 0x5b, 0x63, 0x57, 0x73, 0x99, 
	0xff, 0xbf, 0xef, 0x37, 0xff, 0x7b, 0xf7, 0xbd, 
	0xff, 0xfd, 0xff, 0x3d, 0xff, 0xf9, 0xff, 0x7d, 
	0xf7, 0x7d, 0xef, 0x7b, 0xef, 0xfb, 0xf7, 0x7b, 
	0xf7, 0xbb, 0xef, 0xf9, 0xff, 0xbb, 0xdf, 0x79, 
	0x62, 0xd5, 0x62, 0x97, 0x5a, 0x93, 0x52, 0x95, 
	0x52, 0xd3, 0x5a, 0xd7, 0x6a, 0xd9, 0x7b, 0xdd, 
	0x8c, 0x63, 0x7c, 0x1b, 0x84, 0x1f, 0x73, 0xd9, 
	0x6a, 0xd7, 0x73, 0x9d, 0x73, 0x9d, 0x6b, 0x1d, 
	0xee, 0xb5, 0xde, 0xb7, 0xee, 0xf9, 0xef, 0xf9, 
	0xf7, 0x79, 0xf7, 0x7b, 0xff, 0xbf, 0xff, 0x3d, 
	0xff, 0xbf, 0xff, 0xbb, 0xf7, 0x7b, 0xe7, 0x79, 
	0xf7, 0xb9, 0xf7, 0xb7, 0xef, 0x77, 0xef, 0xbb, 
	0x63, 0x15, 0x63, 0x57, 0x63, 0x5b, 0x5a, 0xd9, 
	0x5a, 0xd7, 0x6a, 0xd5, 0x63, 0x19, 0x63, 0x17, 
	0x7b, 0xe1, 0x8c, 0x63, 0x7c, 0x5d, 0x84, 0x21, 
	0x8c, 0x1f, 0x7b, 0x9d, 0x73, 0x5b, 0x62, 0xd7, 
	0xe6, 0xf7, 0xe7, 0x39, 0xee, 0xf7, 0xde, 0xf5, 
	0xef, 0x3b, 0xf7, 0x39, 0xef, 0x79, 0xef, 0xbb, 
	0xff, 0xbd, 0xef, 0xbf, 0xf7, 0xbb, 0xf7, 0xbf, 
	0xf7, 0xbf, 0xef, 0x7b, 0xef, 0x7b, 0xef, 0x39, 
	0x73, 0x9b, 0x63, 0x17, 0x62, 0xd7, 0x62, 0xd5, 
	0x6b, 0x19, 0x63, 0x17, 0x5b, 0x17, 0x6b, 0x19, 
	0x73, 0x1b, 0x7b, 0x9d, 0x73, 0x59, 0x73, 0xa1, 
	0x7c, 0x1d, 0x7c, 0x1d, 0x73, 0x1b, 0x63, 0x15, 
	0xde, 0xb3, 0xd6, 0xf5, 0xdf, 0x3b, 0xe7, 0x3d, 
	0xe6, 0xf7, 0xe7, 0x79, 0xf7, 0xbd, 0xef, 0xfb, 
	0xef, 0x7d, 0xef, 0xfb, 0xf7, 0xff, 0xff, 0xbf, 
	0xff, 0x7f, 0xef, 0xfb, 0xe7, 0xbb, 0xff, 0x7d, 
	0x6b, 0xd7, 0x73, 0x57, 0x6b, 0x17, 0x73, 0x1b, 
	0x63, 0x17, 0x62, 0x99, 0x5a, 0x53, 0x6b, 0x19, 
	0x5b, 0x59, 0x7b, 0xd9, 0x6b, 0xd9, 0x83, 0x9b, 
	0x73, 0xdf, 0x6b, 0x5d, 0x63, 0x5b, 0x5a, 0xd7, 
	
};

Gfx pss_dl_tex1_128x128_f97a49bad09c112d_14_ci8_aligner[] = {gsSPEndDisplayList()};
u8 pss_dl_tex1_128x128_f97a49bad09c112d_14_ci8[] = {
	0x00, 0x01, 0x02, 0x01, 0x02, 0x01, 0x03, 0x01, 
	0x04, 0x01, 0x05, 0x02, 0x01, 0x02, 0x01, 0x01, 
	0x00, 0x01, 0x01, 0x06, 0x00, 0x07, 0x08, 0x04, 
	0x01, 0x01, 0x01, 0x01, 0x01, 0x02, 0x01, 0x01, 
	0x01, 0x01, 0x01, 0x01, 0x09, 0x0a, 0x09, 0x05, 
	0x01, 0x0a, 0x0b, 0x01, 0x02, 0x0a, 0x0b, 0x02, 
	0x01, 0x01, 0x01, 0x04, 0x07, 0x0c, 0x0d, 0x00, 
	0x01, 0x01, 0x01, 0x01, 0x02, 0x0a, 0x0b, 0x01, 
	0x01, 0x01, 0x02, 0x01, 0x01, 0x01, 0x01, 0x01, 
	0x01, 0x0a, 0x0a, 0x0b, 0x0b, 0x0a, 0x0d, 0x0c, 
	0x01, 0x01, 0x01, 0x0a, 0x01, 0x02, 0x01, 0x01, 
	0x0a, 0x0e, 0x09, 0x03, 0x0a, 0x03, 0x00, 0x0c, 
	0x06, 0x01, 0x01, 0x04, 0x0a, 0x0f, 0x02, 0x01, 
	0x01, 0x0e, 0x01, 0x03, 0x0a, 0x01, 0x10, 0x0c, 
	0x06, 0x01, 0x11, 0x09, 0x12, 0x04, 0x01, 0x01, 
	0x03, 0x0a, 0x0e, 0x0a, 0x0a, 0x01, 0x10, 0x0c, 
	0x09, 0x01, 0x01, 0x04, 0x0a, 0x0e, 0x0a, 0x0a, 
	0x0a, 0x13, 0x0b, 0x01, 0x0a, 0x01, 0x00, 0x01, 
	0x09, 0x01, 0x12, 0x09, 0x01, 0x01, 0x01, 0x01, 
	0x02, 0x01, 0x0c, 0x0a, 0x0b, 0x01, 0x00, 0x01, 
	0x03, 0x09, 0x01, 0x02, 0x13, 0x0a, 0x0a, 0x0f, 
	0x13, 0x13, 0x0a, 0x0b, 0x02, 0x0b, 0x02, 0x0a, 
	0x03, 0x09, 0x09, 0x09, 0x14, 0x01, 0x12, 0x01, 
	0x01, 0x01, 0x01, 0x0a, 0x0b, 0x0b, 0x02, 0x0a, 
	0x02, 0x02, 0x02, 0x02, 0x0a, 0x0a, 0x15, 0x13, 
	0x16, 0x13, 0x0a, 0x03, 0x06, 0x01, 0x0b, 0x0b, 
	0x02, 0x02, 0x01, 0x01, 0x0d, 0x0d, 0x0b, 0x02, 
	0x06, 0x0d, 0x0d, 0x01, 0x01, 0x01, 0x0b, 0x0b, 
	0x01, 0x0b, 0x03, 0x09, 0x0a, 0x0a, 0x0e, 0x0a, 
	0x17, 0x0a, 0x0f, 0x0f, 0x0a, 0x02, 0x01, 0x01, 
	0x01, 0x0b, 0x01, 0x0c, 0x00, 0x0a, 0x17, 0x0a, 
	0x0d, 0x0d, 0x0d, 0x01, 0x02, 0x02, 0x01, 0x01, 
	0x0d, 0x01, 0x12, 0x0a, 0x09, 0x0a, 0x0a, 0x0a, 
	0x0e, 0x01, 0x0a, 0x0a, 0x09, 0x01, 0x01, 0x18, 
	0x0d, 0x01, 0x08, 0x01, 0x0b, 0x13, 0x0a, 0x0e, 
	0x17, 0x13, 0x01, 0x01, 0x0a, 0x01, 0x01, 0x18, 
	0x01, 0x01, 0x01, 0x0a, 0x19, 0x0a, 0x02, 0x03, 
	0x09, 0x01, 0x01, 0x01, 0x01, 0x01, 0x01, 0x00, 
	0x01, 0x01, 0x02, 0x0a, 0x09, 0x0a, 0x0a, 0x17, 
	0x0e, 0x15, 0x0e, 0x01, 0x01, 0x03, 0x01, 0x00, 
	0x02, 0x02, 0x04, 0x04, 0x12, 0x0a, 0x0a, 0x09, 
	0x0a, 0x02, 0x0a, 0x01, 0x04, 0x0a, 0x0a, 0x01, 
	0x02, 0x02, 0x0a, 0x15, 0x0b, 0x0b, 0x01, 0x01, 
	0x01, 0x12, 0x0a, 0x0a, 0x01, 0x0a, 0x0a, 0x01, 
	0x01, 0x0b, 0x03, 0x01, 0x01, 0x0a, 0x0a, 0x0a, 
	0x0b, 0x01, 0x02, 0x02, 0x19, 0x09, 0x0a, 0x0a, 
	0x01, 0x0b, 0x13, 0x0a, 0x01, 0x01, 0x01, 0x01, 
	0x0a, 0x02, 0x01, 0x01, 0x0a, 0x0a, 0x0a, 0x0a, 
	0x02, 0x0b, 0x01, 0x0a, 0x0a, 0x0a, 0x0a, 0x0b, 
	0x06, 0x01, 0x00, 0x01, 0x01, 0x0a, 0x02, 0x09, 
	0x02, 0x0b, 0x09, 0x0a, 0x01, 0x02, 0x02, 0x0a, 
	0x02, 0x01, 0x19, 0x01, 0x02, 0x0a, 0x02, 0x09, 
	0x06, 0x01, 0x02, 0x01, 0x03, 0x03, 0x12, 0x01, 
	0x04, 0x04, 0x00, 0x01, 0x01, 0x01, 0x02, 0x01, 
	0x06, 0x01, 0x0b, 0x06, 0x00, 0x05, 0x01, 0x02, 
	0x04, 0x01, 0x02, 0x01, 0x01, 0x01, 0x02, 0x01, 
	0x01, 0x01, 0x01, 0x01, 0x0a, 0x12, 0x01, 0x06, 
	0x01, 0x0a, 0x01, 0x01, 0x02, 0x0a, 0x0b, 0x01, 
	0x01, 0x01, 0x01, 0x00, 0x07, 0x07, 0x0c, 0x00, 
	0x01, 0x01, 0x0d, 0x0d, 0x01, 0x0a, 0x0b, 0x01, 
	0x02, 0x01, 0x01, 0x01, 0x01, 0x03, 0x01, 0x01, 
	0x01, 0x0a, 0x12, 0x0a, 0x02, 0x0a, 0x0a, 0x01, 
	0x02, 0x01, 0x01, 0x01, 0x00, 0x01, 0x00, 0x1a, 
	0x01, 0x01, 0x01, 0x01, 0x01, 0x02, 0x0a, 0x01, 
	0x02, 0x03, 0x1b, 0x0a, 0x0a, 0x0b, 0x02, 0x01, 
	0x01, 0x15, 0x0a, 0x13, 0x0a, 0x0a, 0x0a, 0x01, 
	0x02, 0x03, 0x0a, 0x01, 0x01, 0x0b, 0x0b, 0x00, 
	0x01, 0x06, 0x00, 0x01, 0x01, 0x03, 0x0a, 0x01, 
	0x01, 0x0a, 0x0a, 0x0a, 0x01, 0x0a, 0x0b, 0x0f, 
	0x01, 0x0a, 0x0f, 0x13, 0x0a, 0x0a, 0x0b, 0x01, 
	0x01, 0x0a, 0x09, 0x0c, 0x01, 0x0b, 0x0a, 0x0d, 
	0x00, 0x05, 0x00, 0x01, 0x01, 0x01, 0x0b, 0x01, 
	0x0b, 0x04, 0x01, 0x0b, 0x02, 0x0b, 0x0b, 0x0c, 
	0x07, 0x00, 0x05, 0x12, 0x0a, 0x0a, 0x02, 0x02, 
	0x0b, 0x04, 0x01, 0x01, 0x01, 0x0d, 0x00, 0x0d, 
	0x00, 0x00, 0x04, 0x01, 0x01, 0x01, 0x02, 0x02, 
	0x03, 0x0d, 0x0a, 0x0a, 0x0a, 0x01, 0x02, 0x00, 
	0x00, 0x06, 0x01, 0x01, 0x0a, 0x01, 0x01, 0x01, 
	0x03, 0x01, 0x01, 0x03, 0x0a, 0x08, 0x00, 0x00, 
	0x00, 0x1c, 0x00, 0x04, 0x00, 0x01, 0x01, 0x01, 
	0x04, 0x01, 0x01, 0x05, 0x01, 0x04, 0x01, 0x01, 
	0x03, 0x01, 0x01, 0x06, 0x01, 0x01, 0x01, 0x01, 
	0x04, 0x04, 0x03, 0x0a, 0x1d, 0x03, 0x05, 0x08, 
	0x00, 0x01, 0x02, 0x01, 0x04, 0x01, 0x01, 0x01, 
	0x01, 0x00, 0x07, 0x05, 0x05, 0x01, 0x01, 0x0a, 
	0x0e, 0x0e, 0x01, 0x06, 0x01, 0x00, 0x0c, 0x04, 
	0x01, 0x04, 0x0c, 0x0a, 0x13, 0x0b, 0x00, 0x00, 
	0x00, 0x01, 0x0a, 0x19, 0x02, 0x0c, 0x0c, 0x04, 
	0x01, 0x00, 0x00, 0x00, 0x0c, 0x19, 0x19, 0x02, 
	0x0a, 0x15, 0x09, 0x04, 0x05, 0x01, 0x00, 0x04, 
	0x01, 0x01, 0x0c, 0x03, 0x13, 0x15, 0x00, 0x04, 
	0x0d, 0x06, 0x01, 0x0a, 0x12, 0x01, 0x00, 0x04, 
	0x08, 0x01, 0x01, 0x01, 0x01, 0x02, 0x02, 0x0a, 
	0x03, 0x0a, 0x03, 0x0a, 0x12, 0x01, 0x01, 0x00, 
	0x08, 0x01, 0x01, 0x09, 0x13, 0x01, 0x08, 0x0a, 
	0x03, 0x07, 0x01, 0x09, 0x01, 0x01, 0x01, 0x00, 
	0x01, 0x04, 0x01, 0x01, 0x02, 0x02, 0x0a, 0x0a, 
	0x0a, 0x0a, 0x0a, 0x09, 0x09, 0x01, 0x0d, 0x01, 
	0x01, 0x04, 0x04, 0x01, 0x0a, 0x0b, 0x0d, 0x0a, 
	0x01, 0x00, 0x03, 0x09, 0x01, 0x01, 0x0d, 0x01, 
	0x01, 0x01, 0x19, 0x02, 0x02, 0x0a, 0x13, 0x01, 
	0x01, 0x01, 0x01, 0x09, 0x09, 0x01, 0x01, 0x01, 
	0x01, 0x01, 0x0a, 0x01, 0x01, 0x0a, 0x0a, 0x0b, 
	0x02, 0x0b, 0x15, 0x13, 0x0a, 0x01, 0x01, 0x01, 
	0x00, 0x01, 0x02, 0x01, 0x01, 0x1e, 0x13, 0x13, 
	0x0a, 0x04, 0x04, 0x09, 0x0a, 0x0a, 0x01, 0x01, 
	0x00, 0x01, 0x0a, 0x01, 0x00, 0x00, 0x01, 0x19, 
	0x0a, 0x0a, 0x0a, 0x0a, 0x0a, 0x0a, 0x01, 0x01, 
	0x01, 0x00, 0x01, 0x01, 0x03, 0x13, 0x13, 0x0a, 
	0x01, 0x00, 0x05, 0x01, 0x01, 0x0e, 0x01, 0x0a, 
	0x01, 0x00, 0x01, 0x01, 0x00, 0x00, 0x01, 0x19, 
	0x0a, 0x0a, 0x03, 0x02, 0x01, 0x0a, 0x01, 0x0a, 
	0x0a, 0x06, 0x01, 0x01, 0x0a, 0x09, 0x09, 0x01, 
	0x01, 0x04, 0x00, 0x1c, 0x04, 0x0a, 0x02, 0x0a, 
	0x0a, 0x05, 0x01, 0x09, 0x01, 0x01, 0x01, 0x01, 
	0x0a, 0x0a, 0x01, 0x0b, 0x01, 0x09, 0x02, 0x0a, 
	0x0a, 0x02, 0x01, 0x01, 0x01, 0x0b, 0x01, 0x01, 
	0x03, 0x01, 0x01, 0x01, 0x00, 0x01, 0x01, 0x0a, 
	0x0b, 0x01, 0x01, 0x01, 0x03, 0x0a, 0x0c, 0x01, 
	0x02, 0x0a, 0x0a, 0x02, 0x01, 0x0d, 0x01, 0x0a, 
	0x01, 0x0a, 0x09, 0x0a, 0x0b, 0x0a, 0x0a, 0x0b, 
	0x01, 0x01, 0x01, 0x01, 0x01, 0x09, 0x0a, 0x0a, 
	0x01, 0x0a, 0x0a, 0x0b, 0x01, 0x0b, 0x01, 0x0b, 
	0x0a, 0x01, 0x01, 0x01, 0x02, 0x0b, 0x0a, 0x0a, 
	0x01, 0x01, 0x0b, 0x0a, 0x0a, 0x0a, 0x0a, 0x01, 
	0x06, 0x04, 0x00, 0x01, 0x01, 0x01, 0x01, 0x01, 
	0x01, 0x01, 0x0b, 0x04, 0x01, 0x01, 0x02, 0x0a, 
	0x0d, 0x02, 0x0a, 0x01, 0x01, 0x01, 0x01, 0x01, 
	
};

Gfx pss_dl_tex1_128x128_f97a49bad09c112d_14_pal_rgba16_aligner[] = {gsSPEndDisplayList()};
u8 pss_dl_tex1_128x128_f97a49bad09c112d_14_pal_rgba16[] = {
	0x73, 0xdf, 0x6b, 0x9d, 0x6b, 0x9b, 0x6b, 0x5d, 
	0x6b, 0x9f, 0x6b, 0xdf, 0x73, 0x9f, 0x73, 0xe1, 
	0x6b, 0xdd, 0x63, 0x5d, 0x63, 0x5b, 0x6b, 0x5b, 
	0x73, 0xdd, 0x73, 0x9d, 0x5b, 0x5b, 0x63, 0x59, 
	0x7b, 0xe1, 0x6b, 0x5f, 0x63, 0x9d, 0x5b, 0x19, 
	0x63, 0x9f, 0x5b, 0x1b, 0x52, 0xd7, 0x63, 0x1b, 
	0x7c, 0x21, 0x63, 0x9b, 0x74, 0x21, 0x5b, 0x59, 
	0x7b, 0xdf, 0x52, 0xd9, 0x63, 0x19, 
};

Gfx pss_dl_blue_lava_ci8_aligner[] = {gsSPEndDisplayList()};
u8 pss_dl_blue_lava_ci8[] = {
	0x00, 0x01, 0x02, 0x02, 0x02, 0x03, 0x04, 0x05, 
	0x06, 0x00, 0x07, 0x08, 0x09, 0x03, 0x0a, 0x0b, 
	0x03, 0x0a, 0x0a, 0x0c, 0x0d, 0x0e, 0x0c, 0x0f, 
	0x0c, 0x09, 0x0a, 0x0a, 0x0a, 0x09, 0x0a, 0x02, 
	0x00, 0x02, 0x06, 0x02, 0x0b, 0x0a, 0x10, 0x11, 
	0x06, 0x12, 0x07, 0x05, 0x03, 0x0a, 0x06, 0x00, 
	0x07, 0x07, 0x03, 0x13, 0x14, 0x0e, 0x10, 0x0c, 
	0x05, 0x03, 0x0a, 0x03, 0x09, 0x0a, 0x0b, 0x02, 
	0x02, 0x0a, 0x05, 0x05, 0x0b, 0x0a, 0x0c, 0x0f, 
	0x06, 0x02, 0x02, 0x0a, 0x03, 0x15, 0x02, 0x07, 
	0x00, 0x00, 0x08, 0x16, 0x17, 0x08, 0x03, 0x03, 
	0x09, 0x05, 0x09, 0x09, 0x02, 0x07, 0x0b, 0x06, 
	0x0a, 0x05, 0x15, 0x18, 0x15, 0x09, 0x10, 0x09, 
	0x06, 0x06, 0x07, 0x07, 0x05, 0x11, 0x0a, 0x0a, 
	0x00, 0x00, 0x0e, 0x14, 0x13, 0x09, 0x03, 0x05, 
	0x05, 0x05, 0x03, 0x0a, 0x07, 0x02, 0x0b, 0x09, 
	0x03, 0x05, 0x15, 0x19, 0x0c, 0x0a, 0x0a, 0x06, 
	0x0b, 0x06, 0x00, 0x00, 0x05, 0x04, 0x08, 0x05, 
	0x09, 0x05, 0x13, 0x19, 0x08, 0x09, 0x05, 0x05, 
	0x05, 0x08, 0x02, 0x0b, 0x02, 0x06, 0x0b, 0x08, 
	0x09, 0x08, 0x11, 0x19, 0x03, 0x02, 0x15, 0x0a, 
	0x0b, 0x03, 0x02, 0x00, 0x08, 0x0d, 0x13, 0x0f, 
	0x0c, 0x0c, 0x0c, 0x05, 0x05, 0x05, 0x09, 0x09, 
	0x05, 0x09, 0x0b, 0x07, 0x07, 0x08, 0x08, 0x03, 
	0x08, 0x18, 0x04, 0x0c, 0x02, 0x06, 0x18, 0x05, 
	0x02, 0x06, 0x02, 0x06, 0x11, 0x16, 0x13, 0x15, 
	0x08, 0x08, 0x02, 0x1a, 0x18, 0x0a, 0x02, 0x06, 
	0x09, 0x0b, 0x03, 0x02, 0x02, 0x08, 0x05, 0x06, 
	0x0f, 0x0e, 0x08, 0x07, 0x00, 0x08, 0x10, 0x03, 
	0x0b, 0x07, 0x02, 0x0c, 0x19, 0x17, 0x08, 0x07, 
	0x08, 0x11, 0x09, 0x03, 0x07, 0x07, 0x02, 0x02, 
	0x09, 0x09, 0x03, 0x03, 0x05, 0x0a, 0x06, 0x03, 
	0x11, 0x18, 0x09, 0x00, 0x00, 0x09, 0x11, 0x10, 
	0x0a, 0x07, 0x0b, 0x04, 0x17, 0x0d, 0x09, 0x07, 
	0x11, 0x13, 0x05, 0x02, 0x1b, 0x00, 0x0b, 0x0b, 
	0x08, 0x08, 0x0b, 0x08, 0x08, 0x06, 0x09, 0x08, 
	0x11, 0x0f, 0x0b, 0x07, 0x02, 0x03, 0x15, 0x0f, 
	0x11, 0x08, 0x0c, 0x13, 0x0f, 0x05, 0x06, 0x03, 
	0x08, 0x08, 0x03, 0x1c, 0x00, 0x02, 0x03, 0x09, 
	0x09, 0x03, 0x07, 0x05, 0x0c, 0x0a, 0x09, 0x10, 
	0x18, 0x10, 0x07, 0x02, 0x0b, 0x06, 0x05, 0x04, 
	0x1d, 0x1d, 0x0e, 0x08, 0x0a, 0x02, 0x00, 0x0c, 
	0x0f, 0x09, 0x0a, 0x1e, 0x07, 0x06, 0x0a, 0x08, 
	0x09, 0x02, 0x02, 0x03, 0x18, 0x15, 0x09, 0x10, 
	0x10, 0x02, 0x07, 0x06, 0x06, 0x02, 0x08, 0x13, 
	0x1f, 0x14, 0x10, 0x0a, 0x0a, 0x02, 0x07, 0x0f, 
	0x0d, 0x05, 0x03, 0x12, 0x00, 0x0b, 0x03, 0x05, 
	0x06, 0x0b, 0x02, 0x0b, 0x11, 0x11, 0x03, 0x05, 
	0x02, 0x07, 0x02, 0x06, 0x0a, 0x0b, 0x05, 0x0e, 
	0x1f, 0x16, 0x08, 0x06, 0x0a, 0x06, 0x0a, 0x0c, 
	0x15, 0x03, 0x06, 0x1e, 0x02, 0x06, 0x03, 0x09, 
	0x0a, 0x0a, 0x00, 0x02, 0x0c, 0x0f, 0x0a, 0x09, 
	0x02, 0x07, 0x02, 0x06, 0x0a, 0x06, 0x0c, 0x0d, 
	0x16, 0x18, 0x0a, 0x06, 0x0a, 0x0a, 0x03, 0x09, 
	0x0b, 0x0a, 0x06, 0x02, 0x06, 0x0b, 0x03, 0x09, 
	0x05, 0x09, 0x07, 0x02, 0x0c, 0x0a, 0x06, 0x10, 
	0x0a, 0x07, 0x07, 0x02, 0x06, 0x10, 0x19, 0x1f, 
	0x18, 0x02, 0x15, 0x08, 0x06, 0x02, 0x0a, 0x09, 
	0x02, 0x09, 0x18, 0x08, 0x0a, 0x09, 0x03, 0x09, 
	0x10, 0x09, 0x02, 0x0a, 0x15, 0x07, 0x0b, 0x15, 
	0x06, 0x00, 0x01, 0x02, 0x08, 0x0e, 0x1f, 0x13, 
	0x02, 0x00, 0x04, 0x0d, 0x07, 0x20, 0x03, 0x05, 
	0x0a, 0x0c, 0x19, 0x0c, 0x05, 0x0c, 0x05, 0x05, 
	0x15, 0x03, 0x0b, 0x08, 0x15, 0x06, 0x09, 0x15, 
	0x02, 0x01, 0x01, 0x0a, 0x04, 0x17, 0x16, 0x05, 
	0x02, 0x02, 0x0e, 0x19, 0x1e, 0x21, 0x05, 0x15, 
	0x08, 0x0e, 0x1d, 0x10, 0x08, 0x10, 0x10, 0x03, 
	0x03, 0x09, 0x09, 0x05, 0x11, 0x18, 0x03, 0x18, 
	0x0b, 0x02, 0x07, 0x09, 0x13, 0x16, 0x0e, 0x0a, 
	0x03, 0x09, 0x0c, 0x15, 0x07, 0x02, 0x08, 0x15, 
	0x18, 0x13, 0x19, 0x15, 0x0c, 0x04, 0x0c, 0x05, 
	0x0a, 0x08, 0x0f, 0x15, 0x0f, 0x19, 0x03, 0x08, 
	0x03, 0x06, 0x02, 0x05, 0x13, 0x16, 0x0e, 0x09, 
	0x05, 0x05, 0x09, 0x09, 0x00, 0x02, 0x03, 0x10, 
	0x13, 0x0d, 0x10, 0x08, 0x0f, 0x0d, 0x18, 0x15, 
	0x08, 0x0c, 0x04, 0x13, 0x1d, 0x18, 0x09, 0x08, 
	0x06, 0x03, 0x08, 0x0f, 0x0d, 0x13, 0x15, 0x05, 
	0x08, 0x09, 0x02, 0x09, 0x0a, 0x07, 0x02, 0x0f, 
	0x0d, 0x1d, 0x09, 0x10, 0x0e, 0x1d, 0x0d, 0x11, 
	0x10, 0x04, 0x1d, 0x1d, 0x0d, 0x08, 0x08, 0x10, 
	0x05, 0x15, 0x04, 0x0d, 0x0f, 0x05, 0x05, 0x08, 
	0x08, 0x02, 0x02, 0x0c, 0x0e, 0x0b, 0x03, 0x13, 
	0x17, 0x04, 0x10, 0x0f, 0x13, 0x1d, 0x0d, 0x11, 
	0x08, 0x0d, 0x14, 0x17, 0x11, 0x15, 0x10, 0x15, 
	0x11, 0x0f, 0x0e, 0x11, 0x08, 0x08, 0x15, 0x15, 
	0x0b, 0x20, 0x09, 0x18, 0x0d, 0x18, 0x15, 0x19, 
	0x0d, 0x05, 0x11, 0x04, 0x15, 0x04, 0x19, 0x04, 
	0x0c, 0x1d, 0x14, 0x1d, 0x11, 0x0c, 0x15, 0x15, 
	0x15, 0x15, 0x08, 0x15, 0x0c, 0x0c, 0x10, 0x15, 
	0x21, 0x02, 0x11, 0x0e, 0x1d, 0x11, 0x0f, 0x0f, 
	0x0f, 0x08, 0x04, 0x0c, 0x0b, 0x18, 0x13, 0x13, 
	0x0e, 0x17, 0x14, 0x16, 0x18, 0x0c, 0x10, 0x08, 
	0x07, 0x06, 0x08, 0x10, 0x18, 0x0c, 0x0c, 0x0a, 
	0x1e, 0x06, 0x0e, 0x0d, 0x18, 0x06, 0x19, 0x0e, 
	0x04, 0x18, 0x04, 0x15, 0x06, 0x15, 0x0f, 0x0d, 
	0x16, 0x1f, 0x22, 0x17, 0x18, 0x10, 0x08, 0x05, 
	0x00, 0x05, 0x15, 0x0c, 0x11, 0x0c, 0x10, 0x02, 
	0x07, 0x09, 0x18, 0x04, 0x15, 0x09, 0x0d, 0x0e, 
	0x0f, 0x0f, 0x0f, 0x05, 0x06, 0x08, 0x04, 0x1d, 
	0x14, 0x22, 0x22, 0x13, 0x18, 0x09, 0x05, 0x08, 
	0x02, 0x09, 0x0c, 0x18, 0x10, 0x09, 0x0b, 0x0b, 
	0x09, 0x08, 0x05, 0x15, 0x11, 0x0c, 0x11, 0x15, 
	0x0e, 0x0e, 0x0f, 0x11, 0x03, 0x03, 0x04, 0x1d, 
	0x16, 0x22, 0x22, 0x0e, 0x11, 0x05, 0x05, 0x0b, 
	0x03, 0x15, 0x11, 0x10, 0x03, 0x20, 0x02, 0x11, 
	0x0c, 0x05, 0x08, 0x15, 0x18, 0x10, 0x02, 0x03, 
	0x13, 0x13, 0x19, 0x0e, 0x02, 0x0a, 0x04, 0x0d, 
	0x1d, 0x14, 0x23, 0x17, 0x0c, 0x05, 0x02, 0x00, 
	0x03, 0x09, 0x08, 0x09, 0x1b, 0x24, 0x06, 0x04, 
	0x0f, 0x05, 0x15, 0x0c, 0x0c, 0x10, 0x09, 0x05, 
	0x0f, 0x0f, 0x1d, 0x17, 0x02, 0x05, 0x0f, 0x0d, 
	0x1f, 0x22, 0x25, 0x0d, 0x15, 0x03, 0x00, 0x06, 
	0x0a, 0x05, 0x15, 0x03, 0x12, 0x01, 0x03, 0x13, 
	0x0f, 0x08, 0x15, 0x10, 0x10, 0x11, 0x08, 0x0a, 
	0x0c, 0x0f, 0x1d, 0x1f, 0x10, 0x08, 0x0e, 0x17, 
	0x14, 0x25, 0x1f, 0x18, 0x09, 0x02, 0x02, 0x06, 
	0x03, 0x08, 0x0a, 0x07, 0x00, 0x07, 0x0a, 0x18, 
	0x04, 0x09, 0x06, 0x0c, 0x18, 0x11, 0x0b, 0x00, 
	0x11, 0x04, 0x19, 0x1f, 0x19, 0x0c, 0x19, 0x16, 
	0x22, 0x14, 0x11, 0x03, 0x02, 0x07, 0x0b, 0x0a, 
	0x09, 0x03, 0x06, 0x0b, 0x02, 0x07, 0x0b, 0x10, 
	0x0e, 0x0b, 0x02, 0x11, 0x0f, 0x15, 0x0a, 0x05, 
	0x10, 0x0c, 0x04, 0x17, 0x22, 0x16, 0x1d, 0x0e, 
	0x16, 0x18, 0x06, 0x0a, 0x07, 0x07, 0x06, 0x03, 
	0x07, 0x07, 0x03, 0x06, 0x0b, 0x07, 0x02, 0x15, 
	0x18, 0x02, 0x02, 0x10, 0x0c, 0x08, 0x05, 0x09, 
	0x08, 0x05, 0x0c, 0x13, 0x23, 0x17, 0x0e, 0x11, 
	0x0f, 0x10, 0x09, 0x06, 0x0b, 0x07, 0x0b, 0x02, 
	
};

Gfx pss_dl_blue_lava_pal_rgba16_aligner[] = {gsSPEndDisplayList()};
u8 pss_dl_blue_lava_pal_rgba16[] = {
	0x78, 0x3f, 0x80, 0x3f, 0x68, 0x3f, 0x60, 0x37, 
	0x38, 0x23, 0x58, 0x33, 0x68, 0x3b, 0x70, 0x3f, 
	0x50, 0x31, 0x58, 0x35, 0x60, 0x39, 0x68, 0x3d, 
	0x48, 0x2b, 0x30, 0x1b, 0x38, 0x21, 0x40, 0x25, 
	0x48, 0x2d, 0x48, 0x29, 0x90, 0x3f, 0x30, 0x1f, 
	0x20, 0x11, 0x50, 0x2f, 0x20, 0x15, 0x28, 0x17, 
	0x40, 0x27, 0x30, 0x1d, 0x70, 0x3b, 0x90, 0x7f, 
	0x88, 0x3f, 0x28, 0x19, 0x88, 0x7f, 0x20, 0x13, 
	0x78, 0x7f, 0x80, 0x7f, 0x18, 0x0f, 0x10, 0x0b, 
	0xa0, 0x7f, 0x18, 0x0d, 
};

Gfx pss_dl_tex1_256x256_334191e6f424a87d_14_ci8_aligner[] = {gsSPEndDisplayList()};
u8 pss_dl_tex1_256x256_334191e6f424a87d_14_ci8[] = {
	0x00, 0x01, 0x02, 0x02, 0x03, 0x03, 0x03, 0x03, 
	0x02, 0x01, 0x04, 0x04, 0x02, 0x04, 0x03, 0x05, 
	0x06, 0x06, 0x06, 0x06, 0x06, 0x06, 0x06, 0x06, 
	0x06, 0x06, 0x07, 0x08, 0x06, 0x08, 0x06, 0x09, 
	0x0a, 0x0b, 0x0c, 0x0b, 0x0d, 0x0e, 0x0d, 0x0f, 
	0x0b, 0x0c, 0x0b, 0x0b, 0x08, 0x08, 0x07, 0x10, 
	0x11, 0x09, 0x12, 0x09, 0x12, 0x09, 0x09, 0x13, 
	0x14, 0x12, 0x09, 0x09, 0x12, 0x12, 0x09, 0x15, 
	0x16, 0x0b, 0x08, 0x08, 0x05, 0x0e, 0x0e, 0x0b, 
	0x0c, 0x0c, 0x0b, 0x0b, 0x0b, 0x0e, 0x0e, 0x13, 
	0x14, 0x14, 0x17, 0x18, 0x19, 0x09, 0x09, 0x09, 
	0x12, 0x12, 0x1a, 0x09, 0x09, 0x09, 0x09, 0x1b, 
	0x0f, 0x0b, 0x08, 0x1c, 0x05, 0x08, 0x0b, 0x0e, 
	0x0e, 0x0b, 0x0b, 0x08, 0x1d, 0x0b, 0x0b, 0x1e, 
	0x13, 0x09, 0x12, 0x15, 0x17, 0x09, 0x09, 0x1f, 
	0x09, 0x14, 0x1f, 0x15, 0x14, 0x14, 0x09, 0x20, 
	0x21, 0x0c, 0x08, 0x08, 0x0c, 0x0e, 0x07, 0x0f, 
	0x0b, 0x0b, 0x08, 0x08, 0x1c, 0x0b, 0x07, 0x05, 
	0x1e, 0x12, 0x15, 0x12, 0x12, 0x09, 0x12, 0x14, 
	0x14, 0x09, 0x15, 0x17, 0x17, 0x12, 0x09, 0x19, 
	0x0f, 0x0b, 0x08, 0x08, 0x0d, 0x0e, 0x0c, 0x08, 
	0x0e, 0x08, 0x0d, 0x0b, 0x0e, 0x0d, 0x0c, 0x13, 
	0x1e, 0x14, 0x12, 0x12, 0x09, 0x09, 0x09, 0x09, 
	0x09, 0x15, 0x09, 0x1f, 0x09, 0x12, 0x09, 0x1b, 
	0x0f, 0x0b, 0x08, 0x0d, 0x22, 0x22, 0x0b, 0x0b, 
	0x0b, 0x0b, 0x0b, 0x0e, 0x0b, 0x0e, 0x0b, 0x13, 
	0x1e, 0x09, 0x09, 0x12, 0x14, 0x14, 0x09, 0x09, 
	0x1f, 0x09, 0x09, 0x1a, 0x1f, 0x09, 0x1f, 0x1b, 
	0x16, 0x0b, 0x07, 0x0b, 0x0c, 0x0b, 0x0d, 0x0e, 
	0x0b, 0x0b, 0x0f, 0x0f, 0x0b, 0x0b, 0x0e, 0x13, 
	0x11, 0x09, 0x09, 0x14, 0x12, 0x09, 0x09, 0x09, 
	0x1f, 0x14, 0x23, 0x24, 0x1a, 0x1f, 0x09, 0x1b, 
	0x0f, 0x08, 0x0d, 0x0d, 0x0c, 0x05, 0x08, 0x0b, 
	0x0e, 0x07, 0x0b, 0x0b, 0x22, 0x22, 0x0b, 0x13, 
	0x13, 0x12, 0x09, 0x09, 0x12, 0x17, 0x15, 0x09, 
	0x09, 0x09, 0x09, 0x09, 0x14, 0x14, 0x09, 0x20, 
	0x16, 0x0d, 0x0d, 0x1d, 0x0f, 0x0b, 0x0d, 0x0b, 
	0x0b, 0x0b, 0x0b, 0x0f, 0x0f, 0x25, 0x0b, 0x13, 
	0x1e, 0x09, 0x09, 0x14, 0x24, 0x09, 0x09, 0x09, 
	0x09, 0x09, 0x09, 0x13, 0x13, 0x14, 0x14, 0x1b, 
	0x16, 0x26, 0x25, 0x0b, 0x0c, 0x25, 0x0b, 0x0b, 
	0x0b, 0x0d, 0x08, 0x0f, 0x27, 0x0e, 0x0b, 0x28, 
	0x1e, 0x14, 0x14, 0x09, 0x12, 0x14, 0x1f, 0x1f, 
	0x09, 0x12, 0x17, 0x13, 0x13, 0x09, 0x14, 0x1b, 
	0x0a, 0x0f, 0x0b, 0x0d, 0x08, 0x29, 0x25, 0x0f, 
	0x0b, 0x0b, 0x08, 0x0b, 0x1d, 0x0c, 0x0b, 0x05, 
	0x1e, 0x14, 0x1f, 0x09, 0x2a, 0x12, 0x1a, 0x14, 
	0x14, 0x1a, 0x17, 0x14, 0x14, 0x12, 0x1a, 0x19, 
	0x00, 0x0b, 0x0e, 0x08, 0x0b, 0x07, 0x0b, 0x0b, 
	0x0b, 0x0b, 0x07, 0x0e, 0x0b, 0x08, 0x0b, 0x1e, 
	0x1e, 0x09, 0x09, 0x12, 0x09, 0x09, 0x09, 0x14, 
	0x1f, 0x09, 0x12, 0x09, 0x1f, 0x12, 0x09, 0x20, 
	0x0a, 0x0b, 0x08, 0x05, 0x0b, 0x0b, 0x08, 0x0b, 
	0x22, 0x0b, 0x0f, 0x0b, 0x08, 0x08, 0x08, 0x13, 
	0x11, 0x09, 0x12, 0x17, 0x1a, 0x09, 0x12, 0x09, 
	0x14, 0x09, 0x13, 0x09, 0x12, 0x12, 0x12, 0x1b, 
	0x0b, 0x0b, 0x07, 0x0b, 0x0b, 0x25, 0x0b, 0x0e, 
	0x0b, 0x0b, 0x07, 0x0b, 0x08, 0x0e, 0x0b, 0x13, 
	0x14, 0x09, 0x09, 0x09, 0x09, 0x14, 0x1f, 0x09, 
	0x09, 0x09, 0x09, 0x1f, 0x09, 0x09, 0x09, 0x1b, 
	0x1f, 0x13, 0x1f, 0x1f, 0x13, 0x1e, 0x13, 0x13, 
	0x13, 0x13, 0x13, 0x13, 0x13, 0x13, 0x13, 0x09, 
	0x17, 0x1b, 0x2b, 0x2b, 0x1b, 0x20, 0x1b, 0x1b, 
	0x1b, 0x2b, 0x1b, 0x1b, 0x1b, 0x1b, 0x1b, 0x19, 
	0x0e, 0x27, 0x27, 0x27, 0x27, 0x27, 0x27, 0x27, 
	0x27, 0x27, 0x2c, 0x0f, 0x27, 0x27, 0x2d, 0x13, 
	0x0d, 0x0b, 0x0e, 0x0b, 0x0e, 0x0e, 0x0e, 0x0e, 
	0x0b, 0x0b, 0x27, 0x1d, 0x0b, 0x0e, 0x0d, 0x1f, 
	0x2e, 0x28, 0x28, 0x28, 0x28, 0x28, 0x28, 0x10, 
	0x2f, 0x28, 0x28, 0x28, 0x30, 0x31, 0x28, 0x1f, 
	0x32, 0x33, 0x13, 0x31, 0x13, 0x13, 0x31, 0x05, 
	0x28, 0x13, 0x13, 0x13, 0x34, 0x35, 0x13, 0x18, 
	0x10, 0x28, 0x31, 0x36, 0x37, 0x28, 0x28, 0x28, 
	0x28, 0x38, 0x28, 0x28, 0x28, 0x28, 0x28, 0x18, 
	0x05, 0x13, 0x09, 0x31, 0x39, 0x31, 0x31, 0x13, 
	0x13, 0x13, 0x38, 0x13, 0x13, 0x13, 0x31, 0x17, 
	0x10, 0x28, 0x36, 0x37, 0x34, 0x36, 0x28, 0x28, 
	0x28, 0x3a, 0x3a, 0x36, 0x3a, 0x3a, 0x28, 0x18, 
	0x05, 0x13, 0x34, 0x09, 0x18, 0x34, 0x13, 0x31, 
	0x13, 0x1e, 0x1e, 0x31, 0x1e, 0x1e, 0x13, 0x17, 
	0x08, 0x3b, 0x31, 0x31, 0x28, 0x28, 0x28, 0x10, 
	0x3a, 0x28, 0x31, 0x31, 0x34, 0x28, 0x28, 0x18, 
	0x05, 0x13, 0x31, 0x34, 0x13, 0x31, 0x13, 0x05, 
	0x1e, 0x31, 0x09, 0x09, 0x09, 0x13, 0x13, 0x17, 
	0x10, 0x28, 0x30, 0x31, 0x28, 0x28, 0x28, 0x30, 
	0x28, 0x31, 0x28, 0x05, 0x28, 0x28, 0x28, 0x3c, 
	0x05, 0x33, 0x35, 0x35, 0x13, 0x13, 0x13, 0x34, 
	0x31, 0x09, 0x13, 0x13, 0x31, 0x13, 0x13, 0x3c, 
	0x10, 0x28, 0x3b, 0x28, 0x10, 0x10, 0x28, 0x28, 
	0x28, 0x28, 0x28, 0x2f, 0x2f, 0x28, 0x28, 0x18, 
	0x05, 0x13, 0x31, 0x13, 0x05, 0x28, 0x13, 0x13, 
	0x13, 0x13, 0x38, 0x13, 0x1e, 0x13, 0x13, 0x3c, 
	0x10, 0x28, 0x28, 0x28, 0x28, 0x28, 0x28, 0x28, 
	0x28, 0x28, 0x10, 0x10, 0x28, 0x3a, 0x28, 0x15, 
	0x3a, 0x13, 0x13, 0x33, 0x13, 0x13, 0x31, 0x13, 
	0x13, 0x11, 0x05, 0x05, 0x38, 0x1e, 0x13, 0x3c, 
	0x10, 0x31, 0x28, 0x1e, 0x28, 0x31, 0x31, 0x28, 
	0x28, 0x28, 0x28, 0x28, 0x10, 0x10, 0x28, 0x15, 
	0x28, 0x09, 0x13, 0x31, 0x13, 0x18, 0x34, 0x13, 
	0x13, 0x13, 0x13, 0x13, 0x05, 0x05, 0x13, 0x3c, 
	0x10, 0x28, 0x28, 0x3a, 0x10, 0x28, 0x28, 0x28, 
	0x28, 0x28, 0x28, 0x10, 0x10, 0x10, 0x3a, 0x15, 
	0x05, 0x31, 0x31, 0x1e, 0x05, 0x38, 0x13, 0x13, 
	0x33, 0x38, 0x13, 0x05, 0x05, 0x05, 0x05, 0x3c, 
	0x10, 0x10, 0x10, 0x28, 0x30, 0x10, 0x3a, 0x3a, 
	0x28, 0x28, 0x31, 0x10, 0x3a, 0x28, 0x3a, 0x18, 
	0x05, 0x05, 0x05, 0x13, 0x35, 0x38, 0x38, 0x05, 
	0x33, 0x13, 0x09, 0x28, 0x28, 0x31, 0x28, 0x17, 
	0x08, 0x10, 0x2f, 0x3b, 0x31, 0x3b, 0x3d, 0x10, 
	0x28, 0x28, 0x31, 0x3a, 0x10, 0x28, 0x28, 0x18, 
	0x32, 0x05, 0x1e, 0x31, 0x34, 0x13, 0x33, 0x05, 
	0x38, 0x13, 0x09, 0x38, 0x28, 0x35, 0x38, 0x15, 
	0x0d, 0x28, 0x28, 0x31, 0x28, 0x28, 0x28, 0x2f, 
	0x3a, 0x28, 0x3b, 0x28, 0x28, 0x31, 0x28, 0x18, 
	0x3a, 0x13, 0x31, 0x35, 0x13, 0x13, 0x13, 0x1e, 
	0x28, 0x13, 0x13, 0x31, 0x13, 0x35, 0x13, 0x15, 
	0x08, 0x28, 0x31, 0x31, 0x28, 0x28, 0x31, 0x28, 
	0x10, 0x28, 0x10, 0x28, 0x31, 0x28, 0x30, 0x18, 
	0x3e, 0x13, 0x34, 0x18, 0x13, 0x38, 0x35, 0x13, 
	0x05, 0x13, 0x05, 0x13, 0x34, 0x13, 0x13, 0x17, 
	0x28, 0x28, 0x3b, 0x28, 0x28, 0x3a, 0x28, 0x28, 
	0x28, 0x28, 0x28, 0x2f, 0x36, 0x28, 0x28, 0x3f, 
	0x38, 0x13, 0x13, 0x13, 0x13, 0x38, 0x13, 0x31, 
	0x31, 0x13, 0x13, 0x38, 0x31, 0x31, 0x13, 0x3c, 
	0x15, 0x15, 0x3c, 0x3c, 0x15, 0x18, 0x3f, 0x3c, 
	0x15, 0x3c, 0x15, 0x3c, 0x15, 0x3c, 0x15, 0x17, 
	0x17, 0x3c, 0x1b, 0x20, 0x3c, 0x17, 0x3c, 0x3c, 
	0x3c, 0x40, 0x3c, 0x3c, 0x3c, 0x3c, 0x3c, 0x17, 
	
};

Gfx pss_dl_tex1_256x256_334191e6f424a87d_14_pal_rgba16_aligner[] = {gsSPEndDisplayList()};
u8 pss_dl_tex1_256x256_334191e6f424a87d_14_pal_rgba16[] = {
	0x7b, 0xe1, 0x8c, 0x65, 0x84, 0x65, 0x84, 0x63, 
	0x8c, 0xa5, 0x5b, 0x19, 0x63, 0x1b, 0x6b, 0x5d, 
	0x63, 0x5b, 0x4a, 0x95, 0x7c, 0x21, 0x6b, 0x9d, 
	0x63, 0x5d, 0x6b, 0x5b, 0x6b, 0x9b, 0x73, 0xdf, 
	0x63, 0x59, 0x5a, 0xd9, 0x4a, 0x55, 0x52, 0xd7, 
	0x52, 0x97, 0x4a, 0x53, 0x73, 0xe1, 0x42, 0x53, 
	0x4a, 0x93, 0x42, 0x13, 0x4a, 0x97, 0x3a, 0x11, 
	0x5b, 0x1b, 0x73, 0x9d, 0x5a, 0xd7, 0x52, 0x95, 
	0x42, 0x11, 0x7b, 0xdf, 0x73, 0x9f, 0x52, 0x99, 
	0x52, 0xd9, 0x6b, 0x9f, 0x6b, 0xdf, 0x73, 0xdd, 
	0x5b, 0x17, 0x63, 0x9d, 0x42, 0x55, 0x39, 0xd1, 
	0x7c, 0x1f, 0x73, 0x9b, 0x6b, 0x59, 0x63, 0x17, 
	0x53, 0x15, 0x52, 0xd5, 0x5b, 0x59, 0x53, 0x19, 
	0x4a, 0xd5, 0x4a, 0xd7, 0x5a, 0xd5, 0x4a, 0xd3, 
	0x53, 0x17, 0x42, 0x93, 0x63, 0x19, 0x5b, 0x15, 
	0x42, 0x51, 0x5b, 0x57, 0x5b, 0x5b, 0x4a, 0x51, 
	0x3a, 0x51, 
};

Gfx pss_dl_tex1_128x128_26bdafe304a1bc13_14_ci8_aligner[] = {gsSPEndDisplayList()};
u8 pss_dl_tex1_128x128_26bdafe304a1bc13_14_ci8[] = {
	0x00, 0x01, 0x02, 0x02, 0x01, 0x03, 0x01, 0x04, 
	0x05, 0x06, 0x05, 0x05, 0x02, 0x01, 0x07, 0x03, 
	0x08, 0x09, 0x0a, 0x0b, 0x0b, 0x0c, 0x0d, 0x0e, 
	0x0e, 0x0f, 0x0f, 0x10, 0x11, 0x12, 0x10, 0x13, 
	0x14, 0x01, 0x02, 0x15, 0x16, 0x14, 0x17, 0x01, 
	0x18, 0x19, 0x02, 0x02, 0x02, 0x02, 0x02, 0x07, 
	0x0e, 0x0c, 0x08, 0x08, 0x0b, 0x1a, 0x1b, 0x1a, 
	0x1c, 0x11, 0x11, 0x0a, 0x10, 0x12, 0x0e, 0x0f, 
	0x07, 0x01, 0x07, 0x01, 0x14, 0x17, 0x14, 0x14, 
	0x01, 0x17, 0x07, 0x05, 0x03, 0x01, 0x16, 0x17, 
	0x0f, 0x0e, 0x1b, 0x08, 0x0e, 0x08, 0x1a, 0x0b, 
	0x08, 0x1d, 0x11, 0x12, 0x11, 0x11, 0x1e, 0x1e, 
	0x02, 0x07, 0x05, 0x01, 0x14, 0x02, 0x01, 0x14, 
	0x1f, 0x17, 0x03, 0x06, 0x06, 0x01, 0x17, 0x02, 
	0x13, 0x20, 0x0c, 0x21, 0x11, 0x0e, 0x22, 0x11, 
	0x11, 0x11, 0x0e, 0x0e, 0x23, 0x12, 0x1e, 0x1d, 
	0x17, 0x03, 0x05, 0x02, 0x02, 0x02, 0x02, 0x02, 
	0x17, 0x01, 0x24, 0x05, 0x04, 0x17, 0x01, 0x03, 
	0x0a, 0x12, 0x0e, 0x0b, 0x0e, 0x0f, 0x12, 0x25, 
	0x12, 0x10, 0x1c, 0x0f, 0x26, 0x0f, 0x1d, 0x0f, 
	0x02, 0x01, 0x03, 0x01, 0x02, 0x01, 0x01, 0x01, 
	0x05, 0x18, 0x19, 0x18, 0x01, 0x07, 0x18, 0x01, 
	0x0e, 0x12, 0x13, 0x08, 0x13, 0x13, 0x11, 0x0f, 
	0x08, 0x0f, 0x11, 0x11, 0x0f, 0x11, 0x1d, 0x12, 
	0x1f, 0x17, 0x01, 0x01, 0x02, 0x01, 0x01, 0x03, 
	0x06, 0x19, 0x06, 0x01, 0x19, 0x03, 0x06, 0x05, 
	0x0e, 0x08, 0x08, 0x27, 0x08, 0x13, 0x13, 0x0e, 
	0x12, 0x22, 0x28, 0x0f, 0x11, 0x12, 0x0f, 0x0e, 
	0x07, 0x01, 0x01, 0x02, 0x02, 0x02, 0x01, 0x18, 
	0x05, 0x19, 0x06, 0x29, 0x05, 0x19, 0x18, 0x03, 
	0x0b, 0x2a, 0x21, 0x1b, 0x27, 0x13, 0x0a, 0x08, 
	0x12, 0x08, 0x1a, 0x13, 0x08, 0x12, 0x0f, 0x12, 
	0x2b, 0x07, 0x03, 0x03, 0x02, 0x02, 0x01, 0x01, 
	0x05, 0x19, 0x29, 0x06, 0x06, 0x19, 0x01, 0x17, 
	0x0b, 0x0b, 0x1a, 0x08, 0x21, 0x20, 0x13, 0x0e, 
	0x08, 0x12, 0x21, 0x0b, 0x08, 0x22, 0x12, 0x12, 
	0x05, 0x03, 0x07, 0x02, 0x02, 0x02, 0x2b, 0x02, 
	0x17, 0x03, 0x2b, 0x19, 0x2c, 0x06, 0x03, 0x1f, 
	0x2a, 0x27, 0x08, 0x13, 0x2d, 0x13, 0x13, 0x1c, 
	0x11, 0x11, 0x0e, 0x1a, 0x11, 0x2e, 0x13, 0x0e, 
	0x06, 0x03, 0x03, 0x03, 0x01, 0x02, 0x02, 0x02, 
	0x14, 0x14, 0x1f, 0x03, 0x19, 0x03, 0x02, 0x01, 
	0x2f, 0x0e, 0x08, 0x0e, 0x0b, 0x21, 0x2a, 0x1d, 
	0x11, 0x0e, 0x0e, 0x0b, 0x11, 0x11, 0x2e, 0x22, 
	0x19, 0x24, 0x07, 0x01, 0x03, 0x01, 0x30, 0x02, 
	0x02, 0x02, 0x17, 0x03, 0x19, 0x05, 0x19, 0x07, 
	0x22, 0x13, 0x08, 0x0a, 0x0e, 0x13, 0x08, 0x0a, 
	0x0e, 0x12, 0x13, 0x0b, 0x0e, 0x22, 0x1d, 0x0e, 
	0x19, 0x29, 0x06, 0x18, 0x05, 0x18, 0x31, 0x17, 
	0x03, 0x02, 0x02, 0x03, 0x19, 0x18, 0x07, 0x32, 
	0x0b, 0x08, 0x0b, 0x0b, 0x13, 0x0e, 0x33, 0x21, 
	0x27, 0x08, 0x0e, 0x12, 0x0b, 0x11, 0x10, 0x0e, 
	0x05, 0x05, 0x18, 0x01, 0x01, 0x03, 0x18, 0x07, 
	0x03, 0x02, 0x05, 0x05, 0x01, 0x02, 0x01, 0x05, 
	0x13, 0x1a, 0x27, 0x08, 0x0a, 0x1a, 0x21, 0x27, 
	0x34, 0x27, 0x27, 0x35, 0x13, 0x11, 0x11, 0x13, 
	0x07, 0x01, 0x02, 0x01, 0x03, 0x01, 0x03, 0x18, 
	0x01, 0x03, 0x05, 0x02, 0x01, 0x02, 0x02, 0x1f, 
	0x22, 0x21, 0x27, 0x36, 0x0b, 0x08, 0x37, 0x0b, 
	0x1a, 0x34, 0x21, 0x20, 0x11, 0x0e, 0x0b, 0x0e, 
	0x07, 0x03, 0x03, 0x17, 0x01, 0x2b, 0x03, 0x03, 
	0x05, 0x03, 0x32, 0x01, 0x01, 0x01, 0x2b, 0x18, 
	0x0b, 0x0b, 0x08, 0x08, 0x1a, 0x21, 0x13, 0x0e, 
	0x0e, 0x08, 0x0b, 0x1b, 0x13, 0x1c, 0x12, 0x11, 
	0x08, 0x13, 0x11, 0x12, 0x0e, 0x08, 0x20, 0x12, 
	0x12, 0x0b, 0x1a, 0x12, 0x0e, 0x0e, 0x37, 0x27, 
	0x03, 0x01, 0x03, 0x03, 0x32, 0x06, 0x05, 0x03, 
	0x01, 0x30, 0x03, 0x07, 0x03, 0x07, 0x01, 0x05, 
	0x08, 0x0e, 0x0e, 0x0e, 0x1a, 0x21, 0x0e, 0x12, 
	0x0f, 0x11, 0x11, 0x11, 0x1c, 0x13, 0x27, 0x0b, 
	0x18, 0x03, 0x01, 0x07, 0x03, 0x07, 0x19, 0x07, 
	0x03, 0x01, 0x02, 0x14, 0x17, 0x05, 0x03, 0x07, 
	0x08, 0x13, 0x0a, 0x0a, 0x13, 0x0e, 0x12, 0x0e, 
	0x11, 0x0f, 0x1c, 0x38, 0x12, 0x13, 0x08, 0x27, 
	0x32, 0x18, 0x03, 0x07, 0x02, 0x01, 0x02, 0x02, 
	0x05, 0x07, 0x03, 0x14, 0x02, 0x01, 0x17, 0x17, 
	0x1a, 0x37, 0x27, 0x13, 0x13, 0x0e, 0x12, 0x11, 
	0x11, 0x11, 0x1c, 0x0e, 0x0e, 0x0e, 0x13, 0x1b, 
	0x05, 0x18, 0x05, 0x07, 0x02, 0x1f, 0x01, 0x17, 
	0x02, 0x03, 0x03, 0x01, 0x02, 0x02, 0x14, 0x02, 
	0x0c, 0x09, 0x08, 0x08, 0x13, 0x20, 0x11, 0x11, 
	0x0f, 0x0f, 0x1c, 0x11, 0x12, 0x11, 0x0b, 0x09, 
	0x19, 0x03, 0x05, 0x03, 0x02, 0x01, 0x02, 0x01, 
	0x02, 0x02, 0x02, 0x01, 0x15, 0x02, 0x02, 0x17, 
	0x09, 0x2f, 0x27, 0x2a, 0x0a, 0x0e, 0x0e, 0x11, 
	0x11, 0x12, 0x0e, 0x08, 0x1c, 0x22, 0x08, 0x0e, 
	0x03, 0x03, 0x01, 0x02, 0x15, 0x14, 0x03, 0x01, 
	0x14, 0x14, 0x30, 0x14, 0x14, 0x02, 0x17, 0x05, 
	0x09, 0x1b, 0x0e, 0x11, 0x0b, 0x08, 0x2d, 0x0e, 
	0x0e, 0x0e, 0x11, 0x0e, 0x0f, 0x13, 0x27, 0x08, 
	0x03, 0x01, 0x03, 0x01, 0x14, 0x14, 0x02, 0x17, 
	0x14, 0x14, 0x02, 0x14, 0x14, 0x02, 0x03, 0x05, 
	0x08, 0x33, 0x0e, 0x0e, 0x0b, 0x0e, 0x08, 0x08, 
	0x1c, 0x0a, 0x0a, 0x13, 0x0a, 0x0b, 0x08, 0x0a, 
	0x01, 0x16, 0x01, 0x02, 0x14, 0x01, 0x02, 0x14, 
	0x14, 0x02, 0x02, 0x14, 0x14, 0x01, 0x01, 0x02, 
	0x08, 0x0e, 0x0a, 0x0a, 0x25, 0x20, 0x1c, 0x08, 
	0x0e, 0x0a, 0x22, 0x08, 0x0e, 0x0b, 0x13, 0x2a, 
	0x02, 0x02, 0x01, 0x04, 0x14, 0x07, 0x02, 0x1f, 
	0x14, 0x39, 0x02, 0x16, 0x02, 0x05, 0x03, 0x17, 
	0x1d, 0x11, 0x0e, 0x0e, 0x1c, 0x0e, 0x11, 0x0e, 
	0x08, 0x08, 0x08, 0x0e, 0x08, 0x0e, 0x1b, 0x21, 
	0x17, 0x14, 0x02, 0x03, 0x17, 0x03, 0x01, 0x03, 
	0x17, 0x17, 0x01, 0x02, 0x02, 0x03, 0x02, 0x14, 
	0x1c, 0x08, 0x0e, 0x12, 0x12, 0x11, 0x11, 0x0e, 
	0x08, 0x25, 0x13, 0x13, 0x12, 0x27, 0x21, 0x2a, 
	0x14, 0x02, 0x02, 0x03, 0x02, 0x02, 0x01, 0x03, 
	0x01, 0x01, 0x17, 0x02, 0x02, 0x02, 0x02, 0x14, 
	0x1c, 0x0a, 0x0e, 0x0f, 0x0f, 0x12, 0x0e, 0x0e, 
	0x0a, 0x0b, 0x0e, 0x12, 0x1c, 0x11, 0x2a, 0x2a, 
	0x01, 0x02, 0x19, 0x05, 0x19, 0x17, 0x03, 0x01, 
	0x17, 0x14, 0x17, 0x02, 0x01, 0x30, 0x15, 0x02, 
	0x0e, 0x0e, 0x0e, 0x11, 0x20, 0x12, 0x11, 0x1c, 
	0x0e, 0x0e, 0x08, 0x0e, 0x1c, 0x0e, 0x08, 0x21, 
	0x01, 0x05, 0x05, 0x19, 0x05, 0x19, 0x01, 0x17, 
	0x17, 0x02, 0x02, 0x39, 0x03, 0x15, 0x02, 0x17, 
	0x0e, 0x0e, 0x12, 0x0e, 0x13, 0x0e, 0x1c, 0x11, 
	0x3a, 0x22, 0x2a, 0x08, 0x2d, 0x11, 0x0e, 0x13, 
	0x03, 0x19, 0x03, 0x05, 0x18, 0x06, 0x18, 0x03, 
	0x01, 0x05, 0x03, 0x14, 0x07, 0x03, 0x05, 0x16, 
	0x11, 0x0b, 0x25, 0x12, 0x08, 0x08, 0x08, 0x0e, 
	0x12, 0x08, 0x0b, 0x0e, 0x2d, 0x08, 0x0b, 0x13, 
	0x05, 0x07, 0x14, 0x01, 0x2b, 0x03, 0x07, 0x01, 
	0x02, 0x01, 0x17, 0x02, 0x05, 0x01, 0x01, 0x03, 
	0x2f, 0x3b, 0x13, 0x08, 0x0b, 0x08, 0x08, 0x13, 
	0x1c, 0x25, 0x1a, 0x0b, 0x0e, 0x0e, 0x1c, 0x08, 
	0x02, 0x17, 0x14, 0x14, 0x03, 0x07, 0x32, 0x01, 
	0x17, 0x02, 0x01, 0x02, 0x04, 0x17, 0x02, 0x05, 
	
};

Gfx pss_dl_tex1_128x128_26bdafe304a1bc13_14_pal_rgba16_aligner[] = {gsSPEndDisplayList()};
u8 pss_dl_tex1_128x128_26bdafe304a1bc13_14_pal_rgba16[] = {
	0xd5, 0xe9, 0xcd, 0xe9, 0xcd, 0xe7, 0xce, 0x29, 
	0xce, 0x27, 0xd6, 0x2b, 0xd6, 0x6d, 0xd6, 0x29, 
	0x74, 0x1b, 0x8c, 0x9f, 0x73, 0xd9, 0x7c, 0x1b, 
	0x84, 0x9f, 0x8c, 0xa1, 0x6b, 0xd9, 0x63, 0x95, 
	0x5b, 0x95, 0x63, 0x97, 0x6b, 0xd7, 0x74, 0x19, 
	0xc5, 0xa5, 0xcd, 0xe5, 0xcd, 0xa7, 0xc5, 0xe7, 
	0xce, 0x2b, 0xd6, 0x6b, 0x7c, 0x5b, 0x84, 0x9d, 
	0x6b, 0x97, 0x5b, 0x55, 0x5b, 0x53, 0xc5, 0xa7, 
	0x63, 0xd7, 0x84, 0x5d, 0x6c, 0x19, 0x63, 0x93, 
	0xde, 0x6f, 0x73, 0xdb, 0x5b, 0x93, 0x7c, 0x5d, 
	0x74, 0x17, 0xde, 0x6d, 0x7c, 0x1d, 0xc5, 0xe9, 
	0xde, 0xaf, 0x6b, 0x99, 0x6b, 0xd5, 0x84, 0x5f, 
	0xc5, 0xe5, 0xcd, 0xeb, 0xd6, 0x2d, 0x6c, 0x1b, 
	0x94, 0xe1, 0x63, 0x55, 0x74, 0x5b, 0x84, 0x5b, 
	0x73, 0xd7, 0xbd, 0xa3, 0x63, 0x99, 0x6b, 0xdb, 
	
};

Gfx pss_dl_tex1_128x128_m_e84136d5d29a146a_14_mip2_ci8_aligner[] = {gsSPEndDisplayList()};
u8 pss_dl_tex1_128x128_m_e84136d5d29a146a_14_mip2_ci8[] = {
	0x00, 0x00, 0x00, 0x01, 0x01, 0x02, 0x03, 0x03, 
	0x04, 0x04, 0x00, 0x05, 0x06, 0x06, 0x06, 0x06, 
	0x07, 0x07, 0x08, 0x08, 0x04, 0x09, 0x09, 0x04, 
	0x0a, 0x05, 0x05, 0x0b, 0x0c, 0x00, 0x0a, 0x0a, 
	0x08, 0x0d, 0x00, 0x01, 0x01, 0x01, 0x03, 0x03, 
	0x04, 0x04, 0x05, 0x00, 0x01, 0x01, 0x06, 0x01, 
	0x0a, 0x0a, 0x0e, 0x0e, 0x04, 0x04, 0x04, 0x02, 
	0x05, 0x0b, 0x0f, 0x0f, 0x0a, 0x0a, 0x0a, 0x0a, 
	0x01, 0x0d, 0x08, 0x01, 0x01, 0x01, 0x01, 0x03, 
	0x04, 0x04, 0x05, 0x0c, 0x08, 0x10, 0x01, 0x10, 
	0x0a, 0x0a, 0x0e, 0x0e, 0x02, 0x02, 0x11, 0x11, 
	0x05, 0x0a, 0x0b, 0x05, 0x0a, 0x0a, 0x0a, 0x0a, 
	0x08, 0x0d, 0x00, 0x08, 0x02, 0x01, 0x02, 0x12, 
	0x04, 0x05, 0x00, 0x0c, 0x08, 0x08, 0x10, 0x08, 
	0x08, 0x08, 0x0e, 0x0e, 0x11, 0x11, 0x02, 0x02, 
	0x0a, 0x0a, 0x0b, 0x0a, 0x0a, 0x0a, 0x0a, 0x05, 
	0x0c, 0x0c, 0x00, 0x0c, 0x13, 0x0f, 0x13, 0x0f, 
	0x0f, 0x0f, 0x14, 0x14, 0x15, 0x15, 0x16, 0x15, 
	0x0c, 0x00, 0x0c, 0x0c, 0x08, 0x08, 0x08, 0x08, 
	0x08, 0x08, 0x08, 0x08, 0x08, 0x01, 0x08, 0x15, 
	0x0c, 0x00, 0x00, 0x00, 0x0f, 0x0f, 0x13, 0x13, 
	0x14, 0x14, 0x0f, 0x00, 0x15, 0x15, 0x15, 0x08, 
	0x05, 0x05, 0x00, 0x0c, 0x00, 0x08, 0x08, 0x08, 
	0x08, 0x08, 0x17, 0x17, 0x16, 0x16, 0x16, 0x16, 
	0x05, 0x0a, 0x0a, 0x0a, 0x02, 0x02, 0x02, 0x02, 
	0x00, 0x00, 0x18, 0x18, 0x01, 0x01, 0x01, 0x01, 
	0x19, 0x19, 0x19, 0x05, 0x00, 0x00, 0x00, 0x0d, 
	0x1a, 0x1a, 0x1a, 0x17, 0x15, 0x15, 0x01, 0x01, 
	0x0a, 0x0a, 0x0a, 0x0a, 0x02, 0x02, 0x0f, 0x00, 
	0x0f, 0x00, 0x18, 0x18, 0x01, 0x08, 0x01, 0x01, 
	0x19, 0x19, 0x19, 0x19, 0x08, 0x0d, 0x1b, 0x00, 
	0x08, 0x11, 0x17, 0x17, 0x08, 0x15, 0x08, 0x01, 
	0x1c, 0x1c, 0x1c, 0x08, 0x1d, 0x0a, 0x1d, 0x11, 
	0x0c, 0x0e, 0x00, 0x08, 0x02, 0x02, 0x02, 0x02, 
	0x04, 0x04, 0x04, 0x04, 0x02, 0x0e, 0x02, 0x0a, 
	0x02, 0x02, 0x0f, 0x13, 0x0e, 0x0e, 0x02, 0x02, 
	0x08, 0x08, 0x1c, 0x12, 0x11, 0x11, 0x11, 0x0c, 
	0x0c, 0x0e, 0x00, 0x00, 0x02, 0x02, 0x02, 0x0a, 
	0x04, 0x04, 0x04, 0x04, 0x02, 0x0e, 0x02, 0x0a, 
	0x02, 0x00, 0x0f, 0x13, 0x16, 0x0e, 0x12, 0x02, 
	0x1e, 0x1e, 0x1e, 0x1e, 0x0c, 0x0c, 0x0c, 0x0c, 
	0x0c, 0x0c, 0x0c, 0x00, 0x0e, 0x02, 0x0a, 0x0a, 
	0x04, 0x1c, 0x1c, 0x0e, 0x12, 0x0e, 0x02, 0x02, 
	0x00, 0x00, 0x00, 0x13, 0x16, 0x16, 0x0e, 0x0e, 
	0x12, 0x1e, 0x12, 0x12, 0x0a, 0x0a, 0x0a, 0x0a, 
	0x08, 0x00, 0x0c, 0x0c, 0x0e, 0x0e, 0x12, 0x12, 
	0x1c, 0x08, 0x08, 0x0e, 0x0e, 0x0e, 0x0e, 0x02, 
	0x00, 0x0f, 0x0f, 0x00, 0x12, 0x12, 0x12, 0x12, 
	0x08, 0x0d, 0x08, 0x08, 0x04, 0x04, 0x04, 0x04, 
	0x0a, 0x0a, 0x02, 0x0e, 0x13, 0x13, 0x13, 0x13, 
	0x0c, 0x11, 0x11, 0x0c, 0x14, 0x14, 0x14, 0x0f, 
	0x0c, 0x0c, 0x00, 0x19, 0x04, 0x07, 0x07, 0x04, 
	0x08, 0x0d, 0x08, 0x10, 0x04, 0x04, 0x04, 0x04, 
	0x02, 0x0a, 0x02, 0x12, 0x03, 0x03, 0x03, 0x03, 
	0x00, 0x11, 0x0c, 0x0c, 0x0b, 0x0b, 0x0b, 0x0f, 
	0x0c, 0x0c, 0x05, 0x19, 0x1f, 0x07, 0x04, 0x07, 
	0x08, 0x0d, 0x15, 0x08, 0x04, 0x04, 0x20, 0x20, 
	0x12, 0x02, 0x02, 0x12, 0x02, 0x03, 0x03, 0x03, 
	0x05, 0x05, 0x0c, 0x05, 0x02, 0x02, 0x02, 0x02, 
	0x00, 0x0c, 0x05, 0x19, 0x1f, 0x1f, 0x04, 0x04, 
	0x08, 0x15, 0x15, 0x08, 0x21, 0x21, 0x0d, 0x0d, 
	0x0e, 0x12, 0x02, 0x0e, 0x02, 0x02, 0x00, 0x02, 
	0x00, 0x00, 0x11, 0x00, 0x02, 0x02, 0x0f, 0x0f, 
	0x00, 0x0c, 0x05, 0x05, 0x1f, 0x20, 0x20, 0x20, 
	0x08, 0x00, 0x08, 0x08, 0x08, 0x00, 0x0d, 0x00, 
	0x18, 0x18, 0x18, 0x1e, 0x08, 0x08, 0x08, 0x08, 
	0x12, 0x12, 0x0e, 0x12, 0x12, 0x12, 0x0d, 0x0d, 
	0x08, 0x13, 0x08, 0x00, 0x08, 0x08, 0x08, 0x08, 
	0x0e, 0x0e, 0x00, 0x08, 0x08, 0x0d, 0x00, 0x08, 
	0x18, 0x22, 0x22, 0x1e, 0x13, 0x08, 0x08, 0x08, 
	0x12, 0x00, 0x0c, 0x0e, 0x0d, 0x0d, 0x0d, 0x0d, 
	0x13, 0x13, 0x13, 0x13, 0x0e, 0x15, 0x08, 0x15, 
	0x23, 0x23, 0x23, 0x23, 0x13, 0x13, 0x13, 0x13, 
	0x23, 0x1e, 0x23, 0x23, 0x13, 0x0d, 0x0d, 0x13, 
	0x0e, 0x0c, 0x0c, 0x12, 0x1c, 0x1c, 0x1c, 0x03, 
	0x01, 0x13, 0x08, 0x00, 0x15, 0x0e, 0x16, 0x16, 
	0x0e, 0x0e, 0x0e, 0x0e, 0x0d, 0x00, 0x00, 0x08, 
	0x18, 0x18, 0x18, 0x23, 0x00, 0x08, 0x08, 0x08, 
	0x00, 0x12, 0x12, 0x12, 0x03, 0x03, 0x03, 0x03, 
	0x01, 0x08, 0x00, 0x00, 0x15, 0x15, 0x15, 0x15, 
	0x00, 0x0c, 0x00, 0x00, 0x24, 0x18, 0x24, 0x10, 
	0x01, 0x03, 0x03, 0x11, 0x12, 0x12, 0x0e, 0x12, 
	0x0d, 0x0d, 0x25, 0x1c, 0x0a, 0x0a, 0x0a, 0x0a, 
	0x0a, 0x0a, 0x13, 0x00, 0x1c, 0x04, 0x1c, 0x08, 
	0x05, 0x0c, 0x00, 0x00, 0x18, 0x01, 0x10, 0x10, 
	0x03, 0x01, 0x03, 0x01, 0x0e, 0x12, 0x12, 0x12, 
	0x00, 0x0d, 0x25, 0x00, 0x02, 0x0a, 0x0a, 0x02, 
	0x05, 0x00, 0x13, 0x05, 0x1c, 0x04, 0x04, 0x1c, 
	0x19, 0x00, 0x00, 0x05, 0x10, 0x01, 0x01, 0x10, 
	0x03, 0x01, 0x01, 0x05, 0x12, 0x12, 0x12, 0x12, 
	0x1c, 0x00, 0x0d, 0x25, 0x1e, 0x1e, 0x1e, 0x1e, 
	0x13, 0x00, 0x00, 0x05, 0x1c, 0x04, 0x04, 0x04, 
	0x19, 0x00, 0x0c, 0x05, 0x10, 0x01, 0x01, 0x01, 
	0x01, 0x01, 0x01, 0x01, 0x12, 0x1e, 0x1e, 0x12, 
	0x00, 0x1c, 0x1c, 0x00, 0x02, 0x1e, 0x0a, 0x0a, 
	0x0a, 0x0a, 0x00, 0x05, 0x1c, 0x1c, 0x1c, 0x04, 
	0x24, 0x24, 0x1b, 0x0c, 0x11, 0x12, 0x12, 0x12, 
	0x02, 0x12, 0x1e, 0x1e, 0x0c, 0x0c, 0x0a, 0x0a, 
	0x04, 0x07, 0x07, 0x18, 0x0a, 0x11, 0x26, 0x26, 
	0x27, 0x1c, 0x0d, 0x08, 0x05, 0x05, 0x05, 0x05, 
	0x24, 0x24, 0x1b, 0x1b, 0x23, 0x23, 0x11, 0x11, 
	0x12, 0x12, 0x12, 0x12, 0x00, 0x00, 0x0a, 0x0a, 
	0x07, 0x07, 0x04, 0x01, 0x05, 0x11, 0x0a, 0x26, 
	0x27, 0x1c, 0x0d, 0x08, 0x05, 0x05, 0x00, 0x00, 
	0x0e, 0x0e, 0x24, 0x24, 0x11, 0x01, 0x01, 0x01, 
	0x04, 0x04, 0x04, 0x04, 0x0a, 0x00, 0x0a, 0x0a, 
	0x07, 0x04, 0x04, 0x01, 0x05, 0x11, 0x0a, 0x0a, 
	0x1c, 0x08, 0x0d, 0x0d, 0x00, 0x00, 0x0c, 0x0c, 
	0x24, 0x24, 0x24, 0x24, 0x12, 0x01, 0x01, 0x01, 
	0x04, 0x04, 0x04, 0x02, 0x05, 0x00, 0x05, 0x0a, 
	0x07, 0x07, 0x04, 0x01, 0x05, 0x11, 0x0a, 0x05, 
	0x0d, 0x0d, 0x0d, 0x08, 0x00, 0x0c, 0x0c, 0x00, 
	0x0f, 0x0d, 0x0f, 0x0f, 0x00, 0x10, 0x10, 0x10, 
	0x01, 0x01, 0x08, 0x08, 0x28, 0x0c, 0x12, 0x28, 
	0x29, 0x29, 0x05, 0x05, 0x1d, 0x2a, 0x1d, 0x1d, 
	0x12, 0x1c, 0x1c, 0x12, 0x10, 0x12, 0x0e, 0x0c, 
	0x0f, 0x0f, 0x1b, 0x1b, 0x0d, 0x10, 0x00, 0x00, 
	0x08, 0x08, 0x08, 0x00, 0x12, 0x0c, 0x0c, 0x0c, 
	0x00, 0x00, 0x00, 0x16, 0x2a, 0x2a, 0x1d, 0x1d, 
	0x02, 0x02, 0x12, 0x12, 0x10, 0x10, 0x0e, 0x0e, 
	0x0d, 0x1b, 0x1b, 0x1b, 0x1b, 0x1b, 0x0d, 0x0d, 
	0x0c, 0x0c, 0x0c, 0x00, 0x12, 0x12, 0x12, 0x12, 
	0x05, 0x05, 0x00, 0x16, 0x1c, 0x1c, 0x1d, 0x1c, 
	0x04, 0x04, 0x02, 0x1c, 0x10, 0x12, 0x0e, 0x0c, 
	0x1b, 0x0d, 0x00, 0x00, 0x10, 0x10, 0x10, 0x10, 
	0x01, 0x01, 0x00, 0x01, 0x26, 0x26, 0x26, 0x26, 
	0x29, 0x29, 0x05, 0x00, 0x1c, 0x27, 0x27, 0x1c, 
	0x04, 0x02, 0x1c, 0x02, 0x12, 0x0e, 0x0c, 0x0c, 
	
};

Gfx pss_dl_tex1_128x128_m_e84136d5d29a146a_14_mip2_pal_rgba16_aligner[] = {gsSPEndDisplayList()};
u8 pss_dl_tex1_128x128_m_e84136d5d29a146a_14_mip2_pal_rgba16[] = {
	0x11, 0x09, 0x19, 0x8f, 0x19, 0x4d, 0x21, 0xd1, 
	0x21, 0xcf, 0x19, 0x4b, 0x19, 0xd1, 0x2a, 0x11, 
	0x11, 0x4b, 0x2a, 0x13, 0x21, 0x8f, 0x19, 0x09, 
	0x08, 0x87, 0x08, 0xc7, 0x08, 0xc9, 0x10, 0xc7, 
	0x11, 0x8d, 0x10, 0xc9, 0x11, 0x0b, 0x08, 0x85, 
	0x10, 0x45, 0x09, 0x09, 0x00, 0x87, 0x10, 0x85, 
	0x11, 0x4d, 0x21, 0x8d, 0x10, 0x43, 0x08, 0x45, 
	0x19, 0x8d, 0x19, 0x0b, 0x08, 0x89, 0x21, 0xcd, 
	0x19, 0x8b, 0x11, 0x49, 0x10, 0xcb, 0x08, 0x47, 
	0x09, 0x0b, 0x00, 0x45, 0x29, 0xd1, 0x22, 0x11, 
	0x21, 0x4d, 0x29, 0xcf, 0x10, 0x87, 
};

Gfx pss_dl_SUPER_MARIO_64_A6463A8D_0_2_all_ci4_aligner[] = {gsSPEndDisplayList()};
u8 pss_dl_SUPER_MARIO_64_A6463A8D_0_2_all_ci4[] = {
	0x00, 0x00, 0x12, 0x11, 0x22, 0x22, 0x21, 0x21, 
	0x00, 0x21, 0x10, 0x01, 0x11, 0x22, 0x11, 0x02, 
	0x12, 0x12, 0x11, 0x11, 0x02, 0x02, 0x12, 0x22, 
	0x00, 0x22, 0x21, 0x21, 0x02, 0x21, 0x22, 0x12, 
	0x22, 0x02, 0x12, 0x12, 0x20, 0x21, 0x12, 0x01, 
	0x11, 0x11, 0x10, 0x00, 0x00, 0x21, 0x10, 0x11, 
	0x21, 0x00, 0x12, 0x22, 0x21, 0x22, 0x01, 0x22, 
	0x21, 0x01, 0x02, 0x12, 0x00, 0x02, 0x20, 0x21, 
	0x00, 0x11, 0x22, 0x10, 0x22, 0x11, 0x21, 0x02, 
	0x22, 0x01, 0x21, 0x10, 0x22, 0x22, 0x00, 0x01, 
	0x10, 0x00, 0x01, 0x10, 0x20, 0x22, 0x12, 0x12, 
	0x21, 0x00, 0x12, 0x10, 0x22, 0x10, 0x12, 0x21, 
	0x10, 0x01, 0x12, 0x11, 0x12, 0x21, 0x20, 0x10, 
	0x12, 0x10, 0x11, 0x12, 0x20, 0x21, 0x11, 0x12, 
	0x01, 0x00, 0x01, 0x10, 0x01, 0x12, 0x12, 0x11, 
	0x11, 0x11, 0x00, 0x11, 0x10, 0x12, 0x01, 0x12, 
	0x11, 0x10, 0x11, 0x01, 0x10, 0x12, 0x22, 0x10, 
	0x00, 0x22, 0x01, 0x22, 0x00, 0x21, 0x20, 0x12, 
	0x10, 0x01, 0x01, 0x20, 0x02, 0x10, 0x12, 0x11, 
	0x10, 0x01, 0x00, 0x00, 0x20, 0x01, 0x02, 0x11, 
	0x01, 0x00, 0x02, 0x12, 0x11, 0x10, 0x01, 0x21, 
	0x20, 0x00, 0x01, 0x00, 0x11, 0x20, 0x12, 0x21, 
	0x20, 0x00, 0x10, 0x21, 0x20, 0x10, 0x21, 0x10, 
	0x10, 0x01, 0x01, 0x20, 0x22, 0x02, 0x22, 0x22, 
	0x12, 0x01, 0x11, 0x02, 0x01, 0x00, 0x10, 0x22, 
	0x21, 0x00, 0x01, 0x11, 0x10, 0x21, 0x21, 0x22, 
	0x21, 0x20, 0x11, 0x01, 0x00, 0x11, 0x01, 0x00, 
	0x21, 0x10, 0x00, 0x22, 0x02, 0x12, 0x22, 0x21, 
	0x21, 0x11, 0x01, 0x22, 0x00, 0x00, 0x11, 0x11, 
	0x02, 0x11, 0x20, 0x10, 0x01, 0x01, 0x20, 0x02, 
	0x20, 0x00, 0x10, 0x12, 0x00, 0x11, 0x21, 0x13, 
	0x12, 0x10, 0x22, 0x12, 0x20, 0x02, 0x00, 0x20, 
	0x20, 0x22, 0x01, 0x02, 0x10, 0x20, 0x01, 0x22, 
	0x23, 0x30, 0x11, 0x11, 0x01, 0x02, 0x10, 0x02, 
	0x00, 0x12, 0x11, 0x12, 0x11, 0x22, 0x23, 0x12, 
	0x01, 0x13, 0x32, 0x10, 0x00, 0x01, 0x10, 0x11, 
	0x00, 0x00, 0x20, 0x11, 0x13, 0x31, 0x02, 0x31, 
	0x20, 0x02, 0x11, 0x11, 0x01, 0x00, 0x10, 0x11, 
	0x01, 0x10, 0x10, 0x02, 0x01, 0x33, 0x01, 0x22, 
	0x32, 0x10, 0x23, 0x30, 0x12, 0x00, 0x00, 0x01, 
	0x00, 0x01, 0x20, 0x10, 0x22, 0x12, 0x31, 0x21, 
	0x13, 0x32, 0x02, 0x03, 0x01, 0x20, 0x20, 0x12, 
	0x10, 0x01, 0x33, 0x12, 0x00, 0x12, 0x13, 0x10, 
	0x20, 0x33, 0x10, 0x01, 0x00, 0x12, 0x11, 0x22, 
	0x10, 0x10, 0x00, 0x11, 0x02, 0x21, 0x21, 0x23, 
	0x32, 0x23, 0x11, 0x11, 0x11, 0x11, 0x22, 0x12, 
	0x00, 0x01, 0x00, 0x21, 0x10, 0x10, 0x11, 0x21, 
	0x22, 0x11, 0x00, 0x11, 0x00, 0x12, 0x02, 0x22, 
	0x22, 0x21, 0x11, 0x21, 0x20, 0x01, 0x33, 0x32, 
	0x11, 0x33, 0x10, 0x22, 0x02, 0x10, 0x00, 0x02, 
	0x10, 0x01, 0x21, 0x10, 0x11, 0x10, 0x12, 0x20, 
	0x21, 0x00, 0x20, 0x11, 0x02, 0x12, 0x20, 0x20, 
	0x21, 0x22, 0x22, 0x11, 0x00, 0x10, 0x11, 0x01, 
	0x02, 0x10, 0x00, 0x22, 0x02, 0x12, 0x21, 0x12, 
	0x22, 0x21, 0x21, 0x21, 0x11, 0x11, 0x22, 0x11, 
	0x21, 0x21, 0x10, 0x22, 0x11, 0x20, 0x20, 0x02, 
	0x22, 0x12, 0x11, 0x20, 0x12, 0x10, 0x22, 0x21, 
	0x10, 0x00, 0x01, 0x11, 0x21, 0x10, 0x01, 0x01, 
	0x11, 0x20, 0x02, 0x20, 0x00, 0x22, 0x02, 0x20, 
	0x10, 0x02, 0x12, 0x12, 0x20, 0x00, 0x21, 0x02, 
	0x00, 0x12, 0x10, 0x12, 0x22, 0x22, 0x12, 0x21, 
	0x10, 0x02, 0x22, 0x00, 0x21, 0x00, 0x01, 0x12, 
	0x11, 0x12, 0x22, 0x22, 0x20, 0x12, 0x02, 0x02, 
	0x20, 0x12, 0x20, 0x12, 0x12, 0x22, 0x10, 0x11, 
	
};

Gfx pss_dl_SUPER_MARIO_64_A6463A8D_0_2_all_pal_rgba16_aligner[] = {gsSPEndDisplayList()};
u8 pss_dl_SUPER_MARIO_64_A6463A8D_0_2_all_pal_rgba16[] = {
	0x80, 0xc7, 0xb0, 0xc7, 0x90, 0xc7, 0x88, 0xc7, 
	
};

Gfx pss_dl_tex1_128x128_4d0cd293d030d8fa_4_ci4_aligner[] = {gsSPEndDisplayList()};
u8 pss_dl_tex1_128x128_4d0cd293d030d8fa_4_ci4[] = {
	0x01, 0x23, 0x33, 0x34, 0x40, 0x24, 0x40, 0x44, 
	0x52, 0x45, 0x60, 0x47, 0x72, 0x00, 0x42, 0x20, 
	0x41, 0x24, 0x00, 0x44, 0x40, 0x08, 0x88, 0x46, 
	0x40, 0x04, 0x44, 0x21, 0x74, 0x04, 0x04, 0x00, 
	0x25, 0x25, 0x24, 0x44, 0x40, 0x44, 0x22, 0x42, 
	0x40, 0x00, 0x48, 0x11, 0x16, 0x40, 0x00, 0x00, 
	0x44, 0x51, 0x24, 0x04, 0x62, 0x44, 0x48, 0x44, 
	0x42, 0x44, 0x22, 0x52, 0x24, 0x44, 0x40, 0x04, 
	0x24, 0x21, 0x12, 0x04, 0x44, 0x84, 0x44, 0x44, 
	0x91, 0x40, 0x44, 0x24, 0x42, 0x20, 0x00, 0x42, 
	0x54, 0x42, 0x12, 0x00, 0x40, 0x00, 0x24, 0x22, 
	0x12, 0x28, 0x82, 0x40, 0x0a, 0x28, 0x40, 0x05, 
	0x40, 0x44, 0x88, 0x00, 0x80, 0x34, 0x86, 0x22, 
	0x22, 0x52, 0x25, 0x00, 0x0b, 0x16, 0x44, 0x44, 
	0x24, 0x41, 0x04, 0x00, 0x01, 0x40, 0x04, 0x44, 
	0x22, 0x22, 0x82, 0x03, 0x04, 0x22, 0x44, 0x42, 
	0x48, 0x11, 0x04, 0x44, 0x91, 0x53, 0x34, 0x44, 
	0x88, 0x00, 0x80, 0x03, 0x04, 0x48, 0x44, 0x62, 
	0x42, 0x24, 0x42, 0x22, 0x62, 0x28, 0x42, 0x22, 
	0x23, 0x04, 0x22, 0x03, 0xc4, 0x40, 0x28, 0x24, 
	0x82, 0x44, 0x44, 0x04, 0x02, 0x26, 0x25, 0x22, 
	0x23, 0x08, 0x55, 0x24, 0xbb, 0x00, 0x42, 0x54, 
	0x62, 0x22, 0x44, 0x44, 0x22, 0x84, 0x22, 0x12, 
	0x43, 0x48, 0x25, 0x54, 0xb0, 0x00, 0x05, 0x14, 
	0x82, 0x57, 0x74, 0x44, 0x28, 0x44, 0x22, 0x14, 
	0x44, 0x08, 0x22, 0x52, 0x40, 0x33, 0x32, 0x52, 
	0x62, 0x25, 0xd7, 0x24, 0x82, 0x44, 0x21, 0x54, 
	0x22, 0x80, 0x44, 0x25, 0x50, 0x30, 0x04, 0x24, 
	0x22, 0x55, 0x25, 0x55, 0x11, 0x44, 0x15, 0x52, 
	0x22, 0x84, 0x42, 0x02, 0x84, 0x44, 0x02, 0x24, 
	0x27, 0x71, 0x42, 0xee, 0xe2, 0x44, 0x15, 0x52, 
	0x22, 0x20, 0x42, 0x23, 0x01, 0x54, 0x30, 0x44, 
	0x21, 0x71, 0x29, 0x97, 0x55, 0x84, 0x15, 0x52, 
	0x22, 0x44, 0x42, 0x44, 0x00, 0x24, 0x44, 0x62, 
	0x22, 0x69, 0x17, 0x14, 0x42, 0x84, 0x25, 0x50, 
	0x22, 0x44, 0x88, 0x22, 0x23, 0x34, 0x48, 0x52, 
	0x22, 0x57, 0x75, 0x22, 0x24, 0x44, 0x22, 0x50, 
	0x02, 0x44, 0x22, 0x25, 0x23, 0x33, 0x42, 0x12, 
	0x26, 0x51, 0x22, 0x22, 0x25, 0x44, 0x42, 0x14, 
	0x03, 0x84, 0x25, 0x54, 0x24, 0x03, 0x35, 0x12, 
	0x42, 0x42, 0x22, 0x48, 0x42, 0x24, 0x22, 0x52, 
	0x03, 0x04, 0x25, 0x22, 0x22, 0x40, 0x42, 0x50, 
	0x06, 0x28, 0x22, 0x82, 0x22, 0x42, 0x22, 0x22, 
	0x43, 0x00, 0x22, 0x00, 0x82, 0x24, 0x44, 0x20, 
	0x04, 0x57, 0x04, 0x02, 0x55, 0x20, 0x30, 0x00, 
	0x44, 0x03, 0x04, 0x43, 0x42, 0x20, 0x44, 0x24, 
	0x24, 0x45, 0x00, 0x03, 0x45, 0x50, 0x04, 0x00, 
	0x42, 0x24, 0x42, 0x40, 0x22, 0x24, 0x00, 0x82, 
	0x80, 0x44, 0x00, 0x33, 0x00, 0x08, 0x22, 0x26, 
	0x22, 0x26, 0x22, 0x40, 0x02, 0x72, 0x00, 0x48, 
	0x24, 0x42, 0x54, 0x03, 0x40, 0x04, 0x22, 0x55, 
	0x52, 0x24, 0x22, 0x00, 0x02, 0x54, 0x40, 0x42, 
	0x24, 0x21, 0x12, 0x04, 0x00, 0x44, 0x48, 0x22, 
	0x55, 0x44, 0x44, 0x24, 0x42, 0x24, 0x00, 0x02, 
	0x42, 0x51, 0x22, 0x08, 0x84, 0x44, 0x44, 0x44, 
	0x25, 0x24, 0x46, 0x55, 0x52, 0x24, 0x40, 0x04, 
	0x22, 0x25, 0x24, 0x88, 0x44, 0x84, 0x46, 0x22, 
	0x80, 0x00, 0x46, 0xd5, 0x52, 0x20, 0x40, 0x30, 
	0x2d, 0x40, 0x04, 0x22, 0x80, 0x04, 0x44, 0x82, 
	0x84, 0x04, 0x24, 0x57, 0x74, 0x08, 0x44, 0x30, 
	0x3d, 0x23, 0x33, 0x02, 0x24, 0x44, 0x04, 0x42, 
	0x22, 0x82, 0x20, 0x27, 0x74, 0x00, 0x42, 0x20, 
	0x04, 0x03, 0x33, 0x30, 0x02, 0x24, 0x40, 0x01, 
	0x12, 0x25, 0x20, 0x0e, 0x75, 0x00, 0x22, 0x20, 
	
};

Gfx pss_dl_tex1_128x128_4d0cd293d030d8fa_4_pal_rgba16_aligner[] = {gsSPEndDisplayList()};
u8 pss_dl_tex1_128x128_4d0cd293d030d8fa_4_pal_rgba16[] = {
	0xfd, 0xc7, 0xf5, 0x05, 0xf5, 0x47, 0xfe, 0x07, 
	0xfd, 0x87, 0xf5, 0x07, 0xfd, 0x47, 0xf4, 0xc5, 
	0xf5, 0x87, 0xf5, 0x45, 0xfd, 0x45, 0xfd, 0x85, 
	0xfd, 0xc5, 0xf4, 0xc7, 0xf4, 0x85, 
};

Gfx pss_dl_tex1_256x256_074bab950414d116_14_ci8_aligner[] = {gsSPEndDisplayList()};
u8 pss_dl_tex1_256x256_074bab950414d116_14_ci8[] = {
	0x00, 0x01, 0x02, 0x03, 0x04, 0x03, 0x03, 0x05, 
	0x03, 0x03, 0x04, 0x02, 0x06, 0x06, 0x07, 0x06, 
	0x08, 0x08, 0x08, 0x08, 0x07, 0x09, 0x09, 0x09, 
	0x09, 0x09, 0x09, 0x09, 0x08, 0x07, 0x0a, 0x0a, 
	0x01, 0x01, 0x0b, 0x04, 0x05, 0x0c, 0x0d, 0x0e, 
	0x03, 0x0c, 0x03, 0x0f, 0x10, 0x02, 0x01, 0x11, 
	0x0a, 0x01, 0x00, 0x12, 0x12, 0x07, 0x08, 0x09, 
	0x09, 0x09, 0x09, 0x09, 0x13, 0x07, 0x0a, 0x06, 
	0x06, 0x02, 0x0b, 0x04, 0x05, 0x0e, 0x0e, 0x14, 
	0x0e, 0x15, 0x16, 0x17, 0x18, 0x19, 0x1a, 0x1a, 
	0x1a, 0x1a, 0x19, 0x18, 0x1b, 0x1c, 0x07, 0x07, 
	0x13, 0x13, 0x13, 0x13, 0x07, 0x07, 0x07, 0x06, 
	0x06, 0x02, 0x04, 0x1d, 0x15, 0x14, 0x14, 0x1e, 
	0x05, 0x1f, 0x20, 0x1a, 0x1a, 0x1a, 0x1a, 0x1a, 
	0x1a, 0x1a, 0x1a, 0x1a, 0x1a, 0x20, 0x21, 0x0a, 
	0x07, 0x0a, 0x07, 0x07, 0x07, 0x07, 0x22, 0x06, 
	0x10, 0x02, 0x03, 0x05, 0x0e, 0x1e, 0x23, 0x24, 
	0x19, 0x1a, 0x1a, 0x1a, 0x1a, 0x25, 0x1a, 0x26, 
	0x27, 0x1a, 0x25, 0x1a, 0x1a, 0x1a, 0x1a, 0x20, 
	0x28, 0x0a, 0x0a, 0x07, 0x0a, 0x06, 0x00, 0x02, 
	0x02, 0x04, 0x04, 0x0e, 0x0e, 0x29, 0x2a, 0x1a, 
	0x2b, 0x2c, 0x1a, 0x1a, 0x2d, 0x2e, 0x2f, 0x2e, 
	0x2e, 0x2f, 0x2e, 0x2f, 0x1a, 0x1a, 0x1a, 0x30, 
	0x1a, 0x31, 0x0a, 0x07, 0x06, 0x06, 0x10, 0x02, 
	0x0b, 0x04, 0x04, 0x0d, 0x0e, 0x2a, 0x1a, 0x32, 
	0x33, 0x2c, 0x1a, 0x34, 0x2e, 0x2e, 0x2e, 0x2e, 
	0x2e, 0x2e, 0x2e, 0x2e, 0x25, 0x1a, 0x1a, 0x35, 
	0x36, 0x1a, 0x31, 0x06, 0x06, 0x00, 0x02, 0x02, 
	0x02, 0x0b, 0x04, 0x0d, 0x24, 0x1a, 0x1a, 0x37, 
	0x2e, 0x2b, 0x1a, 0x38, 0x2e, 0x2e, 0x2e, 0x2e, 
	0x2e, 0x2e, 0x2e, 0x2e, 0x39, 0x1a, 0x2c, 0x2e, 
	0x3a, 0x1a, 0x1a, 0x3b, 0x06, 0x10, 0x02, 0x02, 
	0x02, 0x0b, 0x0f, 0x0b, 0x19, 0x1a, 0x2c, 0x2e, 
	0x2e, 0x2d, 0x3c, 0x2e, 0x2e, 0x2e, 0x2e, 0x2e, 
	0x2e, 0x2e, 0x2e, 0x2e, 0x2e, 0x3d, 0x27, 0x2e, 
	0x2e, 0x3e, 0x1a, 0x3f, 0x11, 0x10, 0x10, 0x40, 
	0x02, 0x02, 0x0b, 0x41, 0x1a, 0x1a, 0x1a, 0x35, 
	0x2e, 0x2e, 0x2e, 0x42, 0x2e, 0x2e, 0x2e, 0x2e, 
	0x2e, 0x2e, 0x2e, 0x2e, 0x42, 0x2e, 0x2e, 0x2e, 
	0x33, 0x2c, 0x1a, 0x1a, 0x43, 0x06, 0x40, 0x40, 
	0x10, 0x02, 0x01, 0x20, 0x1a, 0x1a, 0x1a, 0x44, 
	0x2e, 0x2e, 0x2e, 0x34, 0x45, 0x2e, 0x2e, 0x2e, 
	0x2e, 0x2e, 0x2e, 0x45, 0x3c, 0x2e, 0x2e, 0x2e, 
	0x26, 0x1a, 0x1a, 0x1a, 0x20, 0x11, 0x10, 0x10, 
	0x00, 0x02, 0x1b, 0x1a, 0x1a, 0x1a, 0x1a, 0x1a, 
	0x46, 0x2e, 0x2e, 0x32, 0x1a, 0x47, 0x33, 0x2e, 
	0x2e, 0x33, 0x44, 0x2c, 0x2b, 0x2e, 0x2e, 0x45, 
	0x1a, 0x1a, 0x1a, 0x1a, 0x1a, 0x48, 0x06, 0x00, 
	0x00, 0x00, 0x18, 0x1a, 0x1a, 0x1a, 0x1a, 0x2b, 
	0x46, 0x2e, 0x2e, 0x3d, 0x1a, 0x1a, 0x25, 0x2e, 
	0x2e, 0x44, 0x1a, 0x1a, 0x34, 0x2e, 0x2e, 0x45, 
	0x2b, 0x1a, 0x1a, 0x1a, 0x1a, 0x49, 0x06, 0x06, 
	0x07, 0x01, 0x19, 0x1a, 0x1a, 0x1a, 0x44, 0x2e, 
	0x2e, 0x2e, 0x2e, 0x33, 0x39, 0x39, 0x35, 0x2e, 
	0x2e, 0x33, 0x39, 0x39, 0x33, 0x2e, 0x2e, 0x2e, 
	0x2e, 0x27, 0x1a, 0x1a, 0x1a, 0x20, 0x01, 0x06, 
	0x13, 0x11, 0x1a, 0x1a, 0x1a, 0x3e, 0x42, 0x2e, 
	0x2e, 0x2e, 0x2e, 0x2e, 0x2e, 0x2e, 0x2e, 0x2e, 
	0x2e, 0x2e, 0x2e, 0x2e, 0x2e, 0x2e, 0x2e, 0x2e, 
	0x2e, 0x2e, 0x2b, 0x1a, 0x1a, 0x1a, 0x4a, 0x08, 
	0x09, 0x4b, 0x1a, 0x1a, 0x1a, 0x4c, 0x2e, 0x2e, 
	0x2e, 0x45, 0x42, 0x2e, 0x2e, 0x2e, 0x2e, 0x2e, 
	0x2e, 0x2e, 0x2e, 0x2e, 0x2e, 0x42, 0x46, 0x2e, 
	0x2e, 0x2e, 0x3c, 0x1a, 0x1a, 0x1a, 0x4d, 0x09, 
	0x4e, 0x4b, 0x1a, 0x1a, 0x1a, 0x34, 0x2e, 0x2e, 
	0x2e, 0x3e, 0x4c, 0x35, 0x2e, 0x2e, 0x2e, 0x2e, 
	0x2e, 0x2e, 0x2e, 0x2e, 0x33, 0x3c, 0x2c, 0x42, 
	0x2e, 0x2e, 0x3d, 0x1a, 0x1a, 0x1a, 0x4d, 0x4f, 
	0x24, 0x4a, 0x1a, 0x1a, 0x1a, 0x36, 0x2e, 0x2e, 
	0x39, 0x1a, 0x1a, 0x3e, 0x33, 0x33, 0x50, 0x51, 
	0x36, 0x27, 0x33, 0x42, 0x2b, 0x1a, 0x1a, 0x3a, 
	0x2e, 0x2e, 0x4c, 0x1a, 0x1a, 0x1a, 0x4b, 0x52, 
	0x09, 0x0a, 0x19, 0x1a, 0x1a, 0x1a, 0x35, 0x2e, 
	0x35, 0x3e, 0x1a, 0x1a, 0x45, 0x3a, 0x1a, 0x1a, 
	0x1a, 0x1a, 0x53, 0x37, 0x1a, 0x1a, 0x2c, 0x39, 
	0x2e, 0x33, 0x2c, 0x1a, 0x1a, 0x20, 0x54, 0x55, 
	0x56, 0x57, 0x18, 0x1a, 0x1a, 0x1a, 0x25, 0x2e, 
	0x2e, 0x2d, 0x1a, 0x1a, 0x51, 0x37, 0x1a, 0x1a, 
	0x1a, 0x1a, 0x46, 0x4c, 0x1a, 0x1a, 0x27, 0x2e, 
	0x2e, 0x47, 0x1a, 0x1a, 0x1a, 0x58, 0x59, 0x52, 
	0x52, 0x52, 0x1f, 0x1a, 0x1a, 0x1a, 0x1a, 0x2d, 
	0x2e, 0x2e, 0x36, 0x1a, 0x1a, 0x2c, 0x1a, 0x1a, 
	0x1a, 0x1a, 0x2c, 0x1a, 0x1a, 0x32, 0x42, 0x2e, 
	0x5a, 0x1a, 0x1a, 0x1a, 0x1a, 0x5b, 0x59, 0x52, 
	0x52, 0x52, 0x4b, 0x20, 0x1a, 0x1a, 0x1a, 0x1a, 
	0x27, 0x2e, 0x37, 0x1a, 0x1a, 0x1a, 0x1a, 0x1a, 
	0x1a, 0x1a, 0x1a, 0x1a, 0x1a, 0x46, 0x2e, 0x2d, 
	0x1a, 0x1a, 0x1a, 0x1a, 0x1a, 0x4d, 0x5c, 0x55, 
	0x52, 0x52, 0x52, 0x43, 0x1a, 0x1a, 0x1a, 0x1a, 
	0x2c, 0x39, 0x2e, 0x3c, 0x2c, 0x46, 0x1a, 0x1a, 
	0x1a, 0x1a, 0x5a, 0x2c, 0x51, 0x2e, 0x35, 0x3e, 
	0x1a, 0x1a, 0x1a, 0x1a, 0x5d, 0x5c, 0x5c, 0x55, 
	0x52, 0x52, 0x52, 0x24, 0x20, 0x1a, 0x1a, 0x1a, 
	0x1a, 0x3c, 0x2e, 0x3a, 0x44, 0x42, 0x1a, 0x1a, 
	0x1a, 0x1a, 0x35, 0x27, 0x37, 0x2e, 0x3d, 0x1a, 
	0x1a, 0x1a, 0x1a, 0x20, 0x5e, 0x5f, 0x5c, 0x52, 
	0x52, 0x52, 0x52, 0x60, 0x2a, 0x1a, 0x1a, 0x1a, 
	0x1a, 0x1a, 0x45, 0x2e, 0x42, 0x2e, 0x5a, 0x45, 
	0x45, 0x5a, 0x42, 0x42, 0x2e, 0x37, 0x1a, 0x1a, 
	0x1a, 0x1a, 0x1a, 0x48, 0x61, 0x5f, 0x59, 0x5e, 
	0x52, 0x52, 0x52, 0x52, 0x57, 0x31, 0x1a, 0x1a, 
	0x1a, 0x1a, 0x45, 0x2e, 0x2e, 0x2e, 0x2e, 0x2e, 
	0x2e, 0x2e, 0x2e, 0x2e, 0x2e, 0x53, 0x1a, 0x1a, 
	0x1a, 0x1a, 0x21, 0x5c, 0x5f, 0x5c, 0x5c, 0x52, 
	0x52, 0x52, 0x52, 0x52, 0x4f, 0x07, 0x31, 0x1a, 
	0x1a, 0x1a, 0x2d, 0x2e, 0x2e, 0x2e, 0x2e, 0x2e, 
	0x2e, 0x2e, 0x2e, 0x2e, 0x2e, 0x2f, 0x1a, 0x1a, 
	0x1a, 0x21, 0x59, 0x62, 0x62, 0x59, 0x52, 0x52, 
	0x09, 0x09, 0x57, 0x4f, 0x13, 0x07, 0x1c, 0x3b, 
	0x3f, 0x1a, 0x3e, 0x50, 0x33, 0x2e, 0x2e, 0x53, 
	0x37, 0x2e, 0x2e, 0x33, 0x2d, 0x3e, 0x1a, 0x20, 
	0x63, 0x5c, 0x5c, 0x5c, 0x5c, 0x52, 0x52, 0x4f, 
	0x08, 0x09, 0x09, 0x08, 0x07, 0x22, 0x07, 0x07, 
	0x0a, 0x43, 0x20, 0x1a, 0x1a, 0x2b, 0x2c, 0x1a, 
	0x1a, 0x2c, 0x2b, 0x1a, 0x1a, 0x1a, 0x5d, 0x64, 
	0x5c, 0x59, 0x52, 0x52, 0x52, 0x57, 0x57, 0x07, 
	0x09, 0x09, 0x07, 0x65, 0x07, 0x66, 0x00, 0x22, 
	0x66, 0x06, 0x0a, 0x48, 0x67, 0x20, 0x1a, 0x1a, 
	0x1a, 0x1a, 0x20, 0x67, 0x41, 0x64, 0x59, 0x59, 
	0x55, 0x52, 0x52, 0x09, 0x09, 0x09, 0x09, 0x0a, 
	0x07, 0x07, 0x07, 0x68, 0x00, 0x00, 0x69, 0x10, 
	0x69, 0x66, 0x22, 0x08, 0x4f, 0x0a, 0x6a, 0x4d, 
	0x4d, 0x6a, 0x08, 0x52, 0x52, 0x52, 0x59, 0x52, 
	0x52, 0x52, 0x52, 0x24, 0x09, 0x09, 0x4f, 0x0a, 
	0x07, 0x07, 0x07, 0x00, 0x00, 0x0b, 0x69, 0x69, 
	0x69, 0x69, 0x22, 0x07, 0x08, 0x08, 0x57, 0x57, 
	0x57, 0x57, 0x57, 0x52, 0x52, 0x52, 0x52, 0x52, 
	0x52, 0x52, 0x52, 0x52, 0x57, 0x4e, 0x09, 0x08, 
	
};

Gfx pss_dl_tex1_256x256_074bab950414d116_14_pal_rgba16_aligner[] = {gsSPEndDisplayList()};
u8 pss_dl_tex1_256x256_074bab950414d116_14_pal_rgba16[] = {
	0x5c, 0x1d, 0x64, 0x1d, 0x64, 0x5d, 0x64, 0xa1, 
	0x64, 0x9f, 0x6c, 0xa1, 0x5c, 0x1b, 0x53, 0xdb, 
	0x53, 0xd9, 0x53, 0x99, 0x5b, 0xdb, 0x64, 0x5f, 
	0x6c, 0xa3, 0x64, 0xe1, 0x6c, 0xe3, 0x64, 0x9d, 
	0x5c, 0x5d, 0x63, 0xdb, 0x54, 0x19, 0x53, 0x9b, 
	0x6c, 0xe5, 0x6c, 0xe1, 0x6c, 0x61, 0x42, 0xd3, 
	0x29, 0x4b, 0x10, 0x85, 0x00, 0x01, 0x42, 0x93, 
	0x5b, 0xdd, 0x6c, 0x9f, 0x6d, 0x23, 0x3a, 0x51, 
	0x08, 0x43, 0x39, 0xcf, 0x54, 0x1b, 0x6d, 0x25, 
	0x53, 0x59, 0x60, 0x01, 0x78, 0x01, 0x80, 0x01, 
	0x52, 0xd7, 0x75, 0x23, 0x4a, 0x95, 0x18, 0x01, 
	0x08, 0x01, 0x90, 0x01, 0xf8, 0x01, 0xa0, 0x01, 
	0x20, 0x01, 0x42, 0x51, 0x28, 0x01, 0xe8, 0x01, 
	0x50, 0x01, 0xe0, 0x01, 0x30, 0x01, 0xb8, 0x01, 
	0xd0, 0x01, 0xd8, 0x01, 0xc8, 0x01, 0x52, 0xd5, 
	0x48, 0x01, 0x58, 0x01, 0x10, 0x01, 0x08, 0x83, 
	0x5c, 0x5b, 0x3a, 0x11, 0xf0, 0x01, 0x31, 0xcf, 
	0x70, 0x01, 0xb0, 0x01, 0xa8, 0x01, 0x68, 0x01, 
	0x42, 0x53, 0x21, 0x4b, 0x5b, 0x9b, 0x5b, 0x59, 
	0x40, 0x01, 0x53, 0x17, 0x53, 0x97, 0x4b, 0x99, 
	0x88, 0x01, 0x38, 0x01, 0x4b, 0x57, 0xc0, 0x01, 
	0x5b, 0x97, 0x4b, 0x55, 0x4b, 0x59, 0x4b, 0x97, 
	0x21, 0x09, 0x4b, 0x15, 0x98, 0x01, 0x3a, 0x0f, 
	0x43, 0x15, 0x31, 0x8d, 0x4b, 0x17, 0x42, 0xd5, 
	0x43, 0x57, 0x3a, 0xd3, 0x43, 0x13, 0x4a, 0x53, 
	0x53, 0x57, 0x4b, 0xdb, 0x54, 0x1d, 0x21, 0x49, 
	0x53, 0xdd, 0x5c, 0x5f, 0x5b, 0x99, 
};

Gfx pss_dl_SUPER_MARIO_64_6AA1BE26_0_2_all_rgba16_copy_aligner[] = {gsSPEndDisplayList()};
u8 pss_dl_SUPER_MARIO_64_6AA1BE26_0_2_all_rgba16_copy[] = {
	0x53, 0x15, 0x4a, 0x57, 0x6a, 0xd9, 0x5a, 0x99, 
	0x63, 0x1b, 0x6b, 0x99, 0x6b, 0x19, 0x7b, 0xdd, 
	0x7b, 0x5b, 0x83, 0x9b, 0x63, 0x17, 0x6b, 0x9d, 
	0x8c, 0x21, 0x73, 0x9d, 0x83, 0xdf, 0x7b, 0x9b, 
	0xef, 0x75, 0xdf, 0x37, 0xe6, 0xb7, 0xd6, 0xb5, 
	0xd6, 0xf5, 0xe7, 0xb7, 0xe6, 0xfb, 0xe6, 0xfb, 
	0xee, 0xf5, 0xf7, 0x39, 0xef, 0xfb, 0xef, 0xf9, 
	0xe7, 0x77, 0xdf, 0xbd, 0xd7, 0x37, 0xdf, 0x3b, 
	0x52, 0xd7, 0x5a, 0xd5, 0x62, 0x97, 0x63, 0x57, 
	0x63, 0x57, 0x5a, 0xd9, 0x6b, 0x5d, 0x73, 0x9b, 
	0x73, 0x9d, 0x83, 0xdb, 0x7b, 0x5d, 0x6b, 0x59, 
	0x83, 0x9b, 0x74, 0x1b, 0x7c, 0x1f, 0x7b, 0x19, 
	0xe7, 0x3d, 0xef, 0xbb, 0xe7, 0x3b, 0xd6, 0xb7, 
	0xd6, 0xf7, 0xef, 0x77, 0xf7, 0xfd, 0xe7, 0x79, 
	0xef, 0x3f, 0xff, 0xfb, 0xef, 0x3d, 0xef, 0x39, 
	0xde, 0xf9, 0xdf, 0x35, 0xe7, 0x3b, 0xde, 0xb9, 
	0x63, 0x19, 0x52, 0xd3, 0x5b, 0x17, 0x63, 0x59, 
	0x6b, 0x1b, 0x63, 0x57, 0x7b, 0x9d, 0x73, 0x5f, 
	0x6b, 0x9d, 0x84, 0x21, 0x83, 0xdd, 0x7b, 0x5d, 
	0x6b, 0x57, 0x73, 0x5d, 0x7b, 0xdd, 0x6b, 0x59, 
	0xe7, 0x3b, 0xef, 0x7d, 0xff, 0x7d, 0xe7, 0x7b, 
	0xdf, 0x7b, 0xe7, 0x3b, 0xef, 0x7d, 0xf7, 0xfb, 
	0xf7, 0xff, 0xff, 0xbb, 0xef, 0xfd, 0xf7, 0x39, 
	0xdf, 0x35, 0xe6, 0xf9, 0xdf, 0x35, 0xef, 0x3b, 
	0x53, 0x15, 0x52, 0x95, 0x5a, 0x97, 0x53, 0x59, 
	0x5b, 0x19, 0x73, 0x9b, 0x7b, 0x59, 0x6b, 0x9f, 
	0x74, 0x1d, 0x8b, 0xdd, 0x8b, 0xdf, 0x73, 0x9d, 
	0x74, 0x1d, 0x6b, 0xd9, 0x8b, 0xdf, 0x6b, 0xdd, 
	0xef, 0xfd, 0xe7, 0x77, 0xf7, 0x7d, 0xf7, 0x7d, 
	0xe7, 0x79, 0xef, 0xb9, 0xff, 0xbf, 0xff, 0xfb, 
	0xef, 0xfb, 0xf7, 0xfb, 0xff, 0xbb, 0xff, 0xbb, 
	0xe7, 0xbb, 0xd7, 0x73, 0xd6, 0xb7, 0xe6, 0xb3, 
	0x4b, 0x17, 0x53, 0x15, 0x52, 0xd9, 0x5b, 0x57, 
	0x63, 0x15, 0x5b, 0x19, 0x73, 0x9d, 0x63, 0x1d, 
	0x73, 0x5d, 0x7b, 0xdb, 0x7c, 0x23, 0x8c, 0x5d, 
	0x73, 0x9d, 0x6b, 0x9d, 0x7b, 0xd9, 0x7b, 0x9b, 
	0xef, 0x7f, 0xef, 0xbb, 0xef, 0x35, 0xe6, 0xf9, 
	0xef, 0xb9, 0xf7, 0x7b, 0xf7, 0x7b, 0xf7, 0xfd, 
	0xef, 0x3d, 0xff, 0xb9, 0xef, 0xfb, 0xff, 0xbf, 
	0xef, 0x79, 0xe7, 0x7b, 0xce, 0x35, 0xde, 0xf5, 
	0x5b, 0x5b, 0x62, 0xd5, 0x6b, 0x15, 0x5b, 0x59, 
	0x72, 0xd7, 0x6b, 0x57, 0x5a, 0xdb, 0x73, 0xd9, 
	0x7b, 0x9f, 0x73, 0x5f, 0x8b, 0xdd, 0x7b, 0xdd, 
	0x7b, 0xd9, 0x6b, 0x9f, 0x6b, 0xdb, 0x6b, 0x1d, 
	0xe7, 0x7b, 0xe7, 0x79, 0xef, 0x77, 0xde, 0x73, 
	0xdf, 0x73, 0xee, 0xf9, 0xe6, 0xfb, 0xef, 0x77, 
	0xe7, 0x7b, 0xff, 0xf7, 0xf7, 0x79, 0xff, 0xbd, 
	0xf7, 0x7d, 0xde, 0xf3, 0xd7, 0x33, 0xde, 0x73, 
	0x6b, 0x1b, 0x53, 0x17, 0x62, 0x99, 0x62, 0x99, 
	0x53, 0x17, 0x6b, 0x19, 0x5b, 0x13, 0x6b, 0x17, 
	0x6b, 0x9d, 0x7b, 0x5b, 0x73, 0x5d, 0x7c, 0x1d, 
	0x73, 0xdf, 0x7b, 0x5d, 0x73, 0x5f, 0x63, 0x9b, 
	0xef, 0xff, 0xff, 0xfb, 0xef, 0xbf, 0xe7, 0x75, 
	0xde, 0xf5, 0xef, 0x37, 0xef, 0xb9, 0xff, 0x7b, 
	0xff, 0xff, 0xff, 0xfd, 0xff, 0xfd, 0xef, 0x7f, 
	0xef, 0xbd, 0xf7, 0x7b, 0xef, 0x7b, 0xde, 0xf7, 
	0x6a, 0xd9, 0x4a, 0x99, 0x6b, 0x57, 0x52, 0xd7, 
	0x5b, 0x15, 0x53, 0x17, 0x5b, 0x13, 0x52, 0x93, 
	0x62, 0x59, 0x62, 0xd7, 0x6b, 0x19, 0x73, 0x17, 
	0x73, 0x17, 0x6a, 0xd5, 0x62, 0xdb, 0x7b, 0x5d, 
	0xff, 0xbd, 0xff, 0xbf, 0xf7, 0xbd, 0xe7, 0xbd, 
	0xe7, 0x39, 0xf7, 0xbb, 0xff, 0x7b, 0xf7, 0xb9, 
	0xf7, 0xbb, 0xf7, 0xfd, 0xff, 0xbb, 0xef, 0x39, 
	0xf7, 0xbb, 0xef, 0x7b, 0xef, 0xb7, 0xf7, 0x79, 
	0x73, 0x59, 0x63, 0x59, 0x63, 0x15, 0x52, 0x95, 
	0x4b, 0x17, 0x5a, 0x93, 0x52, 0xd3, 0x62, 0x93, 
	0x6a, 0x97, 0x63, 0x57, 0x6b, 0x19, 0x52, 0xd5, 
	0x6a, 0xd7, 0x5b, 0x57, 0x6b, 0x15, 0x73, 0x1d, 
	0xef, 0xbd, 0xff, 0x3d, 0xff, 0x7b, 0xf7, 0xf9, 
	0xdf, 0x3b, 0xff, 0xb9, 0xf7, 0x39, 0xef, 0x7f, 
	0xff, 0xbf, 0xff, 0xfd, 0xf7, 0xfd, 0xff, 0xfb, 
	0xef, 0xf7, 0xe7, 0x39, 0xef, 0xb9, 0xf7, 0x77, 
	0x7b, 0x5d, 0x5b, 0x5b, 0x5a, 0xd5, 0x6b, 0x99, 
	0x6b, 0x55, 0x63, 0x15, 0x6b, 0x57, 0x4a, 0xd5, 
	0x5b, 0x17, 0x4b, 0x17, 0x5a, 0x95, 0x52, 0x97, 
	0x5a, 0x99, 0x63, 0x19, 0x62, 0x99, 0x5a, 0xd7, 
	0xe7, 0x77, 0xef, 0x35, 0xf7, 0x39, 0xf7, 0x39, 
	0xe7, 0x77, 0xef, 0x3d, 0xef, 0x79, 0xef, 0xbb, 
	0xef, 0xbf, 0xef, 0xff, 0xff, 0xfd, 0xef, 0x79, 
	0xef, 0xbb, 0xf7, 0x77, 0xee, 0xfb, 0xf7, 0xff, 
	0x6b, 0xd9, 0x5b, 0x5b, 0x62, 0xd5, 0x63, 0x19, 
	0x53, 0x55, 0x62, 0x99, 0x6b, 0x99, 0x6a, 0x95, 
	0x62, 0x99, 0x5a, 0x97, 0x5a, 0xd9, 0x5a, 0xd7, 
	0x5b, 0x17, 0x63, 0x55, 0x53, 0x57, 0x5b, 0x5b, 
	0xdf, 0x79, 0xee, 0xf5, 0xe6, 0xf9, 0xdf, 0x39, 
	0xf7, 0x7d, 0xf7, 0xbb, 0xf7, 0xfb, 0xf7, 0xbd, 
	0xf7, 0x79, 0xf7, 0xbf, 0xff, 0xfd, 0xf7, 0xff, 
	0xf7, 0x79, 0xdf, 0x37, 0xe7, 0x77, 0xef, 0xbf, 
	0x5b, 0x19, 0x6b, 0x97, 0x5a, 0xd7, 0x52, 0x99, 
	0x5a, 0xd7, 0x5a, 0xd9, 0x52, 0xd7, 0x5b, 0x15, 
	0x5a, 0x9b, 0x4b, 0x19, 0x5b, 0x5b, 0x6b, 0x5b, 
	0x72, 0xd7, 0x53, 0x19, 0x6b, 0x15, 0x5a, 0xd7, 
	0xe7, 0x77, 0xe6, 0xb3, 0xde, 0xb3, 0xce, 0xb5, 
	0xe6, 0xf7, 0xee, 0xf5, 0xef, 0x7d, 0xe7, 0x79, 
	0xf7, 0xbb, 0xff, 0xbd, 0xef, 0xbf, 0xff, 0xff, 
	0xf7, 0xf9, 0xde, 0xf9, 0xf7, 0x3b, 0xf7, 0xb9, 
	0x62, 0xdb, 0x5b, 0x99, 0x5b, 0x59, 0x5a, 0xd3, 
	0x5a, 0xd7, 0x62, 0xd9, 0x5b, 0x15, 0x62, 0x95, 
	0x62, 0x95, 0x5a, 0xdb, 0x6a, 0xd9, 0x6b, 0x5b, 
	0x62, 0x99, 0x5a, 0xdb, 0x6b, 0x55, 0x73, 0x9d, 
	0xe6, 0xfb, 0xdf, 0x37, 0xdf, 0xb9, 0xdf, 0x79, 
	0xf7, 0x3b, 0xf7, 0x77, 0xe6, 0xf9, 0xe7, 0x77, 
	0xd6, 0xb9, 0xff, 0x77, 0xf7, 0xbd, 0xf7, 0xff, 
	0xe7, 0xbd, 0xe7, 0x39, 0xe7, 0x39, 0xef, 0x79, 
	0x6b, 0x99, 0x5b, 0x5b, 0x6b, 0x17, 0x52, 0x93, 
	0x5a, 0x95, 0x52, 0x99, 0x5a, 0xdb, 0x62, 0xd9, 
	0x5a, 0xd9, 0x62, 0xdb, 0x62, 0x97, 0x5a, 0xd7, 
	0x5b, 0x15, 0x5a, 0x95, 0x5b, 0x59, 0x6b, 0x59, 
	0xef, 0xbb, 0xff, 0x7d, 0xef, 0x7b, 0xef, 0x39, 
	0xef, 0xb9, 0xef, 0x7b, 0xe7, 0x3d, 0xf7, 0x77, 
	0xef, 0x77, 0xf7, 0xf9, 0xff, 0xfd, 0xff, 0xb9, 
	0xf7, 0x7f, 0xef, 0x7d, 0xde, 0xbb, 0xd6, 0xf5, 
	0x73, 0x1d, 0x6b, 0x97, 0x6b, 0x15, 0x63, 0x5b, 
	0x52, 0xd9, 0x5a, 0xd5, 0x62, 0xdb, 0x62, 0xd9, 
	0x6b, 0x17, 0x62, 0xd7, 0x63, 0x9b, 0x63, 0x57, 
	0x62, 0xd5, 0x62, 0x99, 0x6b, 0x17, 0x6b, 0x1b, 
	0xee, 0xb9, 0xe6, 0xf7, 0xd6, 0xf7, 0xe6, 0x73, 
	0xe6, 0x77, 0xdf, 0xb7, 0xe7, 0x77, 0xf7, 0xb9, 
	0xf6, 0xf9, 0xee, 0xf7, 0xe7, 0x79, 0xf7, 0x39, 
	0xf7, 0x3b, 0xff, 0x37, 0xf7, 0x77, 0xef, 0x35, 
	0x6b, 0xdb, 0x5b, 0x57, 0x63, 0x15, 0x73, 0x57, 
	0x6a, 0x95, 0x5b, 0x55, 0x6b, 0x5b, 0x62, 0x95, 
	0x72, 0xd9, 0x63, 0x57, 0x62, 0xdb, 0x6a, 0xd9, 
	0x53, 0x57, 0x62, 0x99, 0x5a, 0x95, 0x5a, 0x93, 
	0xce, 0x6f, 0xce, 0xb5, 0xc6, 0xb3, 0xde, 0xb5, 
	0xc6, 0x73, 0xe6, 0xb5, 0xef, 0x39, 0xff, 0xbb, 
	0xf7, 0x39, 0xd7, 0x3b, 0xdf, 0x39, 0xff, 0x39, 
	0xe7, 0x3b, 0xef, 0xbb, 0xdf, 0x39, 0xe7, 0x39, 
	0xde, 0xb9, 0xce, 0xf5, 0xdf, 0x7b, 0xe7, 0x7b, 
	0xf7, 0x39, 0xee, 0xf9, 0xe7, 0x39, 0xdf, 0x79, 
	0xe6, 0xf7, 0xdf, 0x37, 0xde, 0xf7, 0xe7, 0x7b, 
	0xdf, 0x79, 0xee, 0xf5, 0xce, 0xf5, 0xce, 0xb3, 
	0x53, 0x17, 0x5a, 0xd3, 0x5a, 0x59, 0x5a, 0x97, 
	0x4a, 0xd5, 0x6b, 0x19, 0x6a, 0xd5, 0x63, 0x17, 
	0x63, 0x19, 0x6b, 0x17, 0x63, 0x57, 0x63, 0xdd, 
	0x63, 0x99, 0x63, 0x99, 0x63, 0x97, 0x5a, 0x97, 
	0xd7, 0x39, 0xce, 0xb5, 0xdf, 0x39, 0xdf, 0x7b, 
	0xef, 0xb9, 0xef, 0x79, 0xef, 0x7f, 0xf6, 0xf9, 
	0xe7, 0x35, 0xe7, 0x75, 0xde, 0xf7, 0xee, 0xf7, 
	0xee, 0xf7, 0xcf, 0x31, 0xde, 0xf7, 0xce, 0xf1, 
	0x4a, 0xd7, 0x63, 0x13, 0x62, 0x53, 0x53, 0x55, 
	0x63, 0x57, 0x6a, 0xd7, 0x63, 0x19, 0x6b, 0x59, 
	0x73, 0x99, 0x72, 0xdb, 0x5a, 0xd5, 0x63, 0x19, 
	0x73, 0x5b, 0x62, 0xdb, 0x6b, 0x5b, 0x63, 0x97, 
	0xdf, 0x35, 0xe6, 0xf5, 0xe7, 0xbb, 0xee, 0xf9, 
	0xe7, 0x79, 0xe7, 0x7f, 0xe7, 0xbd, 0xef, 0x79, 
	0xde, 0xf9, 0xe6, 0xf5, 0xe7, 0x35, 0xe6, 0xfb, 
	0xff, 0xb7, 0xef, 0x3b, 0xd6, 0xb9, 0xce, 0xf3, 
	0x52, 0xd5, 0x52, 0x97, 0x5b, 0x13, 0x5a, 0x97, 
	0x52, 0x97, 0x62, 0xdb, 0x6a, 0x99, 0x53, 0x55, 
	0x6b, 0x1b, 0x6b, 0x5b, 0x72, 0xd5, 0x52, 0xd7, 
	0x53, 0x15, 0x6b, 0x57, 0x5a, 0x95, 0x6b, 0xd7, 
	0xce, 0xb5, 0xe6, 0x79, 0xe7, 0x79, 0xe7, 0x3d, 
	0xf7, 0xf9, 0xef, 0xfd, 0xef, 0x3b, 0xe7, 0x7d, 
	0xd6, 0xf7, 0xe6, 0xb3, 0xce, 0xf7, 0xce, 0xb3, 
	0xee, 0xf5, 0xdf, 0x79, 0xe6, 0xf5, 0xe6, 0xf3, 
	0x53, 0x59, 0x63, 0x17, 0x53, 0x59, 0x5a, 0xd9, 
	0x4a, 0xd5, 0x5b, 0x13, 0x63, 0x13, 0x53, 0x15, 
	0x63, 0x59, 0x6b, 0x17, 0x6b, 0xd7, 0x62, 0xd7, 
	0x52, 0xd9, 0x52, 0xd9, 0x5a, 0xd5, 0x6b, 0x5b, 
	0xce, 0x75, 0xd6, 0xb9, 0xe7, 0x39, 0xde, 0xf7, 
	0xe7, 0xbb, 0xf7, 0xfd, 0xef, 0xfd, 0xe7, 0x39, 
	0xd6, 0xf7, 0xdf, 0x39, 0xe6, 0x31, 0xd6, 0xb3, 
	0xce, 0x75, 0xd7, 0x33, 0xe6, 0xf9, 0xce, 0x71, 
	0x63, 0x53, 0x62, 0xd5, 0x6a, 0xd7, 0x6a, 0xdb, 
	0x6a, 0xd9, 0x5a, 0x97, 0x6a, 0xd9, 0x53, 0x17, 
	0x6b, 0x57, 0x63, 0x1b, 0x73, 0x97, 0x63, 0x97, 
	0x5b, 0x55, 0x5b, 0x17, 0x5a, 0xd9, 0x63, 0x57, 
	0xd6, 0xb5, 0xee, 0xb9, 0xee, 0xf7, 0xe7, 0x3b, 
	0xf6, 0xfb, 0xef, 0xbd, 0xf7, 0xfb, 0xff, 0xbf, 
	0xef, 0xff, 0xee, 0xf9, 0xd6, 0xf5, 0xde, 0xb5, 
	0xce, 0x33, 0xe6, 0xf3, 0xde, 0x75, 0xc6, 0x73, 
	0x52, 0xd9, 0x63, 0x17, 0x62, 0x95, 0x5b, 0x1b, 
	0x63, 0x55, 0x6b, 0x59, 0x5b, 0x5b, 0x63, 0x19, 
	0x53, 0x15, 0x63, 0x19, 0x73, 0x5b, 0x63, 0xdd, 
	0x6b, 0x19, 0x63, 0x19, 0x6b, 0x15, 0x62, 0xd7, 
	0xdf, 0x37, 0xee, 0xb3, 0xe7, 0x3b, 0xe7, 0x3b, 
	0xf7, 0x3b, 0xf7, 0x7d, 0xef, 0xbd, 0xff, 0x3b, 
	0xff, 0xbf, 0xef, 0xb9, 0xe6, 0xb7, 0xde, 0x77, 
	0xce, 0x71, 0xd6, 0x71, 0xe6, 0x73, 0xd6, 0xb3, 
	0x62, 0x95, 0x52, 0x97, 0x62, 0x99, 0x6b, 0x15, 
	0x73, 0x9b, 0x6b, 0x57, 0x63, 0x19, 0x5a, 0xd9, 
	0x5b, 0x99, 0x63, 0x17, 0x73, 0xdb, 0x73, 0xdd, 
	0x83, 0xd9, 0x73, 0xdd, 0x7b, 0xd9, 0x73, 0x5b, 
	0xf7, 0xbd, 0xf7, 0xbb, 0xff, 0xbd, 0xdf, 0x7b, 
	0xff, 0xbd, 0xef, 0x3b, 0xff, 0x7f, 0xf7, 0xbd, 
	0xff, 0xff, 0xef, 0x7f, 0xef, 0x39, 0xd7, 0x77, 
	0xe7, 0x33, 0xde, 0xb5, 0xe7, 0x35, 0xd7, 0x35, 
	0x5a, 0x57, 0x52, 0x59, 0x6b, 0x5b, 0x6b, 0x17, 
	0x62, 0xd7, 0x62, 0xd9, 0x6b, 0x1b, 0x63, 0x1b, 
	0x6b, 0x1d, 0x6b, 0x1b, 0x74, 0x21, 0x7b, 0x5f, 
	0x7c, 0x5f, 0x83, 0x5d, 0x83, 0x5f, 0x73, 0x5f, 
	0xff, 0xbf, 0xef, 0x7d, 0xff, 0xfd, 0xff, 0x7b, 
	0xff, 0x7b, 0xe7, 0x7b, 0xff, 0xbb, 0xef, 0xfb, 
	0xf7, 0xbf, 0xef, 0xbf, 0xef, 0xf9, 0xf7, 0x79, 
	0xde, 0xf9, 0xd6, 0xf3, 0xcf, 0x37, 0xdf, 0x35, 
	0x62, 0xd5, 0x52, 0xd7, 0x63, 0x57, 0x72, 0xd9, 
	0x73, 0x1b, 0x73, 0x17, 0x63, 0x17, 0x73, 0x99, 
	0x62, 0xd9, 0x62, 0xdd, 0x7b, 0x5f, 0x8b, 0xe1, 
	0x74, 0x5b, 0x73, 0xdd, 0x73, 0x9f, 0x7b, 0x9d, 
	0xf7, 0xbf, 0xf7, 0xfb, 0xf7, 0x7b, 0xf7, 0x7d, 
	0xe7, 0xb9, 0xe7, 0xbb, 0xef, 0xbb, 0xf7, 0xbd, 
	0xf7, 0xbd, 0xef, 0x3f, 0xff, 0xbb, 0xef, 0xbd, 
	0xe6, 0xfb, 0xd6, 0xf5, 0xde, 0x75, 0xd6, 0x75, 
	0x6b, 0x59, 0x52, 0x93, 0x52, 0xd7, 0x63, 0x19, 
	0x73, 0x5d, 0x7b, 0x5f, 0x7b, 0xdb, 0x73, 0x99, 
	0x62, 0xd9, 0x63, 0x19, 0x63, 0x9d, 0x73, 0xe1, 
	0x8b, 0xdf, 0x8c, 0x21, 0x73, 0x9d, 0x73, 0x1d, 
	0xf7, 0x7d, 0xff, 0x7d, 0xff, 0xfb, 0xe7, 0xbd, 
	0xff, 0x7d, 0xe7, 0xbd, 0xef, 0x3b, 0xef, 0xb9, 
	0xff, 0xff, 0xe7, 0xbb, 0xff, 0xb9, 0xf7, 0x7d, 
	0xef, 0x79, 0xe7, 0x7b, 0xe7, 0x39, 0xdf, 0x37, 
	0x53, 0x19, 0x52, 0xd7, 0x52, 0xd7, 0x4a, 0x59, 
	0x73, 0x17, 0x6b, 0x19, 0x84, 0x1d, 0x74, 0x1d, 
	0x74, 0x19, 0x73, 0x1b, 0x6b, 0x5d, 0x6b, 0x1d, 
	0x73, 0x9b, 0x7b, 0x9b, 0x73, 0x9b, 0x6b, 0x19, 
	0xef, 0x7d, 0xdf, 0x79, 0xe7, 0x79, 0xde, 0xf7, 
	0xff, 0xfd, 0xff, 0x7d, 0xe7, 0x39, 0xef, 0xfd, 
	0xff, 0xbd, 0xf7, 0xfb, 0xff, 0xfb, 0xff, 0xbf, 
	0xff, 0x7d, 0xff, 0x79, 0xde, 0xf7, 0xde, 0xb3, 
	0x4a, 0xd3, 0x53, 0x13, 0x52, 0xd9, 0x42, 0x55, 
	0x5a, 0x97, 0x5a, 0x95, 0x83, 0x9b, 0x8b, 0xdf, 
	0x74, 0x1d, 0x7c, 0x1b, 0x6b, 0x99, 0x6b, 0x5b, 
	0x73, 0x5b, 0x5b, 0x5b, 0x63, 0x57, 0x73, 0x99, 
	0xff, 0xbf, 0xef, 0x37, 0xff, 0x7b, 0xf7, 0xbd, 
	0xff, 0xfd, 0xff, 0x3d, 0xff, 0xf9, 0xff, 0x7d, 
	0xf7, 0x7d, 0xef, 0x7b, 0xef, 0xfb, 0xf7, 0x7b, 
	0xf7, 0xbb, 0xef, 0xf9, 0xff, 0xbb, 0xdf, 0x79, 
	0x62, 0xd5, 0x62, 0x97, 0x5a, 0x93, 0x52, 0x95, 
	0x52, 0xd3, 0x5a, 0xd7, 0x6a, 0xd9, 0x7b, 0xdd, 
	0x8c, 0x63, 0x7c, 0x1b, 0x84, 0x1f, 0x73, 0xd9, 
	0x6a, 0xd7, 0x73, 0x9d, 0x73, 0x9d, 0x6b, 0x1d, 
	0xee, 0xb5, 0xde, 0xb7, 0xee, 0xf9, 0xef, 0xf9, 
	0xf7, 0x79, 0xf7, 0x7b, 0xff, 0xbf, 0xff, 0x3d, 
	0xff, 0xbf, 0xff, 0xbb, 0xf7, 0x7b, 0xe7, 0x79, 
	0xf7, 0xb9, 0xf7, 0xb7, 0xef, 0x77, 0xef, 0xbb, 
	0x63, 0x15, 0x63, 0x57, 0x63, 0x5b, 0x5a, 0xd9, 
	0x5a, 0xd7, 0x6a, 0xd5, 0x63, 0x19, 0x63, 0x17, 
	0x7b, 0xe1, 0x8c, 0x63, 0x7c, 0x5d, 0x84, 0x21, 
	0x8c, 0x1f, 0x7b, 0x9d, 0x73, 0x5b, 0x62, 0xd7, 
	0xe6, 0xf7, 0xe7, 0x39, 0xee, 0xf7, 0xde, 0xf5, 
	0xef, 0x3b, 0xf7, 0x39, 0xef, 0x79, 0xef, 0xbb, 
	0xff, 0xbd, 0xef, 0xbf, 0xf7, 0xbb, 0xf7, 0xbf, 
	0xf7, 0xbf, 0xef, 0x7b, 0xef, 0x7b, 0xef, 0x39, 
	0x73, 0x9b, 0x63, 0x17, 0x62, 0xd7, 0x62, 0xd5, 
	0x6b, 0x19, 0x63, 0x17, 0x5b, 0x17, 0x6b, 0x19, 
	0x73, 0x1b, 0x7b, 0x9d, 0x73, 0x59, 0x73, 0xa1, 
	0x7c, 0x1d, 0x7c, 0x1d, 0x73, 0x1b, 0x63, 0x15, 
	0xde, 0xb3, 0xd6, 0xf5, 0xdf, 0x3b, 0xe7, 0x3d, 
	0xe6, 0xf7, 0xe7, 0x79, 0xf7, 0xbd, 0xef, 0xfb, 
	0xef, 0x7d, 0xef, 0xfb, 0xf7, 0xff, 0xff, 0xbf, 
	0xff, 0x7f, 0xef, 0xfb, 0xe7, 0xbb, 0xff, 0x7d, 
	0x6b, 0xd7, 0x73, 0x57, 0x6b, 0x17, 0x73, 0x1b, 
	0x63, 0x17, 0x62, 0x99, 0x5a, 0x53, 0x6b, 0x19, 
	0x5b, 0x59, 0x7b, 0xd9, 0x6b, 0xd9, 0x83, 0x9b, 
	0x73, 0xdf, 0x6b, 0x5d, 0x63, 0x5b, 0x5a, 0xd7, 
	
};

Vtx pss_dl_Cube_mesh_layer_1_vtx_cull[8] = {
	{{ {-27, -170, 146}, 0, {0, 0}, {0, 0, 0, 0} }},
	{{ {-27, 211, 146}, 0, {0, 0}, {0, 0, 0, 0} }},
	{{ {-27, 211, -120}, 0, {0, 0}, {0, 0, 0, 0} }},
	{{ {-27, -170, -120}, 0, {0, 0}, {0, 0, 0, 0} }},
	{{ {94, -170, 146}, 0, {0, 0}, {0, 0, 0, 0} }},
	{{ {94, 211, 146}, 0, {0, 0}, {0, 0, 0, 0} }},
	{{ {94, 211, -120}, 0, {0, 0}, {0, 0, 0, 0} }},
	{{ {94, -170, -120}, 0, {0, 0}, {0, 0, 0, 0} }},
};

Vtx pss_dl_Cube_mesh_layer_1_vtx_0[52] = {
	{{ {12, -170, -18}, 0, {882, 1078}, {255, 255, 255, 255} }},
	{{ {1, 5, 26}, 0, {1075, 1078}, {255, 255, 255, 255} }},
	{{ {23, 27, -57}, 0, {1075, 885}, {255, 255, 255, 255} }},
	{{ {34, -148, -101}, 0, {882, 885}, {255, 255, 255, 255} }},
	{{ {34, -148, -101}, 0, {751, 1080}, {255, 255, 255, 255} }},
	{{ {23, 27, -57}, 0, {952, 1080}, {255, 255, 255, 255} }},
	{{ {77, 27, -42}, 0, {952, 879}, {255, 255, 255, 255} }},
	{{ {89, -148, -86}, 0, {751, 879}, {255, 255, 255, 255} }},
	{{ {89, -148, -86}, 0, {-220, 500}, {255, 255, 255, 255} }},
	{{ {55, 5, 40}, 0, {-109, 388}, {255, 255, 255, 255} }},
	{{ {67, -170, -4}, 0, {-220, 388}, {255, 255, 255, 255} }},
	{{ {77, 27, -42}, 0, {-109, 500}, {255, 255, 255, 255} }},
	{{ {66, 194, 0}, 0, {-109, 500}, {255, 255, 255, 255} }},
	{{ {44, 172, 83}, 0, {-109, 388}, {255, 255, 255, 255} }},
	{{ {67, -170, -4}, 0, {-191, 519}, {255, 255, 255, 255} }},
	{{ {55, 5, 40}, 0, {65, 519}, {255, 255, 255, 255} }},
	{{ {1, 5, 26}, 0, {65, 263}, {255, 255, 255, 255} }},
	{{ {12, -170, -18}, 0, {-191, 263}, {255, 255, 255, 255} }},
	{{ {34, -148, -101}, 0, {112, 496}, {255, 255, 255, 255} }},
	{{ {89, -148, -86}, 0, {368, 496}, {255, 255, 255, 255} }},
	{{ {67, -170, -4}, 0, {368, 240}, {255, 255, 255, 255} }},
	{{ {12, -170, -18}, 0, {112, 240}, {255, 255, 255, 255} }},
	{{ {94, 44, -105}, 0, {-16, 1008}, {255, 255, 255, 255} }},
	{{ {39, 44, -120}, 0, {-16, 1008}, {255, 255, 255, 255} }},
	{{ {28, 211, -77}, 0, {-16, 1008}, {255, 255, 255, 255} }},
	{{ {82, 211, -63}, 0, {-16, 1008}, {255, 255, 255, 255} }},
	{{ {77, 27, -42}, 0, {-16, 1008}, {255, 255, 255, 255} }},
	{{ {66, 194, 0}, 0, {-16, 1008}, {255, 255, 255, 255} }},
	{{ {38, -12, 103}, 0, {-16, 1008}, {255, 255, 255, 255} }},
	{{ {55, 5, 40}, 0, {-16, 1008}, {255, 255, 255, 255} }},
	{{ {44, 172, 83}, 0, {-16, 1008}, {255, 255, 255, 255} }},
	{{ {27, 155, 146}, 0, {-16, 1008}, {255, 255, 255, 255} }},
	{{ {-16, -12, 89}, 0, {-16, 1008}, {255, 255, 255, 255} }},
	{{ {38, -12, 103}, 0, {-16, 1008}, {255, 255, 255, 255} }},
	{{ {27, 155, 146}, 0, {-16, 1008}, {255, 255, 255, 255} }},
	{{ {-27, 155, 131}, 0, {-16, 1008}, {255, 255, 255, 255} }},
	{{ {39, 44, -120}, 0, {-30, 892}, {255, 255, 255, 255} }},
	{{ {11, 194, -14}, 0, {279, 100}, {255, 255, 255, 255} }},
	{{ {28, 211, -77}, 0, {-30, 100}, {255, 255, 255, 255} }},
	{{ {23, 27, -57}, 0, {279, 892}, {255, 255, 255, 255} }},
	{{ {-11, 172, 68}, 0, {684, 100}, {255, 255, 255, 255} }},
	{{ {1, 5, 26}, 0, {684, 892}, {255, 255, 255, 255} }},
	{{ {-27, 155, 131}, 0, {994, 100}, {255, 255, 255, 255} }},
	{{ {-16, -12, 89}, 0, {994, 892}, {255, 255, 255, 255} }},
	{{ {44, 172, 83}, 0, {152, 558}, {255, 255, 255, 255} }},
	{{ {-27, 155, 131}, 0, {73, 653}, {255, 255, 255, 255} }},
	{{ {27, 155, 146}, 0, {152, 653}, {255, 255, 255, 255} }},
	{{ {-11, 172, 68}, 0, {73, 558}, {255, 255, 255, 255} }},
	{{ {66, 194, 0}, 0, {152, 434}, {255, 255, 255, 255} }},
	{{ {11, 194, -14}, 0, {73, 434}, {255, 255, 255, 255} }},
	{{ {82, 211, -63}, 0, {152, 339}, {255, 255, 255, 255} }},
	{{ {28, 211, -77}, 0, {73, 339}, {255, 255, 255, 255} }},
};

Gfx pss_dl_Cube_mesh_layer_1_tri_0[] = {
	gsSPVertex(pss_dl_Cube_mesh_layer_1_vtx_0 + 0, 32, 0),
	gsSP2Triangles(0, 1, 2, 0, 0, 2, 3, 0),
	gsSP2Triangles(4, 5, 6, 0, 4, 6, 7, 0),
	gsSP2Triangles(8, 9, 10, 0, 8, 11, 9, 0),
	gsSP2Triangles(9, 11, 12, 0, 9, 12, 13, 0),
	gsSP2Triangles(14, 15, 16, 0, 14, 16, 17, 0),
	gsSP2Triangles(18, 19, 20, 0, 18, 20, 21, 0),
	gsSP2Triangles(22, 23, 24, 0, 22, 24, 25, 0),
	gsSP2Triangles(26, 22, 25, 0, 26, 25, 27, 0),
	gsSP2Triangles(28, 29, 30, 0, 28, 30, 31, 0),
	gsSPVertex(pss_dl_Cube_mesh_layer_1_vtx_0 + 32, 20, 0),
	gsSP2Triangles(0, 1, 2, 0, 0, 2, 3, 0),
	gsSP2Triangles(4, 5, 6, 0, 4, 7, 5, 0),
	gsSP2Triangles(7, 8, 5, 0, 7, 9, 8, 0),
	gsSP2Triangles(9, 10, 8, 0, 9, 11, 10, 0),
	gsSP2Triangles(12, 13, 14, 0, 12, 15, 13, 0),
	gsSP2Triangles(16, 15, 12, 0, 16, 17, 15, 0),
	gsSP2Triangles(17, 16, 18, 0, 17, 18, 19, 0),
	gsSPEndDisplayList(),
};

Vtx pss_dl_Plane_002_mesh_layer_1_vtx_cull[8] = {
	{{ {-4414, -1562, 2743}, 0, {0, 0}, {0, 0, 0, 0} }},
	{{ {-4414, 2293, 2743}, 0, {0, 0}, {0, 0, 0, 0} }},
	{{ {-4414, 2293, -4563}, 0, {0, 0}, {0, 0, 0, 0} }},
	{{ {-4414, -1562, -4563}, 0, {0, 0}, {0, 0, 0, 0} }},
	{{ {16433, -1562, 2743}, 0, {0, 0}, {0, 0, 0, 0} }},
	{{ {16433, 2293, 2743}, 0, {0, 0}, {0, 0, 0, 0} }},
	{{ {16433, 2293, -4563}, 0, {0, 0}, {0, 0, 0, 0} }},
	{{ {16433, -1562, -4563}, 0, {0, 0}, {0, 0, 0, 0} }},
};

Vtx pss_dl_Plane_002_mesh_layer_1_vtx_0[19] = {
	{{ {2761, -401, 157}, 0, {-1, 1524}, {83, 76, 100, 255} }},
	{{ {3641, -401, 157}, 0, {-1, 1977}, {83, 76, 100, 255} }},
	{{ {3641, -401, -722}, 0, {520, 1977}, {83, 76, 100, 255} }},
	{{ {2778, -401, -721}, 0, {520, 1533}, {83, 76, 100, 255} }},
	{{ {1776, -401, -651}, 0, {478, 1016}, {83, 76, 100, 255} }},
	{{ {742, -401, -651}, 0, {478, 482}, {83, 76, 100, 255} }},
	{{ {-221, -401, -1554}, 0, {1014, -15}, {83, 76, 100, 255} }},
	{{ {2781, -401, -1555}, 0, {1014, 1534}, {83, 76, 100, 255} }},
	{{ {-220, -401, 174}, 0, {-11, -14}, {83, 76, 100, 255} }},
	{{ {742, -401, 1043}, 0, {-527, 482}, {83, 76, 100, 255} }},
	{{ {-2102, -401, 1043}, 0, {-527, -985}, {84, 76, 100, 255} }},
	{{ {-2102, -401, 130}, 0, {-16, -979}, {83, 76, 100, 255} }},
	{{ {1777, -401, 156}, 0, {-1, 1016}, {83, 76, 100, 255} }},
	{{ {15583, -1113, -144}, 0, {407, 848}, {33, 21, 22, 255} }},
	{{ {15583, -1113, -887}, 0, {407, 656}, {35, 25, 26, 255} }},
	{{ {14940, -1113, -1258}, 0, {240, 560}, {32, 15, 17, 255} }},
	{{ {14297, -1113, -144}, 0, {73, 848}, {32, 16, 17, 255} }},
	{{ {14297, -1113, -887}, 0, {73, 656}, {32, 15, 17, 255} }},
	{{ {14940, -1113, 227}, 0, {240, 944}, {32, 18, 19, 255} }},
};

Gfx pss_dl_Plane_002_mesh_layer_1_tri_0[] = {
	gsSPVertex(pss_dl_Plane_002_mesh_layer_1_vtx_0 + 0, 19, 0),
	gsSP2Triangles(0, 1, 2, 0, 0, 2, 3, 0),
	gsSP2Triangles(4, 0, 3, 0, 5, 4, 3, 0),
	gsSP2Triangles(5, 3, 6, 0, 3, 7, 6, 0),
	gsSP2Triangles(6, 8, 5, 0, 8, 9, 5, 0),
	gsSP2Triangles(8, 10, 9, 0, 8, 11, 10, 0),
	gsSP2Triangles(4, 12, 0, 0, 13, 14, 15, 0),
	gsSP2Triangles(15, 16, 13, 0, 15, 17, 16, 0),
	gsSP1Triangle(16, 18, 13, 0),
	gsSPEndDisplayList(),
};

Vtx pss_dl_Plane_002_mesh_layer_1_vtx_1[171] = {
	{{ {-4289, -292, 1997}, 0, {-3180, 4844}, {96, 93, 102, 255} }},
	{{ {-2315, -292, 2129}, 0, {485, 4839}, {116, 83, 146, 255} }},
	{{ {-2309, -292, -2553}, 0, {485, -3852}, {116, 83, 146, 255} }},
	{{ {-4289, -292, -2685}, 0, {-3191, -3847}, {99, 96, 104, 255} }},
	{{ {-4289, -292, -954}, 0, {-3187, -633}, {62, 62, 62, 255} }},
	{{ {-4289, -292, 265}, 0, {-3180, 4844}, {62, 62, 62, 255} }},
	{{ {3980, -292, -2553}, 0, {4002, 4844}, {96, 74, 114, 255} }},
	{{ {3978, -292, 2129}, 0, {4007, -3847}, {96, 74, 114, 255} }},
	{{ {5874, -292, 1997}, 0, {487, -3847}, {95, 92, 101, 255} }},
	{{ {5874, -292, -2685}, 0, {487, 4844}, {94, 91, 100, 255} }},
	{{ {5874, -292, 313}, 0, {487, -3847}, {52, 52, 52, 255} }},
	{{ {5874, -292, -1323}, 0, {487, 4844}, {55, 55, 56, 255} }},
	{{ {7271, -292, 313}, 0, {487, -3847}, {74, 68, 88, 255} }},
	{{ {7271, -292, -1323}, 0, {487, 4844}, {75, 69, 89, 255} }},
	{{ {3978, -292, 2129}, 0, {-1689, 2195}, {96, 74, 114, 255} }},
	{{ {3980, -292, -2553}, 0, {2490, 2196}, {96, 74, 114, 255} }},
	{{ {3904, -580, -2544}, 0, {2490, 2196}, {96, 74, 114, 255} }},
	{{ {3902, -580, 2138}, 0, {-1689, 2195}, {96, 74, 114, 255} }},
	{{ {-2315, -292, 2129}, 0, {-16, 1008}, {116, 83, 146, 255} }},
	{{ {3978, -292, 2129}, 0, {-16, 1008}, {96, 74, 114, 255} }},
	{{ {3902, -580, 2138}, 0, {-16, 1008}, {96, 74, 114, 255} }},
	{{ {-2391, -580, 2138}, 0, {-16, 1008}, {100, 84, 117, 255} }},
	{{ {-2309, -292, -2553}, 0, {2490, -390}, {116, 83, 146, 255} }},
	{{ {-2315, -292, 2129}, 0, {-1689, -392}, {116, 83, 146, 255} }},
	{{ {-2391, -580, 2138}, 0, {-1689, -392}, {100, 84, 117, 255} }},
	{{ {-2385, -580, -2544}, 0, {2490, -390}, {96, 74, 114, 255} }},
	{{ {3980, -292, -2553}, 0, {-16, 1008}, {96, 74, 114, 255} }},
	{{ {-2309, -292, -2553}, 0, {-16, 1008}, {116, 83, 146, 255} }},
	{{ {-2385, -580, -2544}, 0, {-16, 1008}, {96, 74, 114, 255} }},
	{{ {3904, -580, -2544}, 0, {-16, 1008}, {96, 74, 114, 255} }},
	{{ {3641, -401, -722}, 0, {-1066, 8810}, {83, 76, 100, 255} }},
	{{ {3641, -401, 157}, 0, {2062, 8562}, {83, 76, 100, 255} }},
	{{ {3641, -401, 1743}, 0, {6885, 8149}, {225, 225, 226, 255} }},
	{{ {3641, -528, 1743}, 0, {6448, 7810}, {226, 226, 226, 255} }},
	{{ {-2102, -401, 1743}, 0, {6885, -7972}, {255, 255, 255, 255} }},
	{{ {-2102, -528, 1743}, 0, {6516, -7456}, {255, 255, 255, 255} }},
	{{ {-2102, -401, -2333}, 0, {-5635, -6769}, {255, 255, 255, 255} }},
	{{ {-2102, -528, -2333}, 0, {-5209, -6412}, {255, 255, 255, 255} }},
	{{ {3641, -401, -2333}, 0, {-6130, 8964}, {139, 137, 142, 255} }},
	{{ {3641, -528, -2333}, 0, {-5778, 8596}, {218, 218, 218, 255} }},
	{{ {-4289, -292, -954}, 0, {-215, 1828}, {62, 62, 62, 255} }},
	{{ {-4190, 785, -954}, 0, {389, 1178}, {62, 62, 62, 255} }},
	{{ {-4190, -292, -954}, 0, {-271, 1766}, {63, 63, 63, 255} }},
	{{ {-4289, 785, -954}, 0, {454, 1230}, {63, 63, 63, 255} }},
	{{ {-4190, 1199, -573}, 0, {594, 779}, {62, 62, 62, 255} }},
	{{ {-4289, 1199, -573}, 0, {681, 805}, {97, 97, 97, 255} }},
	{{ {-4190, 1199, -115}, 0, {613, 401}, {64, 64, 64, 255} }},
	{{ {-4289, 1199, -115}, 0, {707, 390}, {64, 64, 64, 255} }},
	{{ {-4190, 785, 265}, 0, {439, -36}, {63, 63, 63, 255} }},
	{{ {-4289, 785, 265}, 0, {523, -86}, {62, 62, 62, 255} }},
	{{ {-4190, -292, 265}, 0, {-254, -763}, {119, 119, 119, 255} }},
	{{ {-4289, -292, 265}, 0, {-177, -836}, {63, 63, 63, 255} }},
	{{ {-4190, 733, -820}, 0, {298, 1110}, {94, 91, 100, 255} }},
	{{ {-4190, -280, -820}, 0, {-337, 1676}, {92, 89, 98, 255} }},
	{{ {-4190, -292, -954}, 0, {-271, 1766}, {62, 62, 62, 255} }},
	{{ {-4190, 785, -954}, 0, {389, 1178}, {62, 62, 62, 255} }},
	{{ {-4190, 1066, -515}, 0, {464, 745}, {94, 91, 100, 255} }},
	{{ {-4190, 1199, -573}, 0, {594, 779}, {62, 62, 62, 255} }},
	{{ {-4190, 1066, -173}, 0, {487, 423}, {94, 91, 100, 255} }},
	{{ {-4190, 1199, -115}, 0, {613, 401}, {62, 62, 62, 255} }},
	{{ {-4190, 733, 132}, 0, {336, 32}, {94, 91, 100, 255} }},
	{{ {-4190, 785, 265}, 0, {439, -36}, {62, 62, 62, 255} }},
	{{ {-4190, -280, 132}, 0, {-337, -666}, {94, 91, 100, 255} }},
	{{ {-4190, 733, 132}, 0, {336, 32}, {94, 91, 100, 255} }},
	{{ {-4190, 785, 265}, 0, {439, -36}, {62, 62, 62, 255} }},
	{{ {-4190, -292, 265}, 0, {-254, -763}, {64, 64, 65, 255} }},
	{{ {-4289, -292, 265}, 0, {-3180, 4844}, {62, 62, 62, 255} }},
	{{ {-4190, -280, 132}, 0, {-3181, 3894}, {94, 91, 100, 255} }},
	{{ {-4190, -292, 265}, 0, {-3180, 4844}, {64, 64, 65, 255} }},
	{{ {-4289, -280, 132}, 0, {-3181, 3894}, {94, 91, 100, 255} }},
	{{ {-4289, -280, -820}, 0, {-3190, -2897}, {92, 89, 98, 255} }},
	{{ {-4289, -292, -954}, 0, {-3191, -3847}, {62, 62, 62, 255} }},
	{{ {-4190, -292, -954}, 0, {-3191, -3847}, {62, 62, 62, 255} }},
	{{ {-4190, -280, -820}, 0, {-3190, -2897}, {92, 89, 98, 255} }},
	{{ {-4289, 733, -820}, 0, {-3190, -2690}, {94, 91, 100, 255} }},
	{{ {-4190, 733, -820}, 0, {-3190, -2690}, {94, 91, 100, 255} }},
	{{ {-4289, 1066, -515}, 0, {-3189, -1895}, {94, 91, 100, 255} }},
	{{ {-4190, 1066, -515}, 0, {-3189, -1895}, {94, 91, 100, 255} }},
	{{ {-4289, 1066, -173}, 0, {-3183, 2892}, {94, 91, 100, 255} }},
	{{ {-4190, 1066, -173}, 0, {-3183, 2892}, {94, 91, 100, 255} }},
	{{ {-4289, 733, 132}, 0, {-3181, 3687}, {94, 91, 100, 255} }},
	{{ {-4190, 733, 132}, 0, {-3181, 3687}, {94, 91, 100, 255} }},
	{{ {-4414, -280, 132}, 0, {-3181, 3894}, {0, 0, 0, 255} }},
	{{ {-4414, -280, -820}, 0, {-3190, -2897}, {0, 0, 0, 255} }},
	{{ {-4414, 733, -820}, 0, {-3190, -2690}, {0, 0, 0, 255} }},
	{{ {-4414, 1066, -515}, 0, {-3189, -1895}, {25, 24, 27, 255} }},
	{{ {-4414, 1066, -173}, 0, {-3183, 2892}, {0, 0, 0, 255} }},
	{{ {-4414, 733, 132}, 0, {-3181, 3687}, {2, 2, 3, 255} }},
	{{ {14297, -263, -887}, 0, {1906, -1119}, {104, 69, 69, 255} }},
	{{ {14297, -1113, -144}, 0, {-914, 2111}, {32, 16, 17, 255} }},
	{{ {14297, -1113, -887}, 0, {1906, 2111}, {32, 15, 17, 255} }},
	{{ {14297, -263, -144}, 0, {-914, -1119}, {114, 69, 70, 255} }},
	{{ {14297, -166, -887}, 0, {1906, -1119}, {104, 69, 69, 255} }},
	{{ {14297, -166, -144}, 0, {-914, -1119}, {114, 69, 70, 255} }},
	{{ {15583, -263, -144}, 0, {2938, -1119}, {104, 69, 69, 255} }},
	{{ {14940, -166, 227}, 0, {496, -1119}, {104, 69, 69, 255} }},
	{{ {15583, -166, -144}, 0, {2938, -1119}, {104, 69, 69, 255} }},
	{{ {14940, -263, 227}, 0, {496, -1119}, {104, 69, 69, 255} }},
	{{ {15583, -1113, -144}, 0, {2938, 2111}, {33, 21, 22, 255} }},
	{{ {14940, -1113, 227}, 0, {496, 2111}, {32, 18, 19, 255} }},
	{{ {14297, -263, -144}, 0, {-1946, -1119}, {114, 69, 70, 255} }},
	{{ {14297, -1113, -144}, 0, {-1946, 2111}, {32, 16, 17, 255} }},
	{{ {14297, -166, -144}, 0, {-1946, -1119}, {114, 69, 70, 255} }},
	{{ {14297, -263, -887}, 0, {-1946, -1119}, {104, 69, 69, 255} }},
	{{ {14940, -166, -1258}, 0, {496, -1119}, {104, 69, 69, 255} }},
	{{ {14297, -166, -887}, 0, {-1946, -1119}, {104, 69, 69, 255} }},
	{{ {14940, -263, -1258}, 0, {496, -1119}, {104, 69, 69, 255} }},
	{{ {14297, -1113, -887}, 0, {-1946, 2111}, {32, 15, 17, 255} }},
	{{ {14940, -1113, -1258}, 0, {496, 2111}, {32, 15, 17, 255} }},
	{{ {15583, -263, -887}, 0, {2938, -1119}, {104, 69, 69, 255} }},
	{{ {15583, -1113, -887}, 0, {2938, 2111}, {35, 25, 26, 255} }},
	{{ {15583, -166, -887}, 0, {2938, -1119}, {104, 69, 69, 255} }},
	{{ {15583, -263, -887}, 0, {1906, -1119}, {104, 69, 69, 255} }},
	{{ {15583, -166, -144}, 0, {-914, -1119}, {104, 69, 69, 255} }},
	{{ {15583, -166, -887}, 0, {1906, -1119}, {104, 69, 69, 255} }},
	{{ {15583, -263, -144}, 0, {-914, -1119}, {104, 69, 69, 255} }},
	{{ {15583, -1113, -887}, 0, {1906, 2111}, {35, 25, 26, 255} }},
	{{ {15583, -1113, -144}, 0, {-914, 2111}, {33, 21, 22, 255} }},
	{{ {14118, -263, 1162}, 0, {777, 1352}, {92, 91, 91, 255} }},
	{{ {12430, -292, 1206}, 0, {-1455, 1391}, {70, 64, 83, 255} }},
	{{ {12430, 985, 1206}, 0, {-1455, -297}, {104, 55, 71, 255} }},
	{{ {14118, 1015, 1162}, 0, {777, -337}, {104, 54, 69, 255} }},
	{{ {16433, -263, 1162}, 0, {3836, 1352}, {127, 127, 127, 255} }},
	{{ {16433, 1015, 1162}, 0, {3836, -337}, {104, 54, 69, 255} }},
	{{ {12438, -263, -2257}, 0, {-1445, 1352}, {141, 141, 141, 255} }},
	{{ {16433, -263, -2257}, 0, {3836, 1352}, {130, 130, 130, 255} }},
	{{ {16433, 1015, -2257}, 0, {3836, -337}, {104, 54, 69, 255} }},
	{{ {12438, 1015, -2257}, 0, {-1445, -337}, {104, 54, 69, 255} }},
	{{ {16433, -263, -2257}, 0, {2156, 1352}, {130, 130, 130, 255} }},
	{{ {16433, -263, 1162}, 0, {-2363, 1352}, {127, 127, 127, 255} }},
	{{ {16433, 1015, 1162}, 0, {-2363, -337}, {104, 54, 69, 255} }},
	{{ {16433, 1015, -2257}, 0, {2156, -337}, {104, 54, 69, 255} }},
	{{ {12430, 612, 3}, 0, {-831, 196}, {74, 68, 88, 255} }},
	{{ {12430, -292, 1206}, 0, {-2421, 1391}, {70, 64, 83, 255} }},
	{{ {12430, -292, 3}, 0, {-831, 1391}, {74, 68, 88, 255} }},
	{{ {12430, 985, 1206}, 0, {-2421, -297}, {104, 55, 71, 255} }},
	{{ {12430, 820, -309}, 0, {-418, -79}, {104, 54, 69, 255} }},
	{{ {12430, 820, -649}, 0, {31, -79}, {98, 60, 77, 255} }},
	{{ {12438, 1015, -2257}, 0, {2156, -337}, {104, 54, 69, 255} }},
	{{ {12430, 570, -1013}, 0, {511, 251}, {74, 68, 88, 255} }},
	{{ {12438, -263, -2257}, 0, {2156, 1352}, {141, 141, 141, 255} }},
	{{ {12430, -292, -1013}, 0, {511, 1391}, {74, 68, 88, 255} }},
	{{ {16433, 1015, -2257}, 0, {-1770, -2044}, {104, 54, 69, 255} }},
	{{ {16433, 1015, 1162}, 0, {2568, -2044}, {104, 54, 69, 255} }},
	{{ {12430, 985, 1206}, 0, {2624, 3036}, {104, 55, 71, 255} }},
	{{ {12438, 1015, -2257}, 0, {-1770, 3026}, {104, 54, 69, 255} }},
	{{ {14940, -263, 433}, 0, {413, 1646}, {245, 244, 244, 255} }},
	{{ {15761, -263, -41}, 0, {1455, 1112}, {235, 234, 234, 255} }},
	{{ {15761, -166, -41}, 0, {1336, 1030}, {235, 234, 234, 255} }},
	{{ {15761, -166, -990}, 0, {1328, -22}, {255, 255, 255, 255} }},
	{{ {15761, -263, -990}, 0, {1455, -84}, {255, 255, 255, 255} }},
	{{ {14940, -166, -1464}, 0, {451, -517}, {255, 255, 255, 255} }},
	{{ {14940, -263, -1464}, 0, {461, -654}, {255, 255, 255, 255} }},
	{{ {14118, -166, -990}, 0, {-462, -38}, {255, 255, 255, 255} }},
	{{ {14118, -263, -990}, 0, {-581, -120}, {255, 255, 255, 255} }},
	{{ {14118, -166, -41}, 0, {-454, 1015}, {229, 226, 226, 255} }},
	{{ {14118, -263, -990}, 0, {-581, -120}, {255, 255, 255, 255} }},
	{{ {14118, -263, -41}, 0, {-580, 1077}, {229, 226, 226, 255} }},
	{{ {14118, -166, -41}, 0, {-454, 1015}, {229, 226, 226, 255} }},
	{{ {14940, -166, 433}, 0, {423, 1509}, {245, 244, 244, 255} }},
	{{ {14940, -263, 433}, 0, {413, 1646}, {245, 244, 244, 255} }},
	{{ {15761, -166, -41}, 0, {1336, 1030}, {235, 234, 234, 255} }},
	{{ {15583, -166, -144}, 0, {1112, 899}, {104, 69, 69, 255} }},
	{{ {15583, -166, -887}, 0, {1120, 97}, {104, 69, 69, 255} }},
	{{ {15761, -166, -990}, 0, {1328, -22}, {255, 255, 255, 255} }},
	{{ {14940, -166, -1258}, 0, {449, -298}, {104, 69, 69, 255} }},
	{{ {14940, -166, -1464}, 0, {451, -517}, {255, 255, 255, 255} }},
	{{ {14297, -166, -887}, 0, {-239, 93}, {104, 69, 69, 255} }},
	{{ {14118, -166, -990}, 0, {-462, -38}, {255, 255, 255, 255} }},
	{{ {14297, -166, -144}, 0, {-246, 896}, {114, 69, 70, 255} }},
	{{ {14940, -166, 227}, 0, {425, 1291}, {104, 69, 69, 255} }},
};

Gfx pss_dl_Plane_002_mesh_layer_1_tri_1[] = {
	gsSPVertex(pss_dl_Plane_002_mesh_layer_1_vtx_1 + 0, 30, 0),
	gsSP2Triangles(0, 1, 2, 0, 0, 2, 3, 0),
	gsSP2Triangles(0, 3, 4, 0, 0, 4, 5, 0),
	gsSP2Triangles(6, 7, 8, 0, 6, 8, 9, 0),
	gsSP2Triangles(9, 8, 10, 0, 9, 10, 11, 0),
	gsSP2Triangles(11, 10, 12, 0, 11, 12, 13, 0),
	gsSP2Triangles(14, 15, 16, 0, 14, 16, 17, 0),
	gsSP2Triangles(18, 19, 20, 0, 18, 20, 21, 0),
	gsSP2Triangles(22, 23, 24, 0, 22, 24, 25, 0),
	gsSP2Triangles(26, 27, 28, 0, 26, 28, 29, 0),
	gsSPVertex(pss_dl_Plane_002_mesh_layer_1_vtx_1 + 30, 32, 0),
	gsSP2Triangles(0, 1, 2, 0, 0, 2, 3, 0),
	gsSP2Triangles(3, 2, 4, 0, 3, 4, 5, 0),
	gsSP2Triangles(5, 4, 6, 0, 5, 6, 7, 0),
	gsSP2Triangles(7, 6, 8, 0, 7, 8, 9, 0),
	gsSP2Triangles(3, 9, 8, 0, 3, 8, 0, 0),
	gsSP2Triangles(10, 11, 12, 0, 10, 13, 11, 0),
	gsSP2Triangles(13, 14, 11, 0, 13, 15, 14, 0),
	gsSP2Triangles(15, 16, 14, 0, 15, 17, 16, 0),
	gsSP2Triangles(17, 18, 16, 0, 17, 19, 18, 0),
	gsSP2Triangles(19, 20, 18, 0, 19, 21, 20, 0),
	gsSP2Triangles(22, 23, 24, 0, 22, 24, 25, 0),
	gsSP2Triangles(26, 22, 25, 0, 26, 25, 27, 0),
	gsSP2Triangles(28, 26, 27, 0, 28, 27, 29, 0),
	gsSP2Triangles(30, 28, 29, 0, 30, 29, 31, 0),
	gsSPVertex(pss_dl_Plane_002_mesh_layer_1_vtx_1 + 62, 32, 0),
	gsSP2Triangles(0, 1, 2, 0, 0, 2, 3, 0),
	gsSP2Triangles(4, 5, 6, 0, 4, 7, 5, 0),
	gsSP2Triangles(8, 7, 4, 0, 8, 4, 9, 0),
	gsSP2Triangles(8, 9, 10, 0, 8, 10, 11, 0),
	gsSP2Triangles(12, 8, 11, 0, 12, 11, 13, 0),
	gsSP2Triangles(14, 12, 13, 0, 14, 13, 15, 0),
	gsSP2Triangles(16, 14, 15, 0, 16, 15, 17, 0),
	gsSP2Triangles(18, 16, 17, 0, 18, 17, 19, 0),
	gsSP2Triangles(7, 18, 19, 0, 7, 19, 5, 0),
	gsSP2Triangles(18, 7, 20, 0, 7, 21, 20, 0),
	gsSP2Triangles(7, 8, 21, 0, 8, 22, 21, 0),
	gsSP2Triangles(8, 12, 22, 0, 12, 23, 22, 0),
	gsSP2Triangles(12, 14, 23, 0, 14, 24, 23, 0),
	gsSP2Triangles(14, 16, 24, 0, 16, 25, 24, 0),
	gsSP2Triangles(16, 18, 25, 0, 18, 20, 25, 0),
	gsSP2Triangles(20, 22, 25, 0, 20, 21, 22, 0),
	gsSP2Triangles(25, 22, 23, 0, 25, 23, 24, 0),
	gsSP2Triangles(26, 27, 28, 0, 26, 29, 27, 0),
	gsSP2Triangles(29, 26, 30, 0, 29, 30, 31, 0),
	gsSPVertex(pss_dl_Plane_002_mesh_layer_1_vtx_1 + 94, 30, 0),
	gsSP2Triangles(0, 1, 2, 0, 0, 3, 1, 0),
	gsSP2Triangles(3, 0, 4, 0, 3, 4, 5, 0),
	gsSP2Triangles(6, 3, 5, 0, 6, 5, 7, 0),
	gsSP2Triangles(3, 6, 8, 0, 3, 8, 1, 0),
	gsSP2Triangles(9, 10, 11, 0, 9, 12, 10, 0),
	gsSP2Triangles(12, 9, 13, 0, 12, 13, 14, 0),
	gsSP2Triangles(15, 12, 14, 0, 15, 14, 16, 0),
	gsSP2Triangles(12, 15, 17, 0, 12, 17, 10, 0),
	gsSP2Triangles(18, 19, 20, 0, 18, 21, 19, 0),
	gsSP2Triangles(21, 18, 22, 0, 21, 22, 23, 0),
	gsSP2Triangles(24, 25, 26, 0, 24, 26, 27, 0),
	gsSP2Triangles(28, 24, 27, 0, 28, 27, 29, 0),
	gsSPVertex(pss_dl_Plane_002_mesh_layer_1_vtx_1 + 124, 32, 0),
	gsSP2Triangles(0, 1, 2, 0, 0, 2, 3, 0),
	gsSP2Triangles(4, 5, 6, 0, 4, 6, 7, 0),
	gsSP2Triangles(8, 9, 10, 0, 9, 8, 11, 0),
	gsSP2Triangles(8, 12, 11, 0, 13, 11, 12, 0),
	gsSP2Triangles(13, 14, 11, 0, 15, 14, 13, 0),
	gsSP2Triangles(14, 15, 16, 0, 15, 17, 16, 0),
	gsSP2Triangles(18, 19, 20, 0, 18, 20, 21, 0),
	gsSP2Triangles(22, 23, 24, 0, 23, 25, 24, 0),
	gsSP2Triangles(23, 26, 25, 0, 26, 27, 25, 0),
	gsSP2Triangles(26, 28, 27, 0, 28, 29, 27, 0),
	gsSP2Triangles(28, 30, 29, 0, 30, 31, 29, 0),
	gsSPVertex(pss_dl_Plane_002_mesh_layer_1_vtx_1 + 156, 15, 0),
	gsSP2Triangles(0, 1, 2, 0, 1, 3, 2, 0),
	gsSP2Triangles(1, 4, 3, 0, 4, 5, 3, 0),
	gsSP2Triangles(6, 3, 5, 0, 7, 6, 5, 0),
	gsSP2Triangles(7, 5, 8, 0, 9, 7, 8, 0),
	gsSP2Triangles(9, 8, 10, 0, 11, 9, 10, 0),
	gsSP2Triangles(11, 10, 12, 0, 13, 11, 12, 0),
	gsSP2Triangles(13, 12, 2, 0, 14, 13, 2, 0),
	gsSP2Triangles(14, 2, 3, 0, 6, 14, 3, 0),
	gsSPEndDisplayList(),
};

Vtx pss_dl_Plane_002_mesh_layer_1_vtx_2[8] = {
	{{ {-2385, -580, -2544}, 0, {2816, -2792}, {96, 74, 114, 255} }},
	{{ {-2391, -580, 2138}, 0, {-2086, -2799}, {100, 84, 117, 255} }},
	{{ {3902, -580, 2138}, 0, {-2086, 3788}, {96, 74, 114, 255} }},
	{{ {3904, -580, -2544}, 0, {2816, 3791}, {96, 74, 114, 255} }},
	{{ {7161, -574, 2743}, 0, {-1561, 3996}, {82, 78, 85, 255} }},
	{{ {10938, -574, 2743}, 0, {2058, 3996}, {82, 78, 85, 255} }},
	{{ {10938, -574, -4563}, 0, {2058, -3004}, {79, 75, 83, 255} }},
	{{ {7161, -574, -4563}, 0, {-1561, -3004}, {82, 78, 85, 255} }},
};

Gfx pss_dl_Plane_002_mesh_layer_1_tri_2[] = {
	gsSPVertex(pss_dl_Plane_002_mesh_layer_1_vtx_2 + 0, 8, 0),
	gsSP2Triangles(0, 1, 2, 0, 0, 2, 3, 0),
	gsSP2Triangles(4, 5, 6, 0, 4, 6, 7, 0),
	gsSPEndDisplayList(),
};

Vtx pss_dl_Plane_002_mesh_layer_1_vtx_3[180] = {
	{{ {5874, -292, -1323}, 0, {1281, 1899}, {55, 55, 56, 255} }},
	{{ {5874, 1448, -1323}, 0, {1281, 25}, {52, 52, 52, 255} }},
	{{ {5874, -292, -2685}, 0, {2748, 1899}, {94, 91, 100, 255} }},
	{{ {5874, 2066, -139}, 0, {-5489, 1513}, {75, 73, 78, 255} }},
	{{ {5874, 2066, -870}, 0, {-5489, 116}, {70, 68, 73, 255} }},
	{{ {7271, 2066, -870}, 0, {-2819, 116}, {175, 175, 175, 255} }},
	{{ {7271, 2066, -139}, 0, {-2819, 1513}, {168, 168, 168, 255} }},
	{{ {5874, 2066, -870}, 0, {-5489, -1773}, {70, 68, 73, 255} }},
	{{ {7271, 1448, -1323}, 0, {-2819, -592}, {138, 121, 152, 255} }},
	{{ {7271, 2066, -870}, 0, {-2819, -1773}, {175, 175, 175, 255} }},
	{{ {5874, 1448, -1323}, 0, {-5489, -592}, {52, 52, 52, 255} }},
	{{ {7271, -292, -1323}, 0, {-2819, 2735}, {75, 69, 89, 255} }},
	{{ {5874, -292, -1323}, 0, {-5489, 2735}, {55, 55, 56, 255} }},
	{{ {5874, -292, 313}, 0, {-5489, 2735}, {52, 52, 52, 255} }},
	{{ {7271, 1448, 313}, 0, {-2819, -592}, {141, 125, 154, 255} }},
	{{ {7271, -292, 313}, 0, {-2819, 2735}, {74, 68, 88, 255} }},
	{{ {5874, 1448, 313}, 0, {-5489, -592}, {52, 52, 52, 255} }},
	{{ {7271, 2066, -139}, 0, {-2819, -1773}, {168, 168, 168, 255} }},
	{{ {5874, 2066, -139}, 0, {-5489, -1773}, {75, 73, 78, 255} }},
	{{ {5874, 1448, 313}, 0, {-481, 25}, {52, 52, 52, 255} }},
	{{ {5874, -292, 313}, 0, {-481, 1899}, {52, 52, 52, 255} }},
	{{ {5874, -292, 1997}, 0, {-2294, 1899}, {95, 92, 101, 255} }},
	{{ {5874, 2293, 1997}, 0, {-2294, -885}, {95, 92, 101, 255} }},
	{{ {5874, 2293, 1997}, 0, {-2294, -885}, {100, 97, 104, 255} }},
	{{ {5874, 2066, -139}, 0, {7, -640}, {75, 73, 78, 255} }},
	{{ {5874, 2066, -870}, 0, {793, -640}, {70, 68, 73, 255} }},
	{{ {5874, 2293, -2685}, 0, {2748, -885}, {94, 91, 100, 255} }},
	{{ {5874, -292, -2685}, 0, {2748, 1899}, {94, 91, 100, 255} }},
	{{ {-2315, -292, 2129}, 0, {-2827, 1899}, {116, 83, 146, 255} }},
	{{ {-4289, -292, 1997}, 0, {-4953, 1899}, {96, 93, 102, 255} }},
	{{ {-4289, 2293, 1997}, 0, {-4953, -885}, {94, 91, 100, 255} }},
	{{ {-2315, 2293, 2129}, 0, {-2827, -885}, {116, 83, 146, 255} }},
	{{ {3978, -292, 2129}, 0, {3950, 1899}, {96, 74, 114, 255} }},
	{{ {-2315, -292, 2129}, 0, {-2827, 1899}, {116, 83, 146, 255} }},
	{{ {-2315, 2293, 2129}, 0, {-2827, -885}, {116, 83, 146, 255} }},
	{{ {3978, 2293, 2129}, 0, {3950, -885}, {96, 74, 114, 255} }},
	{{ {5874, -292, 1997}, 0, {5992, 1899}, {95, 92, 101, 255} }},
	{{ {5874, 2293, 1997}, 0, {5992, -885}, {95, 92, 101, 255} }},
	{{ {3980, -292, -2553}, 0, {3953, 1899}, {96, 74, 114, 255} }},
	{{ {5874, -292, -2685}, 0, {5992, 1899}, {94, 91, 100, 255} }},
	{{ {5874, 2293, -2685}, 0, {5992, -885}, {94, 91, 100, 255} }},
	{{ {3980, 2293, -2553}, 0, {3953, -885}, {96, 74, 114, 255} }},
	{{ {-2309, -292, -2553}, 0, {-2820, 1899}, {116, 83, 146, 255} }},
	{{ {-2309, 2293, -2553}, 0, {-2820, -885}, {116, 83, 146, 255} }},
	{{ {-4289, -292, -2685}, 0, {-4953, 1899}, {99, 96, 104, 255} }},
	{{ {-4289, 2293, -2685}, 0, {-4953, -885}, {95, 91, 100, 255} }},
	{{ {-4289, -292, -954}, 0, {883, 1899}, {62, 62, 62, 255} }},
	{{ {-4289, -292, -2685}, 0, {2748, 1899}, {99, 96, 104, 255} }},
	{{ {-4289, 785, -954}, 0, {883, 739}, {62, 62, 62, 255} }},
	{{ {-4289, 2293, -2685}, 0, {2748, -885}, {95, 91, 100, 255} }},
	{{ {-4289, 1199, -573}, 0, {474, 293}, {63, 63, 63, 255} }},
	{{ {-4289, 1199, -115}, 0, {-20, 293}, {62, 62, 62, 255} }},
	{{ {-4289, 2293, 1997}, 0, {-2294, -885}, {94, 91, 100, 255} }},
	{{ {-4289, 785, 265}, 0, {-429, 739}, {62, 62, 62, 255} }},
	{{ {-4289, -292, 1997}, 0, {-2294, 1899}, {96, 93, 102, 255} }},
	{{ {-4289, -292, 265}, 0, {-429, 1899}, {62, 62, 62, 255} }},
	{{ {10625, -292, -1882}, 0, {2852, 3367}, {148, 136, 159, 255} }},
	{{ {10625, -292, -1013}, 0, {1122, 3367}, {133, 99, 154, 255} }},
	{{ {10625, 570, -1013}, 0, {1122, 1651}, {121, 91, 140, 255} }},
	{{ {10625, 1439, -1882}, 0, {2852, -78}, {133, 101, 153, 255} }},
	{{ {10625, 820, -649}, 0, {399, 1153}, {111, 85, 129, 255} }},
	{{ {10625, 820, -309}, 0, {-278, 1153}, {133, 99, 154, 255} }},
	{{ {10625, 1439, 777}, 0, {-2439, -78}, {133, 99, 154, 255} }},
	{{ {10625, 612, 3}, 0, {-899, 1567}, {127, 95, 147, 255} }},
	{{ {10625, 1439, 777}, 0, {-2439, -78}, {133, 99, 154, 255} }},
	{{ {10625, 612, 3}, 0, {-899, 1567}, {127, 95, 147, 255} }},
	{{ {10625, -292, 777}, 0, {-2439, 3367}, {144, 130, 156, 255} }},
	{{ {10625, -292, 3}, 0, {-899, 3367}, {133, 99, 154, 255} }},
	{{ {10527, -292, 2538}, 0, {-5944, 3367}, {74, 68, 88, 255} }},
	{{ {10527, 1448, 2538}, 0, {-5944, -97}, {138, 121, 152, 255} }},
	{{ {10527, 2201, 2538}, 0, {-5944, -1595}, {138, 121, 152, 255} }},
	{{ {10625, 2192, 777}, 0, {-2439, -1576}, {138, 121, 152, 255} }},
	{{ {10625, 1439, -1882}, 0, {2852, -78}, {133, 101, 153, 255} }},
	{{ {10625, 2192, -1882}, 0, {2852, -1576}, {138, 121, 152, 255} }},
	{{ {10527, 1448, -3947}, 0, {6963, -97}, {138, 121, 152, 255} }},
	{{ {10527, 2201, -3947}, 0, {6963, -1595}, {138, 121, 152, 255} }},
	{{ {10625, -292, -1882}, 0, {2852, 3367}, {148, 136, 159, 255} }},
	{{ {10527, -292, -3947}, 0, {6963, 3367}, {75, 69, 89, 255} }},
	{{ {10625, 570, -1013}, 0, {311, -376}, {121, 91, 140, 255} }},
	{{ {10625, -292, -1013}, 0, {-1324, -376}, {133, 99, 154, 255} }},
	{{ {10762, -292, -1013}, 0, {-1324, -376}, {74, 68, 88, 255} }},
	{{ {10762, 570, -1013}, 0, {311, -376}, {74, 68, 88, 255} }},
	{{ {12430, -292, -1013}, 0, {-1324, -376}, {74, 68, 88, 255} }},
	{{ {12430, 570, -1013}, 0, {311, -376}, {74, 68, 88, 255} }},
	{{ {10762, 820, -649}, 0, {786, 313}, {74, 68, 88, 255} }},
	{{ {12430, 820, -649}, 0, {786, 313}, {98, 60, 77, 255} }},
	{{ {10762, 820, -309}, 0, {786, 958}, {74, 68, 88, 255} }},
	{{ {12430, 820, -309}, 0, {786, 958}, {104, 54, 69, 255} }},
	{{ {10762, 612, 3}, 0, {391, 1550}, {74, 68, 88, 255} }},
	{{ {12430, 612, 3}, 0, {391, 1550}, {74, 68, 88, 255} }},
	{{ {10762, -292, 3}, 0, {-1324, 1550}, {74, 68, 88, 255} }},
	{{ {12430, -292, 3}, 0, {-1324, 1550}, {74, 68, 88, 255} }},
	{{ {10625, -292, 3}, 0, {-1324, 1550}, {133, 99, 154, 255} }},
	{{ {10625, 612, 3}, 0, {391, 1550}, {127, 95, 147, 255} }},
	{{ {10625, 820, -309}, 0, {786, 958}, {133, 99, 154, 255} }},
	{{ {10625, 820, -649}, 0, {786, 313}, {111, 85, 129, 255} }},
	{{ {7271, -292, 313}, 0, {-1517, 3367}, {74, 68, 88, 255} }},
	{{ {7271, 1448, 2180}, 0, {-5233, -97}, {149, 139, 159, 255} }},
	{{ {7271, -292, 2180}, 0, {-5232, 3367}, {74, 68, 88, 255} }},
	{{ {7271, 1448, 313}, 0, {-1517, -97}, {141, 125, 154, 255} }},
	{{ {7271, 2201, 313}, 0, {-1517, -1595}, {141, 125, 154, 255} }},
	{{ {7271, 2201, 2180}, 0, {-5233, -1595}, {149, 139, 159, 255} }},
	{{ {7271, 1448, -1323}, 0, {1740, -97}, {138, 121, 152, 255} }},
	{{ {7271, -292, -1323}, 0, {1740, 3367}, {75, 69, 89, 255} }},
	{{ {7271, -292, -3538}, 0, {6148, 3367}, {75, 69, 89, 255} }},
	{{ {7271, 1448, -3538}, 0, {6149, -97}, {139, 122, 152, 255} }},
	{{ {7271, 2201, -3538}, 0, {6149, -1595}, {139, 122, 152, 255} }},
	{{ {7271, 2201, -1323}, 0, {1740, -1595}, {138, 121, 152, 255} }},
	{{ {7271, 1448, -3538}, 0, {-3829, -97}, {139, 122, 152, 255} }},
	{{ {7271, -292, -3538}, 0, {-3829, 3367}, {75, 69, 89, 255} }},
	{{ {7729, -292, -3947}, 0, {-2917, 3367}, {75, 69, 89, 255} }},
	{{ {7729, 1448, -3947}, 0, {-2917, -97}, {138, 121, 152, 255} }},
	{{ {10527, -292, -3947}, 0, {2652, 3367}, {75, 69, 89, 255} }},
	{{ {10527, 1448, -3947}, 0, {2652, -97}, {138, 121, 152, 255} }},
	{{ {10527, 2201, -3947}, 0, {2652, -1595}, {138, 121, 152, 255} }},
	{{ {7729, 2201, -3947}, 0, {-2917, -1595}, {138, 121, 152, 255} }},
	{{ {7271, 2201, -3538}, 0, {-3829, -1595}, {139, 122, 152, 255} }},
	{{ {7729, -292, 2538}, 0, {-2917, 3367}, {74, 68, 88, 255} }},
	{{ {10527, 1448, 2538}, 0, {2652, -97}, {138, 121, 152, 255} }},
	{{ {10527, -292, 2538}, 0, {2652, 3367}, {74, 68, 88, 255} }},
	{{ {7729, 1448, 2538}, 0, {-2917, -97}, {141, 126, 154, 255} }},
	{{ {7271, -292, 2180}, 0, {-3829, 3367}, {74, 68, 88, 255} }},
	{{ {7271, 1448, 2180}, 0, {-3829, -97}, {149, 139, 159, 255} }},
	{{ {7271, 2201, 2180}, 0, {-3829, -1595}, {149, 139, 159, 255} }},
	{{ {7729, 2201, 2538}, 0, {-2917, -1595}, {141, 126, 154, 255} }},
	{{ {10527, 2201, 2538}, 0, {2652, -1595}, {138, 121, 152, 255} }},
	{{ {7271, -292, -3538}, 0, {5931, 2735}, {75, 69, 89, 255} }},
	{{ {7271, -292, -1323}, 0, {1696, 2735}, {75, 69, 89, 255} }},
	{{ {7271, -624, -1323}, 0, {1696, 2735}, {75, 69, 89, 255} }},
	{{ {7271, -624, -3538}, 0, {5931, 2735}, {180, 41, 212, 255} }},
	{{ {7729, -292, 2538}, 0, {-1943, 2735}, {74, 68, 88, 255} }},
	{{ {10527, -292, 2538}, 0, {3406, 2735}, {74, 68, 88, 255} }},
	{{ {10527, -624, 2538}, 0, {3406, 2735}, {180, 41, 212, 255} }},
	{{ {7729, -624, 2538}, 0, {-1943, 2735}, {74, 68, 88, 255} }},
	{{ {7271, -292, 2180}, 0, {-2819, 2735}, {74, 68, 88, 255} }},
	{{ {7271, -624, 2180}, 0, {-2819, 2735}, {74, 68, 88, 255} }},
	{{ {7729, -292, -3947}, 0, {-1943, 2735}, {75, 69, 89, 255} }},
	{{ {7271, -292, -3538}, 0, {-2819, 2735}, {75, 69, 89, 255} }},
	{{ {7271, -624, -3538}, 0, {-2819, 2735}, {180, 41, 212, 255} }},
	{{ {7729, -624, -3947}, 0, {-1943, 2735}, {180, 41, 211, 255} }},
	{{ {10527, -292, -3947}, 0, {3406, 2735}, {75, 69, 89, 255} }},
	{{ {10527, -624, -3947}, 0, {3406, 2735}, {180, 42, 211, 255} }},
	{{ {7271, -292, 313}, 0, {-1432, 2735}, {74, 68, 88, 255} }},
	{{ {7271, -292, 2180}, 0, {-5001, 2735}, {74, 68, 88, 255} }},
	{{ {7271, -624, 2180}, 0, {-5001, 2735}, {74, 68, 88, 255} }},
	{{ {7271, -624, 313}, 0, {-1432, 2735}, {74, 68, 88, 255} }},
	{{ {10527, -292, 2538}, 0, {-5684, 2735}, {74, 68, 88, 255} }},
	{{ {10625, -292, 777}, 0, {-2317, 2735}, {144, 130, 156, 255} }},
	{{ {10625, -624, 777}, 0, {-2317, 2735}, {180, 41, 212, 255} }},
	{{ {10527, -624, 2538}, 0, {-5684, 2735}, {180, 41, 212, 255} }},
	{{ {10625, -292, -1882}, 0, {2765, 2735}, {148, 136, 159, 255} }},
	{{ {10527, -292, -3947}, 0, {6713, 2735}, {75, 69, 89, 255} }},
	{{ {10527, -624, -3947}, 0, {6713, 2735}, {180, 42, 211, 255} }},
	{{ {10625, -624, -1882}, 0, {2765, 2735}, {181, 74, 212, 255} }},
	{{ {7271, 2066, -870}, 0, {779, -417}, {175, 175, 175, 255} }},
	{{ {7271, 1448, -1323}, 0, {1521, 595}, {138, 121, 152, 255} }},
	{{ {7271, 2201, -1323}, 0, {1521, -639}, {138, 121, 152, 255} }},
	{{ {7271, 2066, -139}, 0, {-419, -417}, {168, 168, 168, 255} }},
	{{ {7271, 2066, -139}, 0, {-419, -417}, {168, 168, 168, 255} }},
	{{ {7271, 2201, -1323}, 0, {1521, -639}, {138, 121, 152, 255} }},
	{{ {7271, 2201, 313}, 0, {-1161, -639}, {141, 125, 154, 255} }},
	{{ {7271, 1448, 313}, 0, {-1161, 595}, {141, 125, 154, 255} }},
	{{ {10625, 2192, -1882}, 0, {2848, -1860}, {138, 121, 152, 255} }},
	{{ {10625, 2192, 777}, 0, {2848, 3431}, {138, 121, 152, 255} }},
	{{ {10527, 2201, 2538}, 0, {2652, 6936}, {138, 121, 152, 255} }},
	{{ {10527, 2201, -3947}, 0, {2652, -5971}, {138, 121, 152, 255} }},
	{{ {7271, 2201, -1323}, 0, {-3829, -748}, {138, 121, 152, 255} }},
	{{ {7271, 2201, 313}, 0, {-3829, 2509}, {141, 125, 154, 255} }},
	{{ {7271, 2201, 2180}, 0, {-3829, 6225}, {149, 139, 159, 255} }},
	{{ {7729, 2201, 2538}, 0, {-2917, 6936}, {141, 126, 154, 255} }},
	{{ {7271, 2201, -3538}, 0, {-3829, -5157}, {139, 122, 152, 255} }},
	{{ {7729, 2201, -3947}, 0, {-2917, -5971}, {138, 121, 152, 255} }},
	{{ {5874, 2293, -2685}, 0, {-2463, 6174}, {94, 91, 100, 255} }},
	{{ {5874, 2293, 1997}, 0, {2769, 6174}, {95, 92, 101, 255} }},
	{{ {3978, 2293, 2129}, 0, {2916, 4055}, {96, 74, 114, 255} }},
	{{ {3980, 2293, -2553}, 0, {-2315, 4058}, {96, 74, 114, 255} }},
	{{ {-4289, 2293, 1997}, 0, {2769, -5182}, {94, 91, 100, 255} }},
	{{ {-2315, 2293, 2129}, 0, {2916, -2976}, {116, 83, 146, 255} }},
	{{ {-2309, 2293, -2553}, 0, {-2315, -2969}, {116, 83, 146, 255} }},
	{{ {-4289, 2293, -2685}, 0, {-2463, -5182}, {95, 91, 100, 255} }},
};

Gfx pss_dl_Plane_002_mesh_layer_1_tri_3[] = {
	gsSPVertex(pss_dl_Plane_002_mesh_layer_1_vtx_3 + 0, 32, 0),
	gsSP2Triangles(0, 1, 2, 0, 3, 4, 5, 0),
	gsSP2Triangles(3, 5, 6, 0, 7, 8, 9, 0),
	gsSP2Triangles(7, 10, 8, 0, 10, 11, 8, 0),
	gsSP2Triangles(10, 12, 11, 0, 13, 14, 15, 0),
	gsSP2Triangles(13, 16, 14, 0, 16, 17, 14, 0),
	gsSP2Triangles(16, 18, 17, 0, 19, 20, 21, 0),
	gsSP2Triangles(21, 22, 19, 0, 19, 23, 24, 0),
	gsSP2Triangles(25, 24, 23, 0, 25, 23, 26, 0),
	gsSP2Triangles(1, 25, 26, 0, 26, 27, 1, 0),
	gsSP2Triangles(28, 29, 30, 0, 28, 30, 31, 0),
	gsSPVertex(pss_dl_Plane_002_mesh_layer_1_vtx_3 + 32, 32, 0),
	gsSP2Triangles(0, 1, 2, 0, 0, 2, 3, 0),
	gsSP2Triangles(4, 0, 3, 0, 4, 3, 5, 0),
	gsSP2Triangles(6, 7, 8, 0, 6, 8, 9, 0),
	gsSP2Triangles(10, 6, 9, 0, 10, 9, 11, 0),
	gsSP2Triangles(12, 10, 11, 0, 12, 11, 13, 0),
	gsSP2Triangles(14, 15, 16, 0, 15, 17, 16, 0),
	gsSP2Triangles(16, 17, 18, 0, 19, 18, 17, 0),
	gsSP2Triangles(19, 17, 20, 0, 20, 21, 19, 0),
	gsSP2Triangles(20, 22, 21, 0, 23, 21, 22, 0),
	gsSP2Triangles(24, 25, 26, 0, 26, 27, 24, 0),
	gsSP2Triangles(26, 28, 27, 0, 28, 29, 27, 0),
	gsSP2Triangles(29, 30, 27, 0, 31, 30, 29, 0),
	gsSPVertex(pss_dl_Plane_002_mesh_layer_1_vtx_3 + 64, 32, 0),
	gsSP2Triangles(0, 1, 2, 0, 2, 1, 3, 0),
	gsSP2Triangles(0, 2, 4, 0, 0, 4, 5, 0),
	gsSP2Triangles(0, 5, 6, 0, 0, 6, 7, 0),
	gsSP2Triangles(8, 0, 7, 0, 8, 7, 9, 0),
	gsSP2Triangles(10, 8, 9, 0, 10, 9, 11, 0),
	gsSP2Triangles(12, 8, 10, 0, 12, 10, 13, 0),
	gsSP2Triangles(14, 15, 16, 0, 14, 16, 17, 0),
	gsSP2Triangles(17, 16, 18, 0, 17, 18, 19, 0),
	gsSP2Triangles(20, 17, 19, 0, 20, 19, 21, 0),
	gsSP2Triangles(22, 20, 21, 0, 22, 21, 23, 0),
	gsSP2Triangles(24, 22, 23, 0, 24, 23, 25, 0),
	gsSP2Triangles(26, 24, 25, 0, 26, 25, 27, 0),
	gsSP2Triangles(28, 24, 26, 0, 28, 29, 24, 0),
	gsSP2Triangles(29, 22, 24, 0, 29, 30, 22, 0),
	gsSP2Triangles(30, 20, 22, 0, 30, 31, 20, 0),
	gsSP2Triangles(31, 17, 20, 0, 31, 14, 17, 0),
	gsSPVertex(pss_dl_Plane_002_mesh_layer_1_vtx_3 + 96, 30, 0),
	gsSP2Triangles(0, 1, 2, 0, 0, 3, 1, 0),
	gsSP2Triangles(1, 3, 4, 0, 1, 4, 5, 0),
	gsSP2Triangles(6, 7, 8, 0, 6, 8, 9, 0),
	gsSP2Triangles(6, 9, 10, 0, 6, 10, 11, 0),
	gsSP2Triangles(12, 13, 14, 0, 12, 14, 15, 0),
	gsSP2Triangles(15, 14, 16, 0, 15, 16, 17, 0),
	gsSP2Triangles(15, 17, 18, 0, 15, 18, 19, 0),
	gsSP2Triangles(12, 15, 19, 0, 12, 19, 20, 0),
	gsSP2Triangles(21, 22, 23, 0, 21, 24, 22, 0),
	gsSP2Triangles(25, 24, 21, 0, 25, 26, 24, 0),
	gsSP2Triangles(24, 26, 27, 0, 24, 27, 28, 0),
	gsSP2Triangles(22, 24, 28, 0, 22, 28, 29, 0),
	gsSPVertex(pss_dl_Plane_002_mesh_layer_1_vtx_3 + 126, 32, 0),
	gsSP2Triangles(0, 1, 2, 0, 0, 2, 3, 0),
	gsSP2Triangles(4, 5, 6, 0, 4, 6, 7, 0),
	gsSP2Triangles(8, 4, 7, 0, 8, 7, 9, 0),
	gsSP2Triangles(10, 11, 12, 0, 10, 12, 13, 0),
	gsSP2Triangles(14, 10, 13, 0, 14, 13, 15, 0),
	gsSP2Triangles(16, 17, 18, 0, 16, 18, 19, 0),
	gsSP2Triangles(20, 21, 22, 0, 20, 22, 23, 0),
	gsSP2Triangles(24, 25, 26, 0, 24, 26, 27, 0),
	gsSP2Triangles(28, 29, 30, 0, 31, 28, 30, 0),
	gsSPVertex(pss_dl_Plane_002_mesh_layer_1_vtx_3 + 158, 22, 0),
	gsSP2Triangles(0, 1, 2, 0, 2, 3, 0, 0),
	gsSP2Triangles(4, 5, 6, 0, 7, 4, 6, 0),
	gsSP2Triangles(6, 8, 7, 0, 6, 9, 8, 0),
	gsSP2Triangles(6, 10, 9, 0, 6, 11, 10, 0),
	gsSP2Triangles(8, 12, 7, 0, 12, 13, 7, 0),
	gsSP2Triangles(14, 15, 16, 0, 17, 14, 16, 0),
	gsSP2Triangles(16, 18, 17, 0, 16, 19, 18, 0),
	gsSP2Triangles(18, 20, 17, 0, 18, 21, 20, 0),
	gsSPEndDisplayList(),
};

Vtx pss_dl_Plane_002_mesh_layer_1_vtx_4[43] = {
	{{ {10483, -292, -1813}, 0, {854, 4605}, {78, 71, 92, 255} }},
	{{ {9814, -292, -2348}, 0, {2065, 5574}, {74, 68, 88, 255} }},
	{{ {7414, -292, -2348}, 0, {6414, 5574}, {74, 68, 88, 255} }},
	{{ {7414, -292, -1323}, 0, {6414, 3717}, {75, 69, 89, 255} }},
	{{ {7271, -292, -2491}, 0, {6673, 5833}, {74, 68, 88, 255} }},
	{{ {7271, -292, -1323}, 0, {6673, 3717}, {75, 69, 89, 255} }},
	{{ {7414, -292, 313}, 0, {6414, 753}, {74, 68, 88, 255} }},
	{{ {7271, -292, 313}, 0, {6673, 753}, {74, 68, 88, 255} }},
	{{ {7414, -292, 1233}, 0, {6414, -913}, {74, 68, 88, 255} }},
	{{ {7271, -292, 1375}, 0, {6673, -1171}, {74, 68, 88, 255} }},
	{{ {9815, -292, 1233}, 0, {2063, -913}, {74, 68, 88, 255} }},
	{{ {10483, -292, 707}, 0, {854, 39}, {121, 106, 134, 255} }},
	{{ {10483, -292, 313}, 0, {854, 753}, {74, 68, 88, 255} }},
	{{ {10625, -292, 777}, 0, {596, -86}, {138, 121, 152, 255} }},
	{{ {10625, -292, 313}, 0, {596, 753}, {74, 68, 88, 255} }},
	{{ {10483, -292, -1323}, 0, {854, 3717}, {74, 68, 88, 255} }},
	{{ {10625, -292, -1323}, 0, {596, 3717}, {74, 68, 88, 255} }},
	{{ {10625, -292, -1882}, 0, {596, 4729}, {137, 120, 151, 255} }},
	{{ {10625, -292, -1323}, 0, {4292, -1266}, {74, 68, 88, 255} }},
	{{ {10625, -292, 313}, 0, {4292, 2502}, {74, 68, 88, 255} }},
	{{ {10625, -292, 3}, 0, {4292, 2502}, {133, 99, 154, 255} }},
	{{ {10625, -292, -1013}, 0, {4292, -1266}, {133, 99, 154, 255} }},
	{{ {10625, -292, -1013}, 0, {-3426, 5833}, {133, 99, 154, 255} }},
	{{ {10625, -292, 3}, 0, {-1587, 5833}, {133, 99, 154, 255} }},
	{{ {10762, -292, 3}, 0, {-1587, 5586}, {74, 68, 88, 255} }},
	{{ {10762, -292, -1013}, 0, {-3426, 5586}, {74, 68, 88, 255} }},
	{{ {12430, -292, 3}, 0, {-1587, 2564}, {74, 68, 88, 255} }},
	{{ {12430, -292, -1013}, 0, {-3427, 2564}, {74, 68, 88, 255} }},
	{{ {14118, -263, -990}, 0, {-3386, -495}, {255, 255, 255, 255} }},
	{{ {14118, -263, -41}, 0, {-1667, -496}, {229, 226, 226, 255} }},
	{{ {12430, -292, 1206}, 0, {593, 2563}, {70, 64, 83, 255} }},
	{{ {14118, -263, 1162}, 0, {512, -496}, {92, 91, 91, 255} }},
	{{ {14118, -263, -41}, 0, {-1667, -496}, {229, 226, 226, 255} }},
	{{ {14118, -263, 1162}, 0, {512, -496}, {92, 91, 91, 255} }},
	{{ {14940, -263, 433}, 0, {-808, -1984}, {245, 244, 244, 255} }},
	{{ {16433, -263, 1162}, 0, {512, -4689}, {127, 127, 127, 255} }},
	{{ {15761, -263, -41}, 0, {-1667, -3472}, {235, 234, 234, 255} }},
	{{ {16433, -263, -2257}, 0, {-5681, -4689}, {130, 130, 130, 255} }},
	{{ {15761, -263, -990}, 0, {-3386, -3472}, {255, 255, 255, 255} }},
	{{ {14940, -263, -1464}, 0, {-4245, -1984}, {255, 255, 255, 255} }},
	{{ {12438, -263, -2257}, 0, {-5681, 2549}, {141, 141, 141, 255} }},
	{{ {14118, -263, -990}, 0, {-3386, -495}, {255, 255, 255, 255} }},
	{{ {12430, -292, -1013}, 0, {-3427, 2564}, {74, 68, 88, 255} }},
};

Gfx pss_dl_Plane_002_mesh_layer_1_tri_4[] = {
	gsSPVertex(pss_dl_Plane_002_mesh_layer_1_vtx_4 + 0, 32, 0),
	gsSP2Triangles(0, 1, 2, 0, 0, 2, 3, 0),
	gsSP2Triangles(3, 2, 4, 0, 3, 4, 5, 0),
	gsSP2Triangles(6, 3, 5, 0, 6, 5, 7, 0),
	gsSP2Triangles(8, 6, 7, 0, 8, 7, 9, 0),
	gsSP2Triangles(6, 8, 10, 0, 6, 10, 11, 0),
	gsSP2Triangles(11, 12, 6, 0, 12, 11, 13, 0),
	gsSP2Triangles(12, 13, 14, 0, 15, 12, 14, 0),
	gsSP2Triangles(15, 14, 16, 0, 0, 15, 16, 0),
	gsSP2Triangles(0, 16, 17, 0, 3, 15, 0, 0),
	gsSP2Triangles(12, 15, 3, 0, 12, 3, 6, 0),
	gsSP2Triangles(18, 19, 20, 0, 18, 20, 21, 0),
	gsSP2Triangles(22, 23, 24, 0, 22, 24, 25, 0),
	gsSP2Triangles(25, 24, 26, 0, 25, 26, 27, 0),
	gsSP2Triangles(26, 28, 27, 0, 26, 29, 28, 0),
	gsSP2Triangles(29, 26, 30, 0, 29, 30, 31, 0),
	gsSPVertex(pss_dl_Plane_002_mesh_layer_1_vtx_4 + 32, 11, 0),
	gsSP2Triangles(0, 1, 2, 0, 1, 3, 2, 0),
	gsSP2Triangles(2, 3, 4, 0, 3, 5, 4, 0),
	gsSP2Triangles(4, 5, 6, 0, 7, 6, 5, 0),
	gsSP2Triangles(5, 8, 7, 0, 7, 8, 9, 0),
	gsSP1Triangle(9, 8, 10, 0),
	gsSPEndDisplayList(),
};

Vtx pss_dl_Plane_002_mesh_layer_1_vtx_5[40] = {
	{{ {10625, -292, -1882}, 0, {-1439, 3050}, {148, 136, 159, 255} }},
	{{ {9864, -186, -2491}, 0, {-1591, 1655}, {255, 255, 255, 255} }},
	{{ {10625, -186, -1882}, 0, {-1591, 3050}, {255, 255, 255, 255} }},
	{{ {9864, -292, -2491}, 0, {-1439, 1655}, {255, 255, 255, 255} }},
	{{ {10625, -1562, -1882}, 0, {378, 3050}, {222, 17, 254, 255} }},
	{{ {9864, -1562, -2491}, 0, {378, 1655}, {224, 11, 255, 255} }},
	{{ {7271, -292, -2491}, 0, {-1439, -2058}, {255, 255, 255, 255} }},
	{{ {7271, -1562, -2491}, 0, {378, -2058}, {180, 41, 212, 255} }},
	{{ {7271, -186, -2491}, 0, {-1591, -2058}, {255, 255, 255, 255} }},
	{{ {7414, -292, 1233}, 0, {-12680, 15790}, {74, 68, 88, 255} }},
	{{ {7271, -292, 1375}, 0, {-13900, 17009}, {74, 68, 88, 255} }},
	{{ {7271, -186, 1375}, 0, {-13900, 17009}, {74, 68, 88, 255} }},
	{{ {7414, -186, 1233}, 0, {-12680, 15790}, {74, 68, 88, 255} }},
	{{ {9815, -186, 1233}, 0, {7837, 15790}, {74, 68, 88, 255} }},
	{{ {9865, -186, 1375}, 0, {8260, 17009}, {74, 68, 88, 255} }},
	{{ {10483, -186, 707}, 0, {13537, 11301}, {101, 89, 114, 255} }},
	{{ {10625, -186, 777}, 0, {14756, 11893}, {74, 68, 88, 255} }},
	{{ {10625, -292, 777}, 0, {14756, 11893}, {138, 121, 152, 255} }},
	{{ {10483, -292, 707}, 0, {13537, 11301}, {121, 106, 134, 255} }},
	{{ {9815, -292, 1233}, 0, {7837, 15790}, {74, 68, 88, 255} }},
	{{ {10483, -292, -1813}, 0, {13537, -10229}, {78, 71, 92, 255} }},
	{{ {10625, -292, -1882}, 0, {14756, -10815}, {137, 120, 151, 255} }},
	{{ {10625, -186, -1882}, 0, {14756, -10815}, {74, 68, 88, 255} }},
	{{ {10483, -186, -1813}, 0, {13537, -10229}, {81, 73, 94, 255} }},
	{{ {9814, -186, -2348}, 0, {7828, -14798}, {74, 68, 88, 255} }},
	{{ {9864, -186, -2491}, 0, {8256, -16017}, {74, 68, 88, 255} }},
	{{ {7414, -186, -2348}, 0, {-12680, -14798}, {74, 68, 88, 255} }},
	{{ {7271, -186, -2491}, 0, {-13900, -16017}, {74, 68, 88, 255} }},
	{{ {7271, -292, -2491}, 0, {-13900, -16017}, {74, 68, 88, 255} }},
	{{ {7414, -292, -2348}, 0, {-12680, -14798}, {74, 68, 88, 255} }},
	{{ {9814, -292, -2348}, 0, {7828, -14798}, {74, 68, 88, 255} }},
	{{ {7271, -292, 1375}, 0, {531, 3050}, {255, 255, 255, 255} }},
	{{ {9865, -186, 1375}, 0, {380, -663}, {255, 255, 255, 255} }},
	{{ {7271, -186, 1375}, 0, {380, 3050}, {255, 255, 255, 255} }},
	{{ {9865, -292, 1375}, 0, {531, -663}, {255, 255, 255, 255} }},
	{{ {7271, -1562, 1375}, 0, {2348, 3050}, {224, 11, 255, 255} }},
	{{ {9865, -1562, 1375}, 0, {2348, -663}, {223, 14, 255, 255} }},
	{{ {10625, -292, 777}, 0, {531, -2049}, {144, 130, 156, 255} }},
	{{ {10625, -1562, 777}, 0, {2348, -2049}, {224, 11, 255, 255} }},
	{{ {10625, -186, 777}, 0, {380, -2049}, {255, 255, 255, 255} }},
};

Gfx pss_dl_Plane_002_mesh_layer_1_tri_5[] = {
	gsSPVertex(pss_dl_Plane_002_mesh_layer_1_vtx_5 + 0, 31, 0),
	gsSP2Triangles(0, 1, 2, 0, 0, 3, 1, 0),
	gsSP2Triangles(3, 0, 4, 0, 3, 4, 5, 0),
	gsSP2Triangles(6, 3, 5, 0, 6, 5, 7, 0),
	gsSP2Triangles(3, 6, 8, 0, 3, 8, 1, 0),
	gsSP2Triangles(9, 10, 11, 0, 9, 11, 12, 0),
	gsSP2Triangles(13, 12, 11, 0, 13, 11, 14, 0),
	gsSP2Triangles(15, 13, 14, 0, 15, 14, 16, 0),
	gsSP2Triangles(17, 15, 16, 0, 17, 18, 15, 0),
	gsSP2Triangles(18, 13, 15, 0, 18, 19, 13, 0),
	gsSP2Triangles(19, 12, 13, 0, 19, 9, 12, 0),
	gsSP2Triangles(20, 21, 22, 0, 20, 22, 23, 0),
	gsSP2Triangles(24, 23, 22, 0, 24, 22, 25, 0),
	gsSP2Triangles(26, 24, 25, 0, 26, 25, 27, 0),
	gsSP2Triangles(28, 26, 27, 0, 28, 29, 26, 0),
	gsSP2Triangles(29, 24, 26, 0, 29, 30, 24, 0),
	gsSP2Triangles(30, 23, 24, 0, 30, 20, 23, 0),
	gsSPVertex(pss_dl_Plane_002_mesh_layer_1_vtx_5 + 31, 9, 0),
	gsSP2Triangles(0, 1, 2, 0, 0, 3, 1, 0),
	gsSP2Triangles(3, 0, 4, 0, 3, 4, 5, 0),
	gsSP2Triangles(6, 3, 5, 0, 6, 5, 7, 0),
	gsSP2Triangles(3, 6, 8, 0, 3, 8, 1, 0),
	gsSPEndDisplayList(),
};

Vtx pss_dl_Plane_002_mesh_layer_1_vtx_6[8] = {
	{{ {8806, -259, -1342}, 0, {2018, -1849}, {130, 125, 128, 255} }},
	{{ {8080, -259, -923}, 0, {1131, -3385}, {147, 144, 145, 255} }},
	{{ {8080, -259, -78}, 0, {-655, -3385}, {119, 112, 116, 255} }},
	{{ {9611, -259, -226}, 0, {-342, -147}, {111, 102, 107, 255} }},
	{{ {8806, -259, 341}, 0, {-1542, -1849}, {113, 104, 109, 255} }},
	{{ {9611, -259, -774}, 0, {818, -147}, {111, 102, 107, 255} }},
	{{ {14021, -232, -226}, 0, {-342, 4377}, {201, 185, 194, 255} }},
	{{ {14021, -232, -774}, 0, {818, 4377}, {201, 185, 194, 255} }},
};

Gfx pss_dl_Plane_002_mesh_layer_1_tri_6[] = {
	gsSPVertex(pss_dl_Plane_002_mesh_layer_1_vtx_6 + 0, 8, 0),
	gsSP2Triangles(0, 1, 2, 0, 0, 2, 3, 0),
	gsSP2Triangles(2, 4, 3, 0, 3, 5, 0, 0),
	gsSP2Triangles(5, 3, 6, 0, 5, 6, 7, 0),
	gsSPEndDisplayList(),
};

Vtx pss_dl_Plane_002_mesh_layer_1_vtx_7[48] = {
	{{ {8806, -259, -1342}, 0, {1936, -1742}, {130, 125, 128, 255} }},
	{{ {9611, -259, -774}, 0, {791, -118}, {111, 102, 107, 255} }},
	{{ {9642, -259, -874}, 0, {991, -54}, {201, 185, 194, 255} }},
	{{ {14121, -232, -874}, 0, {991, 4399}, {201, 185, 194, 255} }},
	{{ {14021, -232, -774}, 0, {791, 4199}, {201, 185, 194, 255} }},
	{{ {14121, -232, -127}, 0, {-515, 4399}, {201, 185, 194, 255} }},
	{{ {14021, -232, -226}, 0, {-315, 4199}, {201, 185, 194, 255} }},
	{{ {9642, -259, -127}, 0, {-515, -54}, {201, 185, 194, 255} }},
	{{ {9611, -259, -226}, 0, {-315, -118}, {111, 102, 107, 255} }},
	{{ {8811, -259, 459}, 0, {-1698, -1731}, {201, 185, 194, 255} }},
	{{ {8806, -259, 341}, 0, {-1460, -1742}, {113, 104, 109, 255} }},
	{{ {7981, -259, -21}, 0, {-730, -3407}, {201, 185, 194, 255} }},
	{{ {8080, -259, -78}, 0, {-614, -3207}, {119, 112, 116, 255} }},
	{{ {7981, -259, -980}, 0, {1206, -3407}, {201, 185, 194, 255} }},
	{{ {8080, -259, -923}, 0, {1090, -3207}, {147, 144, 145, 255} }},
	{{ {8811, -259, -1460}, 0, {2174, -1731}, {201, 185, 194, 255} }},
	{{ {8345, -251, -345}, 0, {314, 59}, {94, 86, 91, 255} }},
	{{ {8353, -251, -705}, 0, {677, 58}, {96, 89, 93, 255} }},
	{{ {8238, -251, -756}, 0, {733, -77}, {153, 141, 148, 255} }},
	{{ {8567, -251, -1072}, 0, {1069, 258}, {154, 141, 148, 255} }},
	{{ {8613, -251, -955}, 0, {933, 314}, {94, 87, 91, 255} }},
	{{ {9024, -251, -1062}, 0, {1069, 733}, {154, 141, 148, 255} }},
	{{ {8974, -251, -947}, 0, {934, 677}, {149, 147, 148, 255} }},
	{{ {9340, -251, -732}, 0, {734, 1069}, {154, 141, 148, 255} }},
	{{ {9223, -251, -687}, 0, {678, 933}, {94, 86, 91, 255} }},
	{{ {9331, -251, -276}, 0, {259, 1069}, {145, 133, 140, 255} }},
	{{ {9216, -251, -326}, 0, {315, 934}, {94, 86, 91, 255} }},
	{{ {9001, -251, 41}, 0, {-77, 734}, {153, 141, 148, 255} }},
	{{ {8955, -251, -77}, 0, {59, 678}, {94, 86, 91, 255} }},
	{{ {8544, -251, 31}, 0, {-77, 259}, {152, 140, 147, 255} }},
	{{ {8595, -251, -84}, 0, {58, 315}, {95, 87, 91, 255} }},
	{{ {8228, -251, -299}, 0, {258, -77}, {154, 141, 148, 255} }},
	{{ {8228, -251, -299}, 0, {258, -77}, {154, 141, 148, 255} }},
	{{ {8238, -251, -756}, 0, {733, -77}, {153, 141, 148, 255} }},
	{{ {8238, -251, -756}, 0, {734, -78}, {153, 141, 148, 255} }},
	{{ {8567, -251, -1072}, 0, {1070, 258}, {154, 141, 148, 255} }},
	{{ {8567, -251, -1072}, 0, {1069, 258}, {154, 141, 148, 255} }},
	{{ {9024, -251, -1062}, 0, {1070, 734}, {154, 141, 148, 255} }},
	{{ {9024, -251, -1062}, 0, {1069, 733}, {154, 141, 148, 255} }},
	{{ {9340, -251, -732}, 0, {734, 1070}, {154, 141, 148, 255} }},
	{{ {9340, -251, -732}, 0, {734, 1069}, {154, 141, 148, 255} }},
	{{ {9331, -251, -276}, 0, {258, 1070}, {145, 133, 140, 255} }},
	{{ {9331, -251, -276}, 0, {259, 1069}, {145, 133, 140, 255} }},
	{{ {9001, -251, 41}, 0, {-78, 734}, {153, 141, 148, 255} }},
	{{ {9001, -251, 41}, 0, {-77, 734}, {153, 141, 148, 255} }},
	{{ {8544, -251, 31}, 0, {-78, 258}, {152, 140, 147, 255} }},
	{{ {8544, -251, 31}, 0, {-77, 259}, {152, 140, 147, 255} }},
	{{ {8228, -251, -299}, 0, {258, -78}, {154, 141, 148, 255} }},
};

Gfx pss_dl_Plane_002_mesh_layer_1_tri_7[] = {
	gsSPVertex(pss_dl_Plane_002_mesh_layer_1_vtx_7 + 0, 32, 0),
	gsSP2Triangles(0, 1, 2, 0, 1, 3, 2, 0),
	gsSP2Triangles(1, 4, 3, 0, 4, 5, 3, 0),
	gsSP2Triangles(4, 6, 5, 0, 6, 7, 5, 0),
	gsSP2Triangles(6, 8, 7, 0, 8, 9, 7, 0),
	gsSP2Triangles(8, 10, 9, 0, 10, 11, 9, 0),
	gsSP2Triangles(10, 12, 11, 0, 12, 13, 11, 0),
	gsSP2Triangles(12, 14, 13, 0, 14, 15, 13, 0),
	gsSP2Triangles(14, 0, 15, 0, 0, 2, 15, 0),
	gsSP2Triangles(16, 17, 18, 0, 17, 19, 18, 0),
	gsSP2Triangles(17, 20, 19, 0, 20, 21, 19, 0),
	gsSP2Triangles(20, 22, 21, 0, 22, 23, 21, 0),
	gsSP2Triangles(22, 24, 23, 0, 24, 25, 23, 0),
	gsSP2Triangles(24, 26, 25, 0, 26, 27, 25, 0),
	gsSP2Triangles(26, 28, 27, 0, 28, 29, 27, 0),
	gsSP2Triangles(28, 30, 29, 0, 30, 31, 29, 0),
	gsSP2Triangles(30, 16, 31, 0, 16, 18, 31, 0),
	gsSPVertex(pss_dl_Plane_002_mesh_layer_1_vtx_7 + 32, 16, 0),
	gsSP2Triangles(0, 1, 2, 0, 1, 3, 2, 0),
	gsSP2Triangles(1, 4, 3, 0, 4, 5, 3, 0),
	gsSP2Triangles(4, 6, 5, 0, 6, 7, 5, 0),
	gsSP2Triangles(6, 8, 7, 0, 8, 9, 7, 0),
	gsSP2Triangles(8, 10, 9, 0, 10, 11, 9, 0),
	gsSP2Triangles(10, 12, 11, 0, 12, 13, 11, 0),
	gsSP2Triangles(12, 14, 13, 0, 14, 15, 13, 0),
	gsSP2Triangles(14, 0, 15, 0, 0, 2, 15, 0),
	gsSPEndDisplayList(),
};

Vtx pss_dl_Plane_002_mesh_layer_1_vtx_8[8] = {
	{{ {8613, -251, -955}, 0, {898, 329}, {94, 87, 91, 255} }},
	{{ {8353, -251, -705}, 0, {662, 94}, {96, 89, 93, 255} }},
	{{ {8345, -251, -345}, 0, {329, 94}, {94, 86, 91, 255} }},
	{{ {8955, -251, -77}, 0, {94, 663}, {94, 86, 91, 255} }},
	{{ {8595, -251, -84}, 0, {94, 330}, {95, 87, 91, 255} }},
	{{ {9223, -251, -687}, 0, {663, 898}, {94, 86, 91, 255} }},
	{{ {9216, -251, -326}, 0, {330, 898}, {94, 86, 91, 255} }},
	{{ {8974, -251, -947}, 0, {898, 662}, {149, 147, 148, 255} }},
};

Gfx pss_dl_Plane_002_mesh_layer_1_tri_8[] = {
	gsSPVertex(pss_dl_Plane_002_mesh_layer_1_vtx_8 + 0, 8, 0),
	gsSP2Triangles(0, 1, 2, 0, 0, 2, 3, 0),
	gsSP2Triangles(2, 4, 3, 0, 3, 5, 0, 0),
	gsSP2Triangles(3, 6, 5, 0, 5, 7, 0, 0),
	gsSPEndDisplayList(),
};

Vtx pss_dl_Plane_003_mesh_layer_1_vtx_cull[8] = {
	{{ {-2102, -401, 1743}, 0, {0, 0}, {0, 0, 0, 0} }},
	{{ {-2102, -401, 1743}, 0, {0, 0}, {0, 0, 0, 0} }},
	{{ {-2102, -401, -2333}, 0, {0, 0}, {0, 0, 0, 0} }},
	{{ {-2102, -401, -2333}, 0, {0, 0}, {0, 0, 0, 0} }},
	{{ {3641, -401, 1743}, 0, {0, 0}, {0, 0, 0, 0} }},
	{{ {3641, -401, 1743}, 0, {0, 0}, {0, 0, 0, 0} }},
	{{ {3641, -401, -2333}, 0, {0, 0}, {0, 0, 0, 0} }},
	{{ {3641, -401, -2333}, 0, {0, 0}, {0, 0, 0, 0} }},
};

Vtx pss_dl_Plane_003_mesh_layer_1_vtx_0[17] = {
	{{ {-2102, -401, 1043}, 0, {-527, -985}, {83, 76, 100, 255} }},
	{{ {-2102, -401, 1743}, 0, {-942, -985}, {83, 76, 100, 255} }},
	{{ {3641, -401, 1743}, 0, {-942, 1977}, {83, 76, 100, 255} }},
	{{ {742, -401, 1043}, 0, {-527, 482}, {83, 76, 100, 255} }},
	{{ {1777, -401, 156}, 0, {-1, 1016}, {83, 76, 100, 255} }},
	{{ {2761, -401, 157}, 0, {-1, 1524}, {83, 76, 100, 255} }},
	{{ {3641, -401, 157}, 0, {-1, 1977}, {83, 76, 100, 255} }},
	{{ {742, -401, -651}, 0, {478, 482}, {83, 76, 100, 255} }},
	{{ {1776, -401, -651}, 0, {478, 1016}, {83, 76, 100, 255} }},
	{{ {-2102, -401, -2333}, 0, {1476, -985}, {83, 76, 100, 255} }},
	{{ {-2102, -401, 174}, 0, {-11, -985}, {83, 76, 100, 255} }},
	{{ {-220, -401, 174}, 0, {-11, -14}, {83, 76, 100, 255} }},
	{{ {-221, -401, -1554}, 0, {1014, -15}, {83, 76, 100, 255} }},
	{{ {2781, -401, -1555}, 0, {1014, 1534}, {83, 76, 100, 255} }},
	{{ {3641, -401, -2333}, 0, {1476, 1977}, {84, 76, 100, 255} }},
	{{ {2778, -401, -721}, 0, {520, 1533}, {83, 76, 100, 255} }},
	{{ {3641, -401, -722}, 0, {520, 1977}, {84, 76, 100, 255} }},
};

Gfx pss_dl_Plane_003_mesh_layer_1_tri_0[] = {
	gsSPVertex(pss_dl_Plane_003_mesh_layer_1_vtx_0 + 0, 17, 0),
	gsSP2Triangles(0, 1, 2, 0, 3, 0, 2, 0),
	gsSP2Triangles(2, 4, 3, 0, 2, 5, 4, 0),
	gsSP2Triangles(2, 6, 5, 0, 4, 7, 3, 0),
	gsSP2Triangles(4, 8, 7, 0, 9, 10, 11, 0),
	gsSP2Triangles(9, 11, 12, 0, 9, 12, 13, 0),
	gsSP2Triangles(13, 14, 9, 0, 13, 15, 14, 0),
	gsSP1Triangle(15, 16, 14, 0),
	gsSPEndDisplayList(),
};

Gfx mat_pss_dl_f3dlite_material_048[] = {
	gsSPGeometryMode(G_LIGHTING, 0),
	gsDPPipeSync(),
	gsDPSetCombineLERP(TEXEL0, 0, SHADE, 0, ENVIRONMENT, 0, SHADE, 0, TEXEL0, 0, SHADE, 0, ENVIRONMENT, 0, SHADE, 0),
	gsDPSetAlphaDither(G_AD_NOISE),
	gsSPTexture(65535, 65535, 0, 0, 1),
	gsDPSetTextureImage(G_IM_FMT_RGBA, G_IM_SIZ_16b_LOAD_BLOCK, 1, pss_dl_tex1_128x128_7dfd7f15e58a6517_14_rgba16),
	gsDPSetTile(G_IM_FMT_RGBA, G_IM_SIZ_16b_LOAD_BLOCK, 0, 0, 7, 0, G_TX_WRAP | G_TX_NOMIRROR, 0, 0, G_TX_WRAP | G_TX_NOMIRROR, 0, 0),
	gsDPLoadBlock(7, 0, 0, 1023, 256),
	gsDPSetTile(G_IM_FMT_RGBA, G_IM_SIZ_16b, 8, 0, 0, 0, G_TX_WRAP | G_TX_NOMIRROR, 5, 0, G_TX_WRAP | G_TX_NOMIRROR, 5, 0),
	gsDPSetTileSize(0, 0, 0, 124, 124),
	gsSPEndDisplayList(),
};

Gfx mat_revert_pss_dl_f3dlite_material_048[] = {
	gsSPGeometryMode(0, G_LIGHTING),
	gsDPPipeSync(),
	gsDPSetAlphaDither(G_AD_DISABLE),
	gsSPEndDisplayList(),
};

Gfx mat_pss_dl_f3dlite_material_038[] = {
	gsSPGeometryMode(G_LIGHTING, 0),
	gsDPPipeSync(),
	gsDPSetCombineLERP(TEXEL0, 0, SHADE, 0, ENVIRONMENT, 0, SHADE, 0, TEXEL0, 0, SHADE, 0, ENVIRONMENT, 0, SHADE, 0),
	gsDPSetAlphaDither(G_AD_NOISE),
	gsSPTexture(65535, 65535, 0, 0, 1),
	gsDPSetTextureImage(G_IM_FMT_RGBA, G_IM_SIZ_16b_LOAD_BLOCK, 1, pss_dl_SUPER_MARIO_64_6AA1BE26_0_2_all_rgba16),
	gsDPSetTile(G_IM_FMT_RGBA, G_IM_SIZ_16b_LOAD_BLOCK, 0, 0, 7, 0, G_TX_WRAP | G_TX_NOMIRROR, 0, 0, G_TX_WRAP | G_TX_NOMIRROR, 0, 0),
	gsDPLoadBlock(7, 0, 0, 1023, 256),
	gsDPSetTile(G_IM_FMT_RGBA, G_IM_SIZ_16b, 8, 0, 0, 0, G_TX_WRAP | G_TX_NOMIRROR, 5, 0, G_TX_WRAP | G_TX_NOMIRROR, 5, 0),
	gsDPSetTileSize(0, 0, 0, 124, 124),
	gsSPEndDisplayList(),
};

Gfx mat_revert_pss_dl_f3dlite_material_038[] = {
	gsSPGeometryMode(0, G_LIGHTING),
	gsDPPipeSync(),
	gsDPSetAlphaDither(G_AD_DISABLE),
	gsSPEndDisplayList(),
};

Gfx mat_pss_dl_f3dlite_material_040[] = {
	gsSPGeometryMode(G_LIGHTING, 0),
	gsDPPipeSync(),
	gsDPSetCombineLERP(TEXEL0, 0, SHADE, 0, ENVIRONMENT, 0, SHADE, 0, TEXEL0, 0, SHADE, 0, ENVIRONMENT, 0, SHADE, 0),
	gsDPSetAlphaDither(G_AD_NOISE),
	gsDPSetTextureLUT(G_TT_RGBA16),
	gsSPTexture(65535, 65535, 0, 0, 1),
	gsDPSetTextureImage(G_IM_FMT_RGBA, G_IM_SIZ_16b, 1, pss_dl_tex1_128x128_f97a49bad09c112d_14_pal_rgba16),
	gsDPSetTile(0, 0, 0, 256, 5, 0, G_TX_WRAP | G_TX_NOMIRROR, 0, 0, G_TX_WRAP | G_TX_NOMIRROR, 0, 0),
	gsDPLoadTLUTCmd(5, 30),
	gsDPSetTextureImage(G_IM_FMT_CI, G_IM_SIZ_8b_LOAD_BLOCK, 1, pss_dl_tex1_128x128_f97a49bad09c112d_14_ci8),
	gsDPSetTile(G_IM_FMT_CI, G_IM_SIZ_8b_LOAD_BLOCK, 0, 0, 7, 0, G_TX_WRAP | G_TX_NOMIRROR, 0, 0, G_TX_WRAP | G_TX_NOMIRROR, 0, 0),
	gsDPLoadBlock(7, 0, 0, 511, 512),
	gsDPSetTile(G_IM_FMT_CI, G_IM_SIZ_8b, 4, 0, 0, 0, G_TX_WRAP | G_TX_NOMIRROR, 5, 0, G_TX_WRAP | G_TX_NOMIRROR, 5, 0),
	gsDPSetTileSize(0, 0, 0, 124, 124),
	gsSPEndDisplayList(),
};

Gfx mat_revert_pss_dl_f3dlite_material_040[] = {
	gsSPGeometryMode(0, G_LIGHTING),
	gsDPPipeSync(),
	gsDPSetAlphaDither(G_AD_DISABLE),
	gsDPSetTextureLUT(G_TT_NONE),
	gsSPEndDisplayList(),
};

Gfx mat_pss_dl_f3dlite_material_041[] = {
	gsSPGeometryMode(G_LIGHTING, 0),
	gsDPPipeSync(),
	gsDPSetCombineLERP(TEXEL0, 0, SHADE, 0, ENVIRONMENT, 0, SHADE, 0, TEXEL0, 0, SHADE, 0, ENVIRONMENT, 0, SHADE, 0),
	gsDPSetAlphaDither(G_AD_NOISE),
	gsDPSetTextureLUT(G_TT_RGBA16),
	gsSPTexture(65535, 65535, 0, 0, 1),
	gsDPSetTextureImage(G_IM_FMT_RGBA, G_IM_SIZ_16b, 1, pss_dl_blue_lava_pal_rgba16),
	gsDPSetTile(0, 0, 0, 256, 5, 0, G_TX_WRAP | G_TX_NOMIRROR, 0, 0, G_TX_WRAP | G_TX_NOMIRROR, 0, 0),
	gsDPLoadTLUTCmd(5, 37),
	gsDPSetTextureImage(G_IM_FMT_CI, G_IM_SIZ_8b_LOAD_BLOCK, 1, pss_dl_blue_lava_ci8),
	gsDPSetTile(G_IM_FMT_CI, G_IM_SIZ_8b_LOAD_BLOCK, 0, 0, 7, 0, G_TX_WRAP | G_TX_NOMIRROR, 0, 0, G_TX_WRAP | G_TX_NOMIRROR, 0, 0),
	gsDPLoadBlock(7, 0, 0, 511, 512),
	gsDPSetTile(G_IM_FMT_CI, G_IM_SIZ_8b, 4, 0, 0, 0, G_TX_WRAP | G_TX_NOMIRROR, 5, 0, G_TX_WRAP | G_TX_NOMIRROR, 5, 0),
	gsDPSetTileSize(0, 0, 0, 124, 124),
	gsSPEndDisplayList(),
};

Gfx mat_revert_pss_dl_f3dlite_material_041[] = {
	gsSPGeometryMode(0, G_LIGHTING),
	gsDPPipeSync(),
	gsDPSetAlphaDither(G_AD_DISABLE),
	gsDPSetTextureLUT(G_TT_NONE),
	gsSPEndDisplayList(),
};

Gfx mat_pss_dl_f3dlite_material_042[] = {
	gsSPGeometryMode(G_LIGHTING, 0),
	gsDPPipeSync(),
	gsDPSetCombineLERP(TEXEL0, 0, SHADE, 0, ENVIRONMENT, 0, SHADE, 0, TEXEL0, 0, SHADE, 0, ENVIRONMENT, 0, SHADE, 0),
	gsDPSetAlphaDither(G_AD_NOISE),
	gsDPSetTextureLUT(G_TT_RGBA16),
	gsSPTexture(65535, 65535, 0, 0, 1),
	gsDPSetTextureImage(G_IM_FMT_RGBA, G_IM_SIZ_16b, 1, pss_dl_tex1_256x256_334191e6f424a87d_14_pal_rgba16),
	gsDPSetTile(0, 0, 0, 256, 5, 0, G_TX_WRAP | G_TX_NOMIRROR, 0, 0, G_TX_WRAP | G_TX_NOMIRROR, 0, 0),
	gsDPLoadTLUTCmd(5, 64),
	gsDPSetTextureImage(G_IM_FMT_CI, G_IM_SIZ_8b_LOAD_BLOCK, 1, pss_dl_tex1_256x256_334191e6f424a87d_14_ci8),
	gsDPSetTile(G_IM_FMT_CI, G_IM_SIZ_8b_LOAD_BLOCK, 0, 0, 7, 0, G_TX_WRAP | G_TX_NOMIRROR, 0, 0, G_TX_WRAP | G_TX_NOMIRROR, 0, 0),
	gsDPLoadBlock(7, 0, 0, 511, 512),
	gsDPSetTile(G_IM_FMT_CI, G_IM_SIZ_8b, 4, 0, 0, 0, G_TX_WRAP | G_TX_NOMIRROR, 5, 0, G_TX_WRAP | G_TX_NOMIRROR, 5, 0),
	gsDPSetTileSize(0, 0, 0, 124, 124),
	gsSPEndDisplayList(),
};

Gfx mat_revert_pss_dl_f3dlite_material_042[] = {
	gsSPGeometryMode(0, G_LIGHTING),
	gsDPPipeSync(),
	gsDPSetAlphaDither(G_AD_DISABLE),
	gsDPSetTextureLUT(G_TT_NONE),
	gsSPEndDisplayList(),
};

Gfx mat_pss_dl_f3dlite_material_043[] = {
	gsSPGeometryMode(G_LIGHTING, 0),
	gsDPPipeSync(),
	gsDPSetCombineLERP(TEXEL0, 0, SHADE, 0, ENVIRONMENT, 0, SHADE, 0, TEXEL0, 0, SHADE, 0, ENVIRONMENT, 0, SHADE, 0),
	gsDPSetAlphaDither(G_AD_NOISE),
	gsDPSetTextureLUT(G_TT_RGBA16),
	gsSPTexture(65535, 65535, 0, 0, 1),
	gsDPSetTextureImage(G_IM_FMT_RGBA, G_IM_SIZ_16b, 1, pss_dl_tex1_128x128_26bdafe304a1bc13_14_pal_rgba16),
	gsDPSetTile(0, 0, 0, 256, 5, 0, G_TX_WRAP | G_TX_NOMIRROR, 0, 0, G_TX_WRAP | G_TX_NOMIRROR, 0, 0),
	gsDPLoadTLUTCmd(5, 59),
	gsDPSetTextureImage(G_IM_FMT_CI, G_IM_SIZ_8b_LOAD_BLOCK, 1, pss_dl_tex1_128x128_26bdafe304a1bc13_14_ci8),
	gsDPSetTile(G_IM_FMT_CI, G_IM_SIZ_8b_LOAD_BLOCK, 0, 0, 7, 0, G_TX_WRAP | G_TX_NOMIRROR, 0, 0, G_TX_WRAP | G_TX_NOMIRROR, 0, 0),
	gsDPLoadBlock(7, 0, 0, 511, 512),
	gsDPSetTile(G_IM_FMT_CI, G_IM_SIZ_8b, 4, 0, 0, 0, G_TX_WRAP | G_TX_NOMIRROR, 5, 0, G_TX_WRAP | G_TX_NOMIRROR, 5, 0),
	gsDPSetTileSize(0, 0, 0, 124, 124),
	gsSPEndDisplayList(),
};

Gfx mat_revert_pss_dl_f3dlite_material_043[] = {
	gsSPGeometryMode(0, G_LIGHTING),
	gsDPPipeSync(),
	gsDPSetAlphaDither(G_AD_DISABLE),
	gsDPSetTextureLUT(G_TT_NONE),
	gsSPEndDisplayList(),
};

Gfx mat_pss_dl_f3dlite_material_044[] = {
	gsSPGeometryMode(G_LIGHTING, 0),
	gsDPPipeSync(),
	gsDPSetCombineLERP(TEXEL0, 0, SHADE, 0, ENVIRONMENT, 0, SHADE, 0, TEXEL0, 0, SHADE, 0, ENVIRONMENT, 0, SHADE, 0),
	gsDPSetAlphaDither(G_AD_NOISE),
	gsDPSetTextureLUT(G_TT_RGBA16),
	gsSPTexture(65535, 65535, 0, 0, 1),
	gsDPSetTextureImage(G_IM_FMT_RGBA, G_IM_SIZ_16b, 1, pss_dl_tex1_128x128_m_e84136d5d29a146a_14_mip2_pal_rgba16),
	gsDPSetTile(0, 0, 0, 256, 5, 0, G_TX_WRAP | G_TX_NOMIRROR, 0, 0, G_TX_WRAP | G_TX_NOMIRROR, 0, 0),
	gsDPLoadTLUTCmd(5, 42),
	gsDPSetTextureImage(G_IM_FMT_CI, G_IM_SIZ_8b_LOAD_BLOCK, 1, pss_dl_tex1_128x128_m_e84136d5d29a146a_14_mip2_ci8),
	gsDPSetTile(G_IM_FMT_CI, G_IM_SIZ_8b_LOAD_BLOCK, 0, 0, 7, 0, G_TX_WRAP | G_TX_NOMIRROR, 0, 0, G_TX_WRAP | G_TX_NOMIRROR, 0, 0),
	gsDPLoadBlock(7, 0, 0, 511, 512),
	gsDPSetTile(G_IM_FMT_CI, G_IM_SIZ_8b, 4, 0, 0, 0, G_TX_WRAP | G_TX_NOMIRROR, 5, 0, G_TX_WRAP | G_TX_NOMIRROR, 5, 0),
	gsDPSetTileSize(0, 0, 0, 124, 124),
	gsSPEndDisplayList(),
};

Gfx mat_revert_pss_dl_f3dlite_material_044[] = {
	gsSPGeometryMode(0, G_LIGHTING),
	gsDPPipeSync(),
	gsDPSetAlphaDither(G_AD_DISABLE),
	gsDPSetTextureLUT(G_TT_NONE),
	gsSPEndDisplayList(),
};

Gfx mat_pss_dl_f3dlite_material_045[] = {
	gsSPGeometryMode(G_LIGHTING, 0),
	gsDPPipeSync(),
	gsDPSetCombineLERP(TEXEL0, 0, SHADE, 0, ENVIRONMENT, 0, SHADE, 0, TEXEL0, 0, SHADE, 0, ENVIRONMENT, 0, SHADE, 0),
	gsDPSetAlphaDither(G_AD_NOISE),
	gsDPSetTextureLUT(G_TT_RGBA16),
	gsSPTexture(65535, 65535, 0, 0, 1),
	gsDPSetTextureImage(G_IM_FMT_RGBA, G_IM_SIZ_16b, 1, pss_dl_SUPER_MARIO_64_A6463A8D_0_2_all_pal_rgba16),
	gsDPSetTile(0, 0, 0, 256, 5, 0, G_TX_WRAP | G_TX_NOMIRROR, 0, 0, G_TX_WRAP | G_TX_NOMIRROR, 0, 0),
	gsDPLoadTLUTCmd(5, 3),
	gsDPSetTextureImage(G_IM_FMT_CI, G_IM_SIZ_16b, 1, pss_dl_SUPER_MARIO_64_A6463A8D_0_2_all_ci4),
	gsDPSetTile(G_IM_FMT_CI, G_IM_SIZ_16b, 0, 0, 7, 0, G_TX_WRAP | G_TX_NOMIRROR, 0, 0, G_TX_WRAP | G_TX_NOMIRROR, 0, 0),
	gsDPLoadBlock(7, 0, 0, 255, 1024),
	gsDPSetTile(G_IM_FMT_CI, G_IM_SIZ_4b, 2, 0, 0, 0, G_TX_WRAP | G_TX_NOMIRROR, 5, 0, G_TX_WRAP | G_TX_NOMIRROR, 5, 0),
	gsDPSetTileSize(0, 0, 0, 124, 124),
	gsSPEndDisplayList(),
};

Gfx mat_revert_pss_dl_f3dlite_material_045[] = {
	gsSPGeometryMode(0, G_LIGHTING),
	gsDPPipeSync(),
	gsDPSetAlphaDither(G_AD_DISABLE),
	gsDPSetTextureLUT(G_TT_NONE),
	gsSPEndDisplayList(),
};

Gfx mat_pss_dl_f3dlite_material_046[] = {
	gsSPGeometryMode(G_LIGHTING, 0),
	gsDPPipeSync(),
	gsDPSetCombineLERP(TEXEL0, 0, SHADE, 0, ENVIRONMENT, 0, SHADE, 0, TEXEL0, 0, SHADE, 0, ENVIRONMENT, 0, SHADE, 0),
	gsDPSetAlphaDither(G_AD_NOISE),
	gsDPSetTextureLUT(G_TT_RGBA16),
	gsSPTexture(65535, 65535, 0, 0, 1),
	gsDPSetTextureImage(G_IM_FMT_RGBA, G_IM_SIZ_16b, 1, pss_dl_tex1_128x128_4d0cd293d030d8fa_4_pal_rgba16),
	gsDPSetTile(0, 0, 0, 256, 5, 0, G_TX_WRAP | G_TX_NOMIRROR, 0, 0, G_TX_WRAP | G_TX_NOMIRROR, 0, 0),
	gsDPLoadTLUTCmd(5, 14),
	gsDPSetTextureImage(G_IM_FMT_CI, G_IM_SIZ_16b, 1, pss_dl_tex1_128x128_4d0cd293d030d8fa_4_ci4),
	gsDPSetTile(G_IM_FMT_CI, G_IM_SIZ_16b, 0, 0, 7, 0, G_TX_WRAP | G_TX_NOMIRROR, 0, 0, G_TX_WRAP | G_TX_NOMIRROR, 0, 0),
	gsDPLoadBlock(7, 0, 0, 255, 1024),
	gsDPSetTile(G_IM_FMT_CI, G_IM_SIZ_4b, 2, 0, 0, 0, G_TX_WRAP | G_TX_NOMIRROR, 5, 0, G_TX_WRAP | G_TX_NOMIRROR, 5, 0),
	gsDPSetTileSize(0, 0, 0, 124, 124),
	gsSPEndDisplayList(),
};

Gfx mat_revert_pss_dl_f3dlite_material_046[] = {
	gsSPGeometryMode(0, G_LIGHTING),
	gsDPPipeSync(),
	gsDPSetAlphaDither(G_AD_DISABLE),
	gsDPSetTextureLUT(G_TT_NONE),
	gsSPEndDisplayList(),
};

Gfx mat_pss_dl_f3dlite_material_047[] = {
	gsSPGeometryMode(G_LIGHTING, 0),
	gsDPPipeSync(),
	gsDPSetCombineLERP(TEXEL0, 0, SHADE, 0, ENVIRONMENT, 0, SHADE, 0, TEXEL0, 0, SHADE, 0, ENVIRONMENT, 0, SHADE, 0),
	gsDPSetAlphaDither(G_AD_NOISE),
	gsDPSetTextureLUT(G_TT_RGBA16),
	gsSPTexture(65535, 65535, 0, 0, 1),
	gsDPSetTextureImage(G_IM_FMT_RGBA, G_IM_SIZ_16b, 1, pss_dl_tex1_256x256_074bab950414d116_14_pal_rgba16),
	gsDPSetTile(0, 0, 0, 256, 5, 0, G_TX_WRAP | G_TX_NOMIRROR, 0, 0, G_TX_WRAP | G_TX_NOMIRROR, 0, 0),
	gsDPLoadTLUTCmd(5, 106),
	gsDPSetTextureImage(G_IM_FMT_CI, G_IM_SIZ_8b_LOAD_BLOCK, 1, pss_dl_tex1_256x256_074bab950414d116_14_ci8),
	gsDPSetTile(G_IM_FMT_CI, G_IM_SIZ_8b_LOAD_BLOCK, 0, 0, 7, 0, G_TX_WRAP | G_TX_NOMIRROR, 0, 0, G_TX_WRAP | G_TX_NOMIRROR, 0, 0),
	gsDPLoadBlock(7, 0, 0, 511, 512),
	gsDPSetTile(G_IM_FMT_CI, G_IM_SIZ_8b, 4, 0, 0, 0, G_TX_WRAP | G_TX_NOMIRROR, 5, 0, G_TX_WRAP | G_TX_NOMIRROR, 5, 0),
	gsDPSetTileSize(0, 0, 0, 124, 124),
	gsSPEndDisplayList(),
};

Gfx mat_revert_pss_dl_f3dlite_material_047[] = {
	gsSPGeometryMode(0, G_LIGHTING),
	gsDPPipeSync(),
	gsDPSetAlphaDither(G_AD_DISABLE),
	gsDPSetTextureLUT(G_TT_NONE),
	gsSPEndDisplayList(),
};

Gfx mat_pss_dl_f3dlite_material_039[] = {
	gsSPGeometryMode(G_LIGHTING, 0),
	gsDPPipeSync(),
	gsDPSetCombineLERP(TEXEL0, 0, SHADE, 0, ENVIRONMENT, 0, SHADE, 0, TEXEL0, 0, SHADE, 0, ENVIRONMENT, 0, SHADE, 0),
	gsDPSetAlphaDither(G_AD_NOISE),
	gsSPTexture(65535, 65535, 0, 0, 1),
	gsDPSetTextureImage(G_IM_FMT_RGBA, G_IM_SIZ_16b_LOAD_BLOCK, 1, pss_dl_SUPER_MARIO_64_6AA1BE26_0_2_all_rgba16_copy),
	gsDPSetTile(G_IM_FMT_RGBA, G_IM_SIZ_16b_LOAD_BLOCK, 0, 0, 7, 0, G_TX_WRAP | G_TX_NOMIRROR, 0, 0, G_TX_WRAP | G_TX_NOMIRROR, 0, 0),
	gsDPLoadBlock(7, 0, 0, 1023, 256),
	gsDPSetTile(G_IM_FMT_RGBA, G_IM_SIZ_16b, 8, 0, 0, 0, G_TX_WRAP | G_TX_NOMIRROR, 5, 0, G_TX_WRAP | G_TX_NOMIRROR, 5, 0),
	gsDPSetTileSize(0, 0, 0, 124, 124),
	gsSPEndDisplayList(),
};

Gfx mat_revert_pss_dl_f3dlite_material_039[] = {
	gsSPGeometryMode(0, G_LIGHTING),
	gsDPPipeSync(),
	gsDPSetAlphaDither(G_AD_DISABLE),
	gsSPEndDisplayList(),
};

Gfx pss_dl_Cube_mesh_layer_1[] = {
	gsSPClearGeometryMode(G_LIGHTING),
	gsSPVertex(pss_dl_Cube_mesh_layer_1_vtx_cull + 0, 8, 0),
	gsSPSetGeometryMode(G_LIGHTING),
	gsSPCullDisplayList(0, 7),
	gsSPDisplayList(mat_pss_dl_f3dlite_material_048),
	gsSPDisplayList(pss_dl_Cube_mesh_layer_1_tri_0),
	gsSPDisplayList(mat_revert_pss_dl_f3dlite_material_048),
	gsSPEndDisplayList(),
};

Gfx pss_dl_Plane_002_mesh_layer_1[] = {
	gsSPClearGeometryMode(G_LIGHTING),
	gsSPVertex(pss_dl_Plane_002_mesh_layer_1_vtx_cull + 0, 8, 0),
	gsSPSetGeometryMode(G_LIGHTING),
	gsSPCullDisplayList(0, 7),
	gsSPDisplayList(mat_pss_dl_f3dlite_material_038),
	gsSPDisplayList(pss_dl_Plane_002_mesh_layer_1_tri_0),
	gsSPDisplayList(mat_revert_pss_dl_f3dlite_material_038),
	gsSPDisplayList(mat_pss_dl_f3dlite_material_040),
	gsSPDisplayList(pss_dl_Plane_002_mesh_layer_1_tri_1),
	gsSPDisplayList(mat_revert_pss_dl_f3dlite_material_040),
	gsSPDisplayList(mat_pss_dl_f3dlite_material_041),
	gsSPDisplayList(pss_dl_Plane_002_mesh_layer_1_tri_2),
	gsSPDisplayList(mat_revert_pss_dl_f3dlite_material_041),
	gsSPDisplayList(mat_pss_dl_f3dlite_material_042),
	gsSPDisplayList(pss_dl_Plane_002_mesh_layer_1_tri_3),
	gsSPDisplayList(mat_revert_pss_dl_f3dlite_material_042),
	gsSPDisplayList(mat_pss_dl_f3dlite_material_043),
	gsSPDisplayList(pss_dl_Plane_002_mesh_layer_1_tri_4),
	gsSPDisplayList(mat_revert_pss_dl_f3dlite_material_043),
	gsSPDisplayList(mat_pss_dl_f3dlite_material_044),
	gsSPDisplayList(pss_dl_Plane_002_mesh_layer_1_tri_5),
	gsSPDisplayList(mat_revert_pss_dl_f3dlite_material_044),
	gsSPDisplayList(mat_pss_dl_f3dlite_material_045),
	gsSPDisplayList(pss_dl_Plane_002_mesh_layer_1_tri_6),
	gsSPDisplayList(mat_revert_pss_dl_f3dlite_material_045),
	gsSPDisplayList(mat_pss_dl_f3dlite_material_046),
	gsSPDisplayList(pss_dl_Plane_002_mesh_layer_1_tri_7),
	gsSPDisplayList(mat_revert_pss_dl_f3dlite_material_046),
	gsSPDisplayList(mat_pss_dl_f3dlite_material_047),
	gsSPDisplayList(pss_dl_Plane_002_mesh_layer_1_tri_8),
	gsSPDisplayList(mat_revert_pss_dl_f3dlite_material_047),
	gsSPEndDisplayList(),
};

Gfx pss_dl_Plane_003_mesh_layer_1[] = {
	gsSPClearGeometryMode(G_LIGHTING),
	gsSPVertex(pss_dl_Plane_003_mesh_layer_1_vtx_cull + 0, 8, 0),
	gsSPSetGeometryMode(G_LIGHTING),
	gsSPCullDisplayList(0, 7),
	gsSPDisplayList(mat_pss_dl_f3dlite_material_039),
	gsSPDisplayList(pss_dl_Plane_003_mesh_layer_1_tri_0),
	gsSPDisplayList(mat_revert_pss_dl_f3dlite_material_039),
	gsDPPipeSync(),
	gsSPSetGeometryMode(G_LIGHTING),
	gsSPClearGeometryMode(G_TEXTURE_GEN),
	gsDPSetCombineLERP(0, 0, 0, SHADE, 0, 0, 0, ENVIRONMENT, 0, 0, 0, SHADE, 0, 0, 0, ENVIRONMENT),
	gsSPTexture(65535, 65535, 0, 0, 0),
	gsDPSetEnvColor(255, 255, 255, 255),
	gsDPSetAlphaCompare(G_AC_NONE),
	gsSPEndDisplayList(),
};

