Gfx lll_dl_anneau_ci8_aligner[] = {gsSPEndDisplayList()};
u8 lll_dl_anneau_ci8[] = {
	0x00, 0x00, 0x00, 0x00, 0x00, 0x00, 0x00, 0x00, 
	0x00, 0x00, 0x00, 0x01, 0x02, 0x03, 0x04, 0x05, 
	0x06, 0x07, 0x08, 0x09, 0x0a, 0x00, 0x00, 0x00, 
	0x00, 0x00, 0x00, 0x00, 0x00, 0x00, 0x00, 0x00, 
	0x00, 0x00, 0x00, 0x00, 0x00, 0x00, 0x00, 0x00, 
	0x00, 0x0b, 0x0c, 0x04, 0x0d, 0x0e, 0x0f, 0x10, 
	0x11, 0x12, 0x13, 0x14, 0x06, 0x08, 0x15, 0x16, 
	0x00, 0x00, 0x00, 0x00, 0x00, 0x00, 0x00, 0x00, 
	0x00, 0x00, 0x00, 0x00, 0x00, 0x00, 0x00, 0x16, 
	0x17, 0x18, 0x13, 0x19, 0x10, 0x11, 0x11, 0x1a, 
	0x1a, 0x1a, 0x11, 0x10, 0x10, 0x12, 0x1b, 0x1c, 
	0x1d, 0x00, 0x00, 0x00, 0x00, 0x00, 0x00, 0x00, 
	0x00, 0x00, 0x00, 0x00, 0x00, 0x00, 0x1e, 0x1f, 
	0x0e, 0x20, 0x1a, 0x19, 0x21, 0x22, 0x23, 0x23, 
	0x24, 0x25, 0x26, 0x27, 0x28, 0x1a, 0x1a, 0x29, 
	0x2a, 0x2b, 0x00, 0x00, 0x00, 0x00, 0x00, 0x00, 
	0x00, 0x00, 0x00, 0x00, 0x00, 0x2b, 0x2c, 0x13, 
	0x2d, 0x20, 0x2e, 0x2f, 0x2c, 0x03, 0x30, 0x30, 
	0x30, 0x1c, 0x31, 0x2c, 0x24, 0x27, 0x19, 0x32, 
	0x33, 0x18, 0x03, 0x00, 0x00, 0x00, 0x00, 0x00, 
	0x00, 0x00, 0x00, 0x00, 0x0b, 0x05, 0x13, 0x11, 
	0x12, 0x1b, 0x34, 0x30, 0x30, 0x30, 0x30, 0x30, 
	0x30, 0x30, 0x30, 0x30, 0x30, 0x07, 0x26, 0x35, 
	0x20, 0x33, 0x0d, 0x17, 0x00, 0x00, 0x00, 0x00, 
	0x00, 0x00, 0x00, 0x16, 0x31, 0x13, 0x11, 0x33, 
	0x26, 0x36, 0x30, 0x30, 0x30, 0x30, 0x30, 0x30, 
	0x30, 0x30, 0x30, 0x30, 0x30, 0x30, 0x31, 0x23, 
	0x2e, 0x20, 0x10, 0x2a, 0x37, 0x00, 0x00, 0x00, 
	0x00, 0x00, 0x00, 0x38, 0x39, 0x2d, 0x19, 0x22, 
	0x07, 0x30, 0x30, 0x30, 0x30, 0x30, 0x30, 0x30, 
	0x30, 0x30, 0x30, 0x30, 0x30, 0x30, 0x30, 0x30, 
	0x23, 0x0e, 0x3a, 0x19, 0x03, 0x3b, 0x00, 0x00, 
	0x00, 0x00, 0x3c, 0x2c, 0x2d, 0x1a, 0x3d, 0x07, 
	0x0c, 0x30, 0x30, 0x30, 0x30, 0x30, 0x30, 0x30, 
	0x30, 0x30, 0x30, 0x30, 0x30, 0x30, 0x30, 0x30, 
	0x03, 0x2f, 0x10, 0x3e, 0x26, 0x3f, 0x00, 0x00, 
	0x00, 0x00, 0x37, 0x0e, 0x2d, 0x13, 0x23, 0x03, 
	0x30, 0x30, 0x30, 0x30, 0x30, 0x30, 0x30, 0x30, 
	0x30, 0x30, 0x30, 0x30, 0x30, 0x30, 0x30, 0x30, 
	0x30, 0x36, 0x3d, 0x1a, 0x12, 0x1f, 0x00, 0x00, 
	0x00, 0x3b, 0x31, 0x32, 0x11, 0x25, 0x1f, 0x30, 
	0x30, 0x30, 0x30, 0x30, 0x30, 0x30, 0x30, 0x30, 
	0x30, 0x30, 0x30, 0x30, 0x30, 0x30, 0x30, 0x30, 
	0x30, 0x30, 0x06, 0x33, 0x1a, 0x2f, 0x40, 0x00, 
	0x00, 0x0a, 0x23, 0x3e, 0x13, 0x06, 0x1c, 0x30, 
	0x30, 0x30, 0x30, 0x30, 0x30, 0x30, 0x30, 0x30, 
	0x30, 0x30, 0x30, 0x30, 0x30, 0x30, 0x30, 0x30, 
	0x30, 0x30, 0x30, 0x21, 0x1a, 0x27, 0x2b, 0x00, 
	0x00, 0x2b, 0x27, 0x2d, 0x22, 0x07, 0x30, 0x30, 
	0x30, 0x30, 0x30, 0x30, 0x30, 0x30, 0x30, 0x30, 
	0x30, 0x30, 0x30, 0x30, 0x30, 0x30, 0x30, 0x30, 
	0x30, 0x30, 0x30, 0x2f, 0x19, 0x28, 0x04, 0x00, 
	0x00, 0x31, 0x12, 0x1a, 0x41, 0x31, 0x30, 0x30, 
	0x30, 0x30, 0x30, 0x30, 0x30, 0x30, 0x30, 0x30, 
	0x30, 0x30, 0x30, 0x30, 0x30, 0x30, 0x30, 0x30, 
	0x30, 0x30, 0x30, 0x42, 0x33, 0x10, 0x24, 0x00, 
	0x00, 0x04, 0x11, 0x1a, 0x06, 0x0c, 0x30, 0x30, 
	0x30, 0x30, 0x30, 0x30, 0x30, 0x30, 0x30, 0x30, 
	0x30, 0x30, 0x30, 0x30, 0x30, 0x30, 0x30, 0x30, 
	0x30, 0x30, 0x30, 0x07, 0x28, 0x1a, 0x43, 0x00, 
	0x00, 0x42, 0x2d, 0x11, 0x2c, 0x09, 0x30, 0x30, 
	0x30, 0x30, 0x30, 0x30, 0x30, 0x30, 0x30, 0x30, 
	0x30, 0x30, 0x30, 0x30, 0x30, 0x30, 0x30, 0x30, 
	0x30, 0x30, 0x30, 0x44, 0x35, 0x3e, 0x21, 0x00, 
	0x00, 0x06, 0x3e, 0x11, 0x07, 0x09, 0x30, 0x30, 
	0x30, 0x30, 0x30, 0x30, 0x30, 0x30, 0x30, 0x30, 
	0x30, 0x30, 0x30, 0x30, 0x30, 0x30, 0x30, 0x30, 
	0x30, 0x30, 0x30, 0x31, 0x35, 0x3e, 0x39, 0x00, 
	0x00, 0x2c, 0x32, 0x1a, 0x34, 0x0c, 0x30, 0x30, 
	0x30, 0x30, 0x30, 0x30, 0x30, 0x30, 0x30, 0x30, 
	0x30, 0x30, 0x30, 0x30, 0x30, 0x30, 0x30, 0x30, 
	0x30, 0x30, 0x30, 0x44, 0x35, 0x2d, 0x1b, 0x00, 
	0x00, 0x08, 0x19, 0x1a, 0x42, 0x31, 0x30, 0x30, 
	0x30, 0x30, 0x30, 0x30, 0x30, 0x30, 0x30, 0x30, 
	0x30, 0x30, 0x30, 0x30, 0x30, 0x30, 0x30, 0x30, 
	0x30, 0x30, 0x30, 0x07, 0x29, 0x11, 0x0d, 0x00, 
	0x00, 0x45, 0x0e, 0x2d, 0x23, 0x1f, 0x30, 0x30, 
	0x30, 0x30, 0x30, 0x30, 0x30, 0x30, 0x30, 0x30, 
	0x30, 0x30, 0x30, 0x30, 0x30, 0x30, 0x30, 0x30, 
	0x30, 0x30, 0x03, 0x41, 0x12, 0x12, 0x05, 0x00, 
	0x00, 0x38, 0x0d, 0x2d, 0x3d, 0x2c, 0x03, 0x30, 
	0x30, 0x30, 0x30, 0x30, 0x30, 0x30, 0x30, 0x30, 
	0x30, 0x30, 0x30, 0x30, 0x30, 0x30, 0x30, 0x30, 
	0x30, 0x30, 0x1f, 0x46, 0x10, 0x0e, 0x0c, 0x00, 
	0x00, 0x3c, 0x2c, 0x2d, 0x19, 0x41, 0x31, 0x03, 
	0x30, 0x30, 0x30, 0x30, 0x30, 0x30, 0x30, 0x30, 
	0x30, 0x30, 0x30, 0x30, 0x30, 0x30, 0x30, 0x30, 
	0x30, 0x1c, 0x34, 0x29, 0x2d, 0x14, 0x0a, 0x00, 
	0x00, 0x00, 0x09, 0x19, 0x2d, 0x43, 0x07, 0x03, 
	0x03, 0x30, 0x30, 0x30, 0x30, 0x30, 0x30, 0x30, 
	0x30, 0x30, 0x30, 0x30, 0x30, 0x30, 0x30, 0x30, 
	0x30, 0x36, 0x22, 0x1a, 0x1a, 0x06, 0x3b, 0x00, 
	0x00, 0x00, 0x1d, 0x24, 0x3e, 0x12, 0x18, 0x03, 
	0x31, 0x30, 0x30, 0x30, 0x30, 0x30, 0x30, 0x30, 
	0x30, 0x30, 0x30, 0x30, 0x30, 0x30, 0x30, 0x30, 
	0x03, 0x23, 0x28, 0x3e, 0x21, 0x17, 0x00, 0x00, 
	0x00, 0x00, 0x16, 0x2b, 0x28, 0x32, 0x39, 0x2c, 
	0x31, 0x47, 0x30, 0x30, 0x30, 0x30, 0x30, 0x30, 
	0x30, 0x30, 0x30, 0x30, 0x30, 0x30, 0x30, 0x1c, 
	0x42, 0x3d, 0x2d, 0x11, 0x07, 0x38, 0x00, 0x00, 
	0x00, 0x00, 0x00, 0x1d, 0x42, 0x0f, 0x19, 0x1b, 
	0x2c, 0x44, 0x31, 0x1c, 0x30, 0x30, 0x30, 0x30, 
	0x30, 0x30, 0x30, 0x30, 0x30, 0x30, 0x03, 0x42, 
	0x1b, 0x12, 0x32, 0x26, 0x38, 0x00, 0x00, 0x00, 
	0x00, 0x00, 0x00, 0x00, 0x2b, 0x24, 0x19, 0x10, 
	0x21, 0x23, 0x07, 0x31, 0x03, 0x30, 0x30, 0x30, 
	0x30, 0x30, 0x30, 0x30, 0x30, 0x03, 0x24, 0x21, 
	0x19, 0x10, 0x21, 0x1f, 0x16, 0x00, 0x00, 0x00, 
	0x00, 0x00, 0x00, 0x00, 0x00, 0x03, 0x0d, 0x10, 
	0x48, 0x29, 0x22, 0x06, 0x2c, 0x44, 0x03, 0x0c, 
	0x30, 0x30, 0x30, 0x31, 0x42, 0x25, 0x35, 0x2d, 
	0x11, 0x27, 0x2a, 0x00, 0x00, 0x00, 0x00, 0x00, 
	0x00, 0x00, 0x00, 0x00, 0x00, 0x00, 0x17, 0x24, 
	0x10, 0x32, 0x10, 0x13, 0x22, 0x23, 0x41, 0x42, 
	0x42, 0x49, 0x23, 0x26, 0x0e, 0x20, 0x1a, 0x10, 
	0x43, 0x1c, 0x00, 0x00, 0x00, 0x00, 0x00, 0x00, 
	0x00, 0x00, 0x00, 0x00, 0x00, 0x00, 0x00, 0x37, 
	0x04, 0x27, 0x19, 0x10, 0x12, 0x28, 0x28, 0x28, 
	0x28, 0x33, 0x33, 0x12, 0x19, 0x20, 0x29, 0x06, 
	0x45, 0x16, 0x00, 0x00, 0x00, 0x00, 0x00, 0x00, 
	0x00, 0x00, 0x00, 0x00, 0x00, 0x00, 0x00, 0x00, 
	0x01, 0x4a, 0x23, 0x22, 0x39, 0x12, 0x10, 0x32, 
	0x2d, 0x11, 0x19, 0x13, 0x43, 0x41, 0x07, 0x38, 
	0x00, 0x00, 0x00, 0x00, 0x00, 0x00, 0x00, 0x00, 
	0x00, 0x00, 0x00, 0x00, 0x00, 0x00, 0x00, 0x00, 
	0x00, 0x00, 0x00, 0x3f, 0x08, 0x18, 0x26, 0x21, 
	0x39, 0x1b, 0x2f, 0x07, 0x2b, 0x01, 0x00, 0x00, 
	0x00, 0x00, 0x00, 0x00, 0x00, 0x00, 0x00, 0x00, 
	
};

Gfx lll_dl_anneau_pal_rgba16_aligner[] = {gsSPEndDisplayList()};
u8 lll_dl_anneau_pal_rgba16[] = {
	0x00, 0x00, 0xc6, 0x31, 0xad, 0x2b, 0x94, 0x65, 
	0x84, 0x21, 0x7b, 0xdf, 0x7b, 0x9d, 0x83, 0xe1, 
	0x8c, 0x63, 0xa4, 0xe9, 0xbd, 0xef, 0xbd, 0xaf, 
	0x9c, 0xa7, 0x63, 0x19, 0x4a, 0x13, 0x39, 0xcf, 
	0x31, 0x4d, 0x31, 0x4b, 0x39, 0x8f, 0x4a, 0x11, 
	0x5a, 0xd7, 0xb5, 0x6d, 0xce, 0x73, 0xa4, 0xe7, 
	0x6b, 0x5b, 0x39, 0x8d, 0x31, 0x0b, 0x5a, 0x95, 
	0x9c, 0xa5, 0xc5, 0xef, 0xbd, 0xad, 0x8c, 0x21, 
	0x39, 0x4d, 0x52, 0x53, 0x62, 0xd9, 0x73, 0x5b, 
	0x6b, 0x1b, 0x6a, 0xd9, 0x62, 0xd7, 0x52, 0x55, 
	0x41, 0xcf, 0x41, 0xd1, 0x73, 0x9d, 0xa5, 0x29, 
	0x83, 0xdf, 0x29, 0x09, 0x52, 0x13, 0x6b, 0x19, 
	0xef, 0x7a, 0x94, 0x63, 0x29, 0x0b, 0x41, 0x8f, 
	0x83, 0x9f, 0x49, 0xd1, 0x8b, 0xe1, 0xad, 0x6b, 
	0xb5, 0xad, 0x4a, 0x53, 0x28, 0xc9, 0xc6, 0x30, 
	0xbd, 0xee, 0x5a, 0x55, 0x20, 0xc9, 0xb5, 0x6b, 
	0xb5, 0x6a, 0x73, 0x5d, 0x7b, 0x9f, 0x5a, 0x97, 
	0x8c, 0x23, 0x9c, 0xe7, 0x62, 0x97, 0x9c, 0x65, 
	0x20, 0xc7, 0x7b, 0x5d, 0x94, 0xa5, 
};

Gfx lll_dl_tex1_128x128_b53e167bdc655fa5_14_ci8_aligner[] = {gsSPEndDisplayList()};
u8 lll_dl_tex1_128x128_b53e167bdc655fa5_14_ci8[] = {
	0x00, 0x00, 0x01, 0x02, 0x03, 0x04, 0x05, 0x05, 
	0x06, 0x07, 0x08, 0x09, 0x0a, 0x01, 0x0b, 0x08, 
	0x0a, 0x0c, 0x0d, 0x0e, 0x0f, 0x10, 0x11, 0x12, 
	0x13, 0x14, 0x15, 0x16, 0x17, 0x18, 0x19, 0x1a, 
	0x1b, 0x1c, 0x1d, 0x1d, 0x1d, 0x1e, 0x1e, 0x05, 
	0x1f, 0x1f, 0x03, 0x02, 0x1d, 0x20, 0x08, 0x21, 
	0x22, 0x23, 0x24, 0x25, 0x26, 0x27, 0x25, 0x19, 
	0x28, 0x19, 0x29, 0x28, 0x2a, 0x2b, 0x2c, 0x2d, 
	0x2e, 0x11, 0x2f, 0x2f, 0x30, 0x0b, 0x1d, 0x31, 
	0x32, 0x33, 0x02, 0x34, 0x35, 0x02, 0x2f, 0x36, 
	0x0b, 0x37, 0x38, 0x28, 0x39, 0x22, 0x15, 0x1a, 
	0x3a, 0x2f, 0x19, 0x3b, 0x3c, 0x29, 0x3d, 0x2a, 
	0x3e, 0x28, 0x22, 0x02, 0x19, 0x3f, 0x15, 0x08, 
	0x40, 0x41, 0x08, 0x1d, 0x42, 0x43, 0x15, 0x44, 
	0x45, 0x46, 0x12, 0x2a, 0x00, 0x24, 0x3e, 0x28, 
	0x43, 0x47, 0x24, 0x48, 0x49, 0x4a, 0x17, 0x4b, 
	0x12, 0x1c, 0x00, 0x25, 0x4c, 0x3c, 0x12, 0x2e, 
	0x15, 0x28, 0x29, 0x03, 0x4d, 0x4e, 0x4f, 0x50, 
	0x40, 0x1f, 0x46, 0x09, 0x01, 0x51, 0x2c, 0x52, 
	0x24, 0x51, 0x3a, 0x36, 0x36, 0x52, 0x53, 0x54, 
	0x22, 0x55, 0x56, 0x57, 0x29, 0x52, 0x54, 0x2d, 
	0x2d, 0x11, 0x01, 0x08, 0x58, 0x08, 0x0b, 0x24, 
	0x46, 0x59, 0x31, 0x5a, 0x21, 0x50, 0x29, 0x0b, 
	0x37, 0x5b, 0x5c, 0x5d, 0x5e, 0x4e, 0x52, 0x28, 
	0x5f, 0x51, 0x04, 0x28, 0x29, 0x60, 0x15, 0x14, 
	0x61, 0x3e, 0x40, 0x15, 0x36, 0x62, 0x37, 0x63, 
	0x00, 0x00, 0x64, 0x1f, 0x33, 0x65, 0x58, 0x66, 
	0x67, 0x68, 0x69, 0x6a, 0x58, 0x00, 0x00, 0x15, 
	0x15, 0x47, 0x47, 0x08, 0x2d, 0x29, 0x15, 0x2a, 
	0x6b, 0x6c, 0x51, 0x51, 0x4e, 0x6d, 0x6e, 0x50, 
	0x6d, 0x63, 0x37, 0x36, 0x38, 0x58, 0x36, 0x4e, 
	0x5d, 0x36, 0x4e, 0x68, 0x24, 0x33, 0x09, 0x16, 
	0x6f, 0x47, 0x39, 0x12, 0x11, 0x70, 0x11, 0x71, 
	0x72, 0x73, 0x51, 0x22, 0x29, 0x74, 0x07, 0x65, 
	0x75, 0x76, 0x22, 0x77, 0x5b, 0x5e, 0x5b, 0x0b, 
	0x36, 0x78, 0x0b, 0x24, 0x79, 0x29, 0x39, 0x22, 
	0x41, 0x15, 0x12, 0x7a, 0x7b, 0x7c, 0x7d, 0x7e, 
	0x7f, 0x6f, 0x80, 0x81, 0x28, 0x4e, 0x06, 0x31, 
	0x82, 0x83, 0x78, 0x36, 0x84, 0x53, 0x38, 0x85, 
	0x4f, 0x24, 0x14, 0x12, 0x62, 0x4e, 0x41, 0x11, 
	0x52, 0x86, 0x15, 0x11, 0x28, 0x12, 0x87, 0x88, 
	0x89, 0x8a, 0x12, 0x3a, 0x11, 0x0b, 0x59, 0x8b, 
	0x05, 0x8c, 0x02, 0x3c, 0x1c, 0x7a, 0x58, 0x09, 
	0x09, 0x52, 0x55, 0x16, 0x8d, 0x41, 0x41, 0x62, 
	0x8e, 0x2a, 0x2a, 0x8f, 0x90, 0x18, 0x91, 0x92, 
	0x93, 0x15, 0x7b, 0x47, 0x51, 0x3c, 0x40, 0x8b, 
	0x94, 0x1f, 0x02, 0x3c, 0x50, 0x0b, 0x4e, 0x8d, 
	0x1b, 0x95, 0x96, 0x97, 0x98, 0x8d, 0x41, 0x99, 
	0x54, 0x17, 0x9a, 0x2d, 0x6f, 0x9b, 0x9c, 0x7a, 
	0x60, 0x9d, 0x60, 0x39, 0x56, 0x9d, 0x15, 0x41, 
	0x8b, 0x0a, 0x0a, 0x25, 0x57, 0x81, 0x85, 0x55, 
	0x9e, 0x95, 0x98, 0x87, 0x17, 0x9e, 0x9f, 0xa0, 
	0x2a, 0xa1, 0xa2, 0xa0, 0x56, 0xa1, 0x9a, 0xa3, 
	0x7b, 0x6f, 0x3f, 0xa4, 0x6f, 0x11, 0x85, 0x29, 
	0x0b, 0x5f, 0x2b, 0x02, 0x41, 0x0b, 0x22, 0xa5, 
	0x99, 0x84, 0x16, 0xa6, 0xa7, 0xa0, 0x9c, 0x3e, 
	0xa4, 0x41, 0xa8, 0xa9, 0xa1, 0x6c, 0xaa, 0xab, 
	0x18, 0x97, 0xac, 0x17, 0x52, 0x2c, 0x15, 0x3b, 
	0x08, 0x50, 0x08, 0xad, 0x46, 0x04, 0x57, 0x51, 
	0x98, 0x53, 0x1c, 0xa7, 0x17, 0x17, 0x3e, 0x18, 
	0x56, 0x70, 0x6b, 0xae, 0xaf, 0xb0, 0xb1, 0x11, 
	0xb2, 0xb3, 0xb3, 0x3e, 0xb4, 0x13, 0x1a, 0xaa, 
	0x15, 0x17, 0x15, 0x56, 0x5f, 0x46, 0x01, 0x2f, 
	0x43, 0x52, 0x7c, 0x9a, 0x3e, 0xb5, 0xb6, 0x2a, 
	0xb7, 0x2d, 0x91, 0xb8, 0xb9, 0xb3, 0xa0, 0x7a, 
	0xba, 0x91, 0xa5, 0xbb, 0xa5, 0xbc, 0xbd, 0xbe, 
	0xba, 0xbe, 0x17, 0x02, 0x3c, 0x09, 0x29, 0x47, 
	0xab, 0x9d, 0x52, 0xbf, 0x6f, 0x3d, 0xc0, 0xc1, 
	0x8f, 0xaa, 0xc2, 0xc3, 0xc4, 0x9e, 0x3d, 0x3d, 
	0x9e, 0xc5, 0xc6, 0xc0, 0x91, 0x6b, 0xa7, 0xc7, 
	0x9b, 0x18, 0x3a, 0x01, 0xc8, 0x01, 0x3b, 0x56, 
	0xc9, 0x7b, 0x15, 0xbe, 0xba, 0xba, 0xa5, 0x91, 
	0xa7, 0x81, 0xca, 0x3d, 0xb8, 0x9a, 0x88, 0xac, 
	0x55, 0xcb, 0xcc, 0x7a, 0x6f, 0x7b, 0xcd, 0x91, 
	0x3e, 0x51, 0x01, 0x0a, 0xce, 0x2f, 0xcf, 0x0d, 
	0xd0, 0x3b, 0xaa, 0x10, 0x81, 0xd1, 0xd2, 0x2c, 
	0xd3, 0xd3, 0x8e, 0x91, 0x98, 0x3e, 0x1a, 0xd0, 
	0xa3, 0xa3, 0xd4, 0xa5, 0x6f, 0x41, 0x2d, 0x8d, 
	0xd5, 0xab, 0x01, 0x0d, 0xd6, 0x03, 0xd6, 0x30, 
	0xd7, 0x92, 0x70, 0xd8, 0xd9, 0xda, 0xdb, 0x6f, 
	0xbd, 0xac, 0x3e, 0x2d, 0x2a, 0x8d, 0x52, 0x70, 
	0x81, 0x3b, 0x29, 0x54, 0x7b, 0x29, 0x6f, 0x1a, 
	0x08, 0x14, 0x51, 0x43, 0x0d, 0x4c, 0x0f, 0x27, 
	0xdb, 0xdc, 0xdd, 0xde, 0xdf, 0x92, 0x8a, 0xe0, 
	0xb4, 0x56, 0x39, 0x22, 0x12, 0x14, 0x8d, 0x24, 
	0x2a, 0x2a, 0x2d, 0x4a, 0x29, 0x28, 0x11, 0xd9, 
	0x51, 0x01, 0x51, 0x43, 0x4c, 0xe1, 0xe2, 0xcf, 
	0x2f, 0x43, 0x34, 0xcf, 0x70, 0x92, 0xe3, 0x2d, 
	0x18, 0x86, 0x41, 0x52, 0x8d, 0x39, 0x04, 0x24, 
	0x19, 0x11, 0x2a, 0x1b, 0x1c, 0x0b, 0x3a, 0x41, 
	0x5f, 0x04, 0x0a, 0x5f, 0x35, 0xe4, 0xe2, 0x34, 
	0x0d, 0xab, 0x25, 0xdd, 0xd0, 0x6f, 0x3b, 0xe5, 
	0x39, 0xe6, 0x13, 0x77, 0x28, 0x3a, 0xab, 0x43, 
	0x04, 0x51, 0x1d, 0xb4, 0x2a, 0x50, 0x08, 0x5f, 
	0x28, 0x5f, 0xe7, 0x08, 0x93, 0xc9, 0xe8, 0x0f, 
	0xd6, 0xd6, 0xe9, 0xd9, 0xcd, 0x11, 0xab, 0x29, 
	0x08, 0x47, 0x0c, 0x5f, 0xea, 0xeb, 0x2f, 0x03, 
	0x01, 0x43, 0x2f, 0x08, 0x0b, 0x0a, 0x08, 0x3a, 
	0x39, 0x41, 0x11, 0x28, 0x29, 0x01, 0x0c, 0x57, 
	0x34, 0xdc, 0xec, 0xd9, 0x3e, 0xab, 0x25, 0x0d, 
	0x47, 0x0d, 0x43, 0x2f, 0x43, 0x02, 0x8c, 0x43, 
	0xed, 0x1e, 0x8c, 0x8c, 0x3c, 0x43, 0x2b, 0x22, 
	0x41, 0x7a, 0x3b, 0x0d, 0x2b, 0xdc, 0xee, 0x88, 
	0xef, 0xd7, 0x35, 0x0d, 0xe9, 0xc9, 0x4d, 0x0d, 
	0x0d, 0xab, 0x30, 0x8c, 0x8c, 0x1d, 0x1d, 0x02, 
	0x04, 0x5a, 0xf0, 0x8c, 0x3c, 0x4d, 0xd6, 0xe6, 
	0x19, 0x0b, 0x22, 0xab, 0x27, 0x7a, 0xf1, 0x55, 
	0xf2, 0xdc, 0x35, 0xd0, 0x35, 0xf3, 0xd7, 0x47, 
	0x2f, 0xc8, 0x08, 0x1d, 0x1e, 0x03, 0x1e, 0x03, 
	0xf4, 0x08, 0x50, 0x40, 0x83, 0x22, 0x02, 0x43, 
	0x03, 0x25, 0x11, 0xa3, 0x6f, 0xc2, 0xa1, 0x6b, 
	0x56, 0xe2, 0xf5, 0x0d, 0x35, 0x0d, 0x0d, 0x3a, 
	0xab, 0x0d, 0x09, 0x09, 0x8b, 0x1e, 0x1e, 0x0a, 
	0x05, 0x20, 0xf6, 0x94, 0x20, 0x0a, 0x47, 0x03, 
	0x34, 0x0d, 0x3b, 0x7a, 0xf7, 0x8f, 0x8f, 0x18, 
	0x81, 0x35, 0xab, 0xd0, 0xd6, 0x0d, 0x30, 0x43, 
	0x0d, 0x34, 0x02, 0x08, 0x5f, 0x30, 0xf8, 0x40, 
	0xf9, 0xf6, 0x31, 0x1d, 0x20, 0xfa, 0x16, 0x59, 
	0x7b, 0x16, 0x12, 0xcf, 0x11, 0xfb, 0x52, 0x4a, 
	0xa3, 0xdd, 0xdd, 0x4d, 0xd6, 0x0d, 0x57, 0xcf, 
	0x02, 0x1e, 0x02, 0x59, 0x40, 0x1e, 0x1d, 0x32, 
	0xfc, 0xfc, 0x69, 0x69, 0x50, 0x00, 0x49, 0x3a, 
	0x22, 0x2d, 0x56, 0xe9, 0x7b, 0x41, 0x3f, 0x28, 
	0x60, 0x12, 0x9b, 0x70, 0xd7, 0x47, 0xab, 0x2b, 
	0x2f, 0x02, 0x01, 0x08, 0xeb, 0xf8, 0x1d, 0x1f, 
	0x50, 0x68, 0xfd, 0x40, 0x08, 0x0b, 0x08, 0x39, 
	0x51, 0xfe, 0x11, 0x28, 0x28, 0x2d, 0x15, 0x3b, 
	0x18, 0xff, 0xcf, 0xa7, 0x18, 0x29, 0x0d, 0x0d, 
	
};

Gfx lll_dl_tex1_128x128_b53e167bdc655fa5_14_pal_rgba16_aligner[] = {gsSPEndDisplayList()};
u8 lll_dl_tex1_128x128_b53e167bdc655fa5_14_pal_rgba16[] = {
	0xe1, 0xc3, 0xb9, 0x41, 0xa9, 0x01, 0x90, 0xc1, 
	0xc1, 0x41, 0xa8, 0xc1, 0xd9, 0x41, 0xe9, 0xc5, 
	0xc9, 0x83, 0xd1, 0x83, 0xc1, 0x43, 0xd9, 0xc3, 
	0xa1, 0x03, 0x91, 0x01, 0xba, 0x45, 0x68, 0x81, 
	0xba, 0x03, 0xc1, 0xc3, 0xca, 0x03, 0xca, 0x05, 
	0xd1, 0xc1, 0xd2, 0x03, 0xda, 0x45, 0xe2, 0x85, 
	0xc2, 0x03, 0xb9, 0x83, 0xb1, 0x81, 0xe2, 0x87, 
	0xe2, 0x45, 0xb1, 0x01, 0x98, 0xc1, 0xc1, 0x01, 
	0xb1, 0x03, 0xe2, 0x05, 0xc1, 0x83, 0xfb, 0x09, 
	0xe2, 0x03, 0xa1, 0x43, 0x48, 0x81, 0x99, 0x43, 
	0xc9, 0xc3, 0xd1, 0xc3, 0xe2, 0x43, 0xb1, 0x43, 
	0xe2, 0x83, 0xda, 0x43, 0xf3, 0x8b, 0xa1, 0x01, 
	0x88, 0xc1, 0xd9, 0x43, 0xe9, 0x83, 0xf1, 0xc3, 
	0x80, 0xc1, 0x70, 0xc1, 0xea, 0x45, 0xf2, 0x45, 
	0xf2, 0x87, 0xb9, 0x81, 0xc1, 0x81, 0xb1, 0x83, 
	0xb9, 0x43, 0xf3, 0x87, 0xea, 0xc5, 0xc2, 0x05, 
	0xc9, 0x41, 0xda, 0x03, 0x90, 0x81, 0x99, 0x01, 
	0xfa, 0x43, 0xe9, 0xc1, 0xd9, 0x81, 0xa9, 0x41, 
	0xc9, 0xc5, 0xd2, 0x05, 0xeb, 0x07, 0xfc, 0x09, 
	0x70, 0x81, 0x91, 0x03, 0xea, 0x03, 0xf2, 0x43, 
	0xd9, 0x83, 0xb1, 0x41, 0xea, 0x85, 0xfb, 0x07, 
	0xf3, 0x47, 0xeb, 0x49, 0xb9, 0xc3, 0xa9, 0x43, 
	0xe9, 0xc3, 0xd1, 0x81, 0xb9, 0x03, 0xfa, 0xc7, 
	0xe3, 0x4f, 0xf2, 0x47, 0xfa, 0x87, 0xc9, 0x81, 
	0xd2, 0x01, 0xf2, 0xc7, 0xf2, 0x85, 0xf2, 0x05, 
	0xd1, 0x43, 0xf1, 0xc5, 0xe2, 0xc7, 0xf3, 0x09, 
	0xea, 0x05, 0xfa, 0x03, 0xea, 0x47, 0xe3, 0x47, 
	0xda, 0xc7, 0xe1, 0x83, 0xe1, 0x85, 0xd2, 0x43, 
	0xb1, 0xc3, 0x79, 0x83, 0xd3, 0xcb, 0xe4, 0x0d, 
	0xda, 0x47, 0xda, 0x07, 0xc9, 0x85, 0xfa, 0x85, 
	0xd9, 0xc5, 0xda, 0x01, 0xda, 0x85, 0xc9, 0xc1, 
	0xe3, 0x89, 0xca, 0x87, 0xb3, 0x09, 0x82, 0x89, 
	0xdb, 0x09, 0xa1, 0x83, 0xe1, 0x41, 0xe1, 0xc5, 
	0xfb, 0x49, 0xda, 0x05, 0xea, 0xc7, 0xdb, 0x07, 
	0xc2, 0x45, 0xc2, 0x43, 0x99, 0x81, 0xb9, 0x01, 
	0xa0, 0xc1, 0xea, 0x43, 0xfb, 0x47, 0xda, 0xc5, 
	0xcb, 0x05, 0xeb, 0x05, 0xb2, 0x03, 0xca, 0x43, 
	0xb0, 0xc1, 0xfb, 0xcb, 0xf3, 0x49, 0xf3, 0x07, 
	0xf2, 0xc5, 0xfb, 0xc9, 0xf3, 0xc9, 0xda, 0x83, 
	0xf3, 0x89, 0xc1, 0xc1, 0xf4, 0x0b, 0xeb, 0xc9, 
	0xf4, 0x09, 0xeb, 0x89, 0xfd, 0x51, 0xca, 0x45, 
	0xca, 0x01, 0xeb, 0x47, 0xda, 0x87, 0xe3, 0x07, 
	0xdc, 0x4d, 0xff, 0x19, 0xb9, 0xc1, 0xa1, 0x41, 
	0xd2, 0xc7, 0xfb, 0x05, 0xfd, 0xd1, 0xfe, 0x13, 
	0xf4, 0x4d, 0xca, 0xc7, 0xa9, 0xc3, 0xeb, 0x87, 
	0xd2, 0x45, 0xea, 0xc3, 0xf2, 0xc3, 0xe2, 0x01, 
	0xfc, 0x8b, 0xec, 0x4b, 0xe2, 0xc5, 0xfa, 0xc5, 
	0xd3, 0x05, 0xd2, 0xc5, 0xd2, 0x85, 0xf3, 0x05, 
	0xea, 0x83, 0xf2, 0x81, 0xc2, 0x85, 0xe4, 0xd1, 
	0xd3, 0x89, 0xfe, 0x59, 0xdb, 0xcb, 0xe3, 0x05, 
	0xa9, 0x03, 0xa9, 0x83, 0x91, 0x83, 0xfd, 0x53, 
	0xf4, 0xcf, 0xca, 0x85, 0x99, 0x03, 0x89, 0x01, 
	0x99, 0x41, 0x9a, 0x45, 0xc3, 0x05, 0xfc, 0xcd, 
	0xec, 0x8f, 0xdb, 0x05, 0x78, 0xc1, 0x81, 0x01, 
	0xaa, 0x03, 0xa1, 0xc3, 0x71, 0x01, 0x91, 0x41, 
	0x91, 0x43, 0x79, 0x01, 0xa2, 0x45, 0xd2, 0x83, 
	0xba, 0x05, 0x58, 0x41, 0x60, 0x81, 0xd2, 0x41, 
	0x10, 0x01, 0xe2, 0x41, 0x89, 0x03, 0xd9, 0xc1, 
	0x58, 0xc1, 0xa9, 0x81, 0xd1, 0xc5, 0xc9, 0x43, 
	0x71, 0x43, 0x88, 0x81, 0x79, 0xc5, 0xa9, 0xc5, 
	0xc9, 0x45, 0xf4, 0x4b, 0xd2, 0x87, 0x79, 0x03, 
	0x80, 0x81, 0x68, 0xc1, 0xf1, 0x83, 0xda, 0xc3, 
	0xc1, 0x03, 0xe9, 0x85, 0xf3, 0x0b, 0xfb, 0x87, 
	0xfa, 0x07, 0xf2, 0x03, 0xb1, 0xc1, 0xc2, 0x01, 
	
};

Gfx lll_dl_tex1_128x128_76fef9c297125c7b_14_ci8_aligner[] = {gsSPEndDisplayList()};
u8 lll_dl_tex1_128x128_76fef9c297125c7b_14_ci8[] = {
	0x00, 0x01, 0x02, 0x03, 0x04, 0x05, 0x06, 0x07, 
	0x08, 0x09, 0x0a, 0x09, 0x0a, 0x0b, 0x0b, 0x0a, 
	0x0c, 0x02, 0x08, 0x07, 0x0d, 0x0e, 0x0f, 0x07, 
	0x07, 0x10, 0x11, 0x07, 0x10, 0x07, 0x12, 0x12, 
	0x13, 0x14, 0x03, 0x01, 0x08, 0x01, 0x0c, 0x0f, 
	0x02, 0x15, 0x0e, 0x16, 0x0e, 0x17, 0x0e, 0x18, 
	0x19, 0x1a, 0x1a, 0x1b, 0x12, 0x1c, 0x1c, 0x09, 
	0x0a, 0x05, 0x05, 0x0a, 0x05, 0x05, 0x0a, 0x1d, 
	0x17, 0x08, 0x19, 0x08, 0x1e, 0x0e, 0x1f, 0x12, 
	0x1d, 0x15, 0x12, 0x0e, 0x20, 0x00, 0x00, 0x16, 
	0x1a, 0x1a, 0x15, 0x08, 0x21, 0x08, 0x08, 0x01, 
	0x08, 0x17, 0x08, 0x0e, 0x08, 0x08, 0x01, 0x21, 
	0x08, 0x19, 0x08, 0x21, 0x21, 0x08, 0x08, 0x22, 
	0x1d, 0x0e, 0x0e, 0x1b, 0x12, 0x0e, 0x17, 0x16, 
	0x17, 0x08, 0x19, 0x19, 0x0e, 0x08, 0x17, 0x08, 
	0x08, 0x08, 0x1a, 0x1a, 0x08, 0x08, 0x1e, 0x08, 
	0x1f, 0x1e, 0x0e, 0x0e, 0x0e, 0x08, 0x00, 0x0d, 
	0x0c, 0x1a, 0x0e, 0x0e, 0x0e, 0x0e, 0x1a, 0x19, 
	0x08, 0x15, 0x23, 0x12, 0x0d, 0x21, 0x00, 0x08, 
	0x1e, 0x17, 0x0e, 0x08, 0x0e, 0x08, 0x1f, 0x08, 
	0x0e, 0x0e, 0x0e, 0x1a, 0x0e, 0x08, 0x17, 0x07, 
	0x13, 0x15, 0x0e, 0x0e, 0x1a, 0x00, 0x1a, 0x0e, 
	0x00, 0x0e, 0x0e, 0x0e, 0x0e, 0x1d, 0x1a, 0x08, 
	0x08, 0x17, 0x0e, 0x15, 0x08, 0x08, 0x21, 0x08, 
	0x0e, 0x08, 0x08, 0x1e, 0x08, 0x08, 0x17, 0x11, 
	0x24, 0x1a, 0x0e, 0x0e, 0x19, 0x08, 0x16, 0x17, 
	0x15, 0x17, 0x1a, 0x1a, 0x25, 0x03, 0x08, 0x1f, 
	0x0e, 0x08, 0x1a, 0x08, 0x08, 0x17, 0x17, 0x08, 
	0x08, 0x01, 0x18, 0x19, 0x1f, 0x08, 0x17, 0x0d, 
	0x08, 0x08, 0x1a, 0x08, 0x1a, 0x15, 0x1e, 0x0e, 
	0x19, 0x26, 0x08, 0x08, 0x27, 0x28, 0x00, 0x17, 
	0x19, 0x08, 0x08, 0x21, 0x01, 0x08, 0x08, 0x21, 
	0x00, 0x21, 0x08, 0x01, 0x01, 0x08, 0x08, 0x0d, 
	0x08, 0x27, 0x0e, 0x0e, 0x08, 0x29, 0x0e, 0x00, 
	0x17, 0x08, 0x08, 0x1e, 0x0d, 0x01, 0x08, 0x08, 
	0x08, 0x00, 0x19, 0x08, 0x21, 0x1e, 0x08, 0x08, 
	0x15, 0x1f, 0x08, 0x01, 0x01, 0x08, 0x08, 0x0d, 
	0x12, 0x0e, 0x08, 0x01, 0x24, 0x15, 0x0e, 0x00, 
	0x08, 0x19, 0x19, 0x08, 0x11, 0x01, 0x08, 0x00, 
	0x08, 0x08, 0x2a, 0x08, 0x00, 0x0e, 0x08, 0x08, 
	0x08, 0x00, 0x01, 0x01, 0x1e, 0x08, 0x21, 0x0d, 
	0x08, 0x19, 0x19, 0x1a, 0x29, 0x08, 0x08, 0x08, 
	0x08, 0x08, 0x0e, 0x08, 0x11, 0x02, 0x08, 0x1e, 
	0x01, 0x19, 0x08, 0x24, 0x08, 0x08, 0x08, 0x19, 
	0x1f, 0x08, 0x18, 0x1f, 0x08, 0x19, 0x0e, 0x0d, 
	0x02, 0x19, 0x16, 0x0e, 0x0e, 0x1a, 0x19, 0x08, 
	0x08, 0x08, 0x1a, 0x15, 0x0d, 0x03, 0x01, 0x08, 
	0x17, 0x08, 0x08, 0x0e, 0x15, 0x21, 0x01, 0x08, 
	0x21, 0x08, 0x08, 0x08, 0x08, 0x00, 0x13, 0x11, 
	0x02, 0x1a, 0x00, 0x0e, 0x00, 0x0e, 0x00, 0x08, 
	0x08, 0x17, 0x0e, 0x0e, 0x0d, 0x01, 0x08, 0x08, 
	0x08, 0x08, 0x08, 0x17, 0x17, 0x1a, 0x21, 0x28, 
	0x17, 0x08, 0x08, 0x0e, 0x0e, 0x17, 0x08, 0x0d, 
	0x0c, 0x08, 0x15, 0x0e, 0x08, 0x08, 0x0e, 0x0e, 
	0x19, 0x1a, 0x15, 0x0e, 0x0d, 0x08, 0x08, 0x00, 
	0x08, 0x1f, 0x1a, 0x08, 0x21, 0x1a, 0x17, 0x19, 
	0x19, 0x08, 0x08, 0x08, 0x17, 0x08, 0x08, 0x2b, 
	0x24, 0x08, 0x00, 0x17, 0x15, 0x08, 0x08, 0x0e, 
	0x0e, 0x0e, 0x1a, 0x08, 0x12, 0x19, 0x08, 0x17, 
	0x08, 0x08, 0x08, 0x08, 0x01, 0x01, 0x08, 0x00, 
	0x0d, 0x0d, 0x0d, 0x22, 0x22, 0x22, 0x2c, 0x2d, 
	0x2b, 0x0e, 0x0e, 0x12, 0x1b, 0x23, 0x29, 0x29, 
	0x0e, 0x2e, 0x12, 0x0d, 0x11, 0x07, 0x0d, 0x0d, 
	0x0d, 0x22, 0x22, 0x0d, 0x2f, 0x0d, 0x0d, 0x0d, 
	0x30, 0x31, 0x32, 0x33, 0x04, 0x04, 0x14, 0x30, 
	0x01, 0x1e, 0x34, 0x00, 0x2a, 0x2a, 0x00, 0x0e, 
	0x0e, 0x1f, 0x2c, 0x0e, 0x35, 0x09, 0x1c, 0x19, 
	0x17, 0x17, 0x13, 0x0c, 0x0c, 0x05, 0x0c, 0x0d, 
	0x36, 0x1e, 0x0e, 0x1f, 0x00, 0x00, 0x0e, 0x28, 
	0x1f, 0x1f, 0x01, 0x28, 0x1e, 0x18, 0x28, 0x1e, 
	0x1e, 0x03, 0x12, 0x17, 0x08, 0x17, 0x17, 0x0e, 
	0x17, 0x17, 0x17, 0x08, 0x1b, 0x00, 0x0e, 0x0f, 
	0x01, 0x1e, 0x34, 0x00, 0x00, 0x00, 0x00, 0x1e, 
	0x00, 0x0e, 0x1e, 0x1e, 0x08, 0x1e, 0x1e, 0x08, 
	0x00, 0x14, 0x12, 0x1a, 0x0e, 0x2e, 0x0e, 0x12, 
	0x17, 0x1a, 0x08, 0x17, 0x1e, 0x0e, 0x00, 0x11, 
	0x28, 0x37, 0x00, 0x0e, 0x00, 0x2a, 0x1e, 0x1e, 
	0x00, 0x38, 0x1e, 0x2a, 0x1f, 0x00, 0x2a, 0x1f, 
	0x1e, 0x14, 0x2a, 0x17, 0x0e, 0x2e, 0x2f, 0x2e, 
	0x00, 0x17, 0x17, 0x17, 0x08, 0x17, 0x17, 0x39, 
	0x30, 0x00, 0x37, 0x2a, 0x0e, 0x0e, 0x00, 0x1f, 
	0x1e, 0x00, 0x0e, 0x34, 0x25, 0x0e, 0x0e, 0x12, 
	0x17, 0x1e, 0x0e, 0x08, 0x1a, 0x0e, 0x1b, 0x0e, 
	0x0e, 0x17, 0x2e, 0x2e, 0x3a, 0x17, 0x2e, 0x11, 
	0x28, 0x1e, 0x0e, 0x2a, 0x00, 0x00, 0x0e, 0x0e, 
	0x00, 0x34, 0x00, 0x08, 0x1e, 0x00, 0x00, 0x00, 
	0x0e, 0x0e, 0x12, 0x08, 0x17, 0x0e, 0x00, 0x17, 
	0x17, 0x0e, 0x0e, 0x00, 0x2e, 0x1a, 0x12, 0x11, 
	0x28, 0x00, 0x0e, 0x0e, 0x08, 0x1f, 0x16, 0x00, 
	0x1e, 0x00, 0x08, 0x1e, 0x1e, 0x00, 0x00, 0x00, 
	0x00, 0x1e, 0x2a, 0x19, 0x00, 0x2e, 0x00, 0x08, 
	0x0e, 0x17, 0x00, 0x17, 0x00, 0x17, 0x12, 0x2c, 
	0x36, 0x08, 0x00, 0x08, 0x17, 0x00, 0x37, 0x00, 
	0x1e, 0x1e, 0x18, 0x28, 0x1e, 0x1e, 0x08, 0x1e, 
	0x38, 0x1e, 0x12, 0x1f, 0x17, 0x2e, 0x1a, 0x17, 
	0x17, 0x21, 0x19, 0x08, 0x3b, 0x08, 0x2a, 0x22, 
	0x28, 0x2a, 0x0e, 0x37, 0x0e, 0x25, 0x2a, 0x00, 
	0x00, 0x00, 0x00, 0x1e, 0x1f, 0x08, 0x08, 0x1e, 
	0x1e, 0x08, 0x0d, 0x0e, 0x12, 0x17, 0x17, 0x17, 
	0x17, 0x17, 0x08, 0x21, 0x08, 0x17, 0x12, 0x22, 
	0x3c, 0x00, 0x00, 0x38, 0x28, 0x1e, 0x0e, 0x00, 
	0x08, 0x08, 0x1f, 0x1f, 0x28, 0x1f, 0x1f, 0x1f, 
	0x08, 0x28, 0x07, 0x17, 0x0e, 0x0e, 0x08, 0x08, 
	0x17, 0x1f, 0x17, 0x1f, 0x21, 0x08, 0x2e, 0x2c, 
	0x36, 0x08, 0x08, 0x16, 0x0e, 0x08, 0x1e, 0x38, 
	0x08, 0x00, 0x1e, 0x3d, 0x38, 0x00, 0x1e, 0x1e, 
	0x00, 0x1f, 0x0d, 0x08, 0x17, 0x08, 0x17, 0x3e, 
	0x17, 0x17, 0x1f, 0x21, 0x1f, 0x21, 0x0e, 0x11, 
	0x14, 0x28, 0x1e, 0x00, 0x2e, 0x00, 0x08, 0x1f, 
	0x1e, 0x1e, 0x2a, 0x1e, 0x1f, 0x17, 0x08, 0x08, 
	0x0e, 0x08, 0x0d, 0x21, 0x1f, 0x17, 0x0e, 0x17, 
	0x08, 0x00, 0x21, 0x1f, 0x00, 0x17, 0x00, 0x3f, 
	0x14, 0x08, 0x00, 0x0e, 0x00, 0x00, 0x00, 0x1e, 
	0x08, 0x00, 0x00, 0x00, 0x38, 0x0e, 0x00, 0x00, 
	0x23, 0x00, 0x0f, 0x19, 0x17, 0x0e, 0x00, 0x0e, 
	0x17, 0x00, 0x08, 0x17, 0x17, 0x1a, 0x00, 0x39, 
	0x14, 0x00, 0x2a, 0x12, 0x1e, 0x08, 0x0e, 0x00, 
	0x1f, 0x00, 0x1f, 0x1e, 0x2a, 0x00, 0x00, 0x2a, 
	0x0e, 0x0e, 0x22, 0x17, 0x17, 0x12, 0x0e, 0x08, 
	0x0e, 0x17, 0x17, 0x00, 0x2e, 0x0e, 0x17, 0x39, 
	0x28, 0x1e, 0x2a, 0x2a, 0x1f, 0x08, 0x1e, 0x37, 
	0x00, 0x1e, 0x00, 0x1e, 0x2a, 0x00, 0x1e, 0x0e, 
	0x00, 0x12, 0x22, 0x08, 0x17, 0x0e, 0x17, 0x08, 
	0x08, 0x08, 0x08, 0x0e, 0x00, 0x0e, 0x00, 0x39, 
	0x10, 0x34, 0x34, 0x22, 0x22, 0x22, 0x07, 0x22, 
	0x22, 0x11, 0x2b, 0x22, 0x22, 0x10, 0x07, 0x40, 
	0x22, 0x10, 0x11, 0x0d, 0x0f, 0x0d, 0x25, 0x1b, 
	0x0e, 0x2e, 0x0e, 0x12, 0x0f, 0x34, 0x0d, 0x39, 
	
};

Gfx lll_dl_tex1_128x128_76fef9c297125c7b_14_pal_rgba16_aligner[] = {gsSPEndDisplayList()};
u8 lll_dl_tex1_128x128_76fef9c297125c7b_14_pal_rgba16[] = {
	0x6b, 0x5b, 0x73, 0xdf, 0x73, 0xe1, 0x7c, 0x21, 
	0x84, 0x61, 0x8c, 0xa5, 0x84, 0x21, 0x52, 0x95, 
	0x6b, 0x9d, 0x84, 0x65, 0x84, 0x63, 0x7c, 0x63, 
	0x7c, 0x23, 0x52, 0xd7, 0x63, 0x5b, 0x5a, 0xd7, 
	0x4a, 0x93, 0x4a, 0x95, 0x5b, 0x19, 0x7b, 0xe1, 
	0x7c, 0x1f, 0x63, 0x9d, 0x63, 0x9b, 0x6b, 0x5d, 
	0x6b, 0xdd, 0x6b, 0x9f, 0x63, 0x5d, 0x5b, 0x1b, 
	0x84, 0x23, 0x74, 0x21, 0x6b, 0x9b, 0x73, 0x9d, 
	0x53, 0x19, 0x73, 0x9f, 0x52, 0xd5, 0x5b, 0x59, 
	0x6b, 0xdf, 0x5b, 0x17, 0x63, 0x9f, 0x53, 0x17, 
	0x73, 0xdd, 0x5b, 0x5b, 0x63, 0x59, 0x4a, 0xd5, 
	0x52, 0x97, 0x42, 0x53, 0x63, 0x1b, 0x5a, 0xd9, 
	0x7b, 0xdd, 0x8c, 0x63, 0x8c, 0xa3, 0x94, 0xa5, 
	0x63, 0x19, 0x8c, 0x65, 0x7b, 0xdf, 0x6b, 0x59, 
	0x73, 0x9b, 0x4a, 0x53, 0x6b, 0x1b, 0x73, 0x5d, 
	0x74, 0x1d, 0x73, 0xdb, 0x6b, 0x5f, 0x4a, 0x55, 
	0x52, 0xd3, 
};

Gfx lll_dl_tex1_128x128_10a377a8bf6521e9_14_ci8_aligner[] = {gsSPEndDisplayList()};
u8 lll_dl_tex1_128x128_10a377a8bf6521e9_14_ci8[] = {
	0x00, 0x01, 0x02, 0x03, 0x04, 0x05, 0x06, 0x07, 
	0x08, 0x03, 0x09, 0x0a, 0x0b, 0x0c, 0x0d, 0x0e, 
	0x0f, 0x10, 0x11, 0x02, 0x12, 0x13, 0x14, 0x15, 
	0x16, 0x08, 0x0c, 0x14, 0x08, 0x17, 0x08, 0x15, 
	0x01, 0x0a, 0x02, 0x03, 0x18, 0x19, 0x1a, 0x1b, 
	0x11, 0x08, 0x1c, 0x01, 0x1d, 0x0e, 0x1e, 0x01, 
	0x1f, 0x13, 0x02, 0x0a, 0x01, 0x14, 0x20, 0x21, 
	0x02, 0x08, 0x0e, 0x22, 0x08, 0x02, 0x11, 0x23, 
	0x24, 0x25, 0x26, 0x27, 0x20, 0x14, 0x22, 0x28, 
	0x29, 0x0b, 0x26, 0x26, 0x2a, 0x14, 0x0c, 0x20, 
	0x11, 0x1d, 0x20, 0x13, 0x13, 0x13, 0x27, 0x2b, 
	0x14, 0x2c, 0x12, 0x21, 0x2d, 0x00, 0x20, 0x20, 
	0x13, 0x26, 0x21, 0x21, 0x21, 0x11, 0x19, 0x04, 
	0x21, 0x2e, 0x01, 0x1f, 0x0f, 0x08, 0x09, 0x2f, 
	0x02, 0x30, 0x21, 0x14, 0x08, 0x2e, 0x2e, 0x14, 
	0x0a, 0x21, 0x14, 0x11, 0x30, 0x02, 0x20, 0x31, 
	0x19, 0x16, 0x1a, 0x03, 0x32, 0x33, 0x34, 0x35, 
	0x03, 0x32, 0x05, 0x36, 0x19, 0x35, 0x05, 0x37, 
	0x38, 0x38, 0x39, 0x03, 0x3a, 0x3b, 0x38, 0x3c, 
	0x3d, 0x32, 0x05, 0x05, 0x3e, 0x07, 0x05, 0x3f, 
	0x40, 0x12, 0x20, 0x21, 0x0f, 0x0e, 0x30, 0x41, 
	0x02, 0x0e, 0x21, 0x0f, 0x26, 0x23, 0x14, 0x01, 
	0x01, 0x02, 0x14, 0x21, 0x0f, 0x2e, 0x20, 0x01, 
	0x00, 0x0e, 0x0e, 0x21, 0x0a, 0x21, 0x20, 0x14, 
	0x25, 0x2b, 0x42, 0x21, 0x20, 0x43, 0x29, 0x27, 
	0x25, 0x20, 0x0a, 0x20, 0x26, 0x0b, 0x26, 0x25, 
	0x1d, 0x0a, 0x44, 0x0a, 0x0b, 0x1d, 0x29, 0x43, 
	0x25, 0x45, 0x1d, 0x46, 0x47, 0x2b, 0x01, 0x1d, 
	0x42, 0x29, 0x48, 0x0a, 0x0b, 0x2b, 0x49, 0x29, 
	0x4a, 0x4b, 0x4c, 0x2b, 0x4d, 0x49, 0x29, 0x4e, 
	0x4f, 0x2b, 0x2b, 0x4b, 0x4b, 0x29, 0x2b, 0x50, 
	0x47, 0x2b, 0x51, 0x15, 0x0b, 0x01, 0x51, 0x0b, 
	0x43, 0x52, 0x0b, 0x4b, 0x20, 0x53, 0x0b, 0x4b, 
	0x54, 0x2b, 0x29, 0x0b, 0x47, 0x46, 0x51, 0x55, 
	0x2b, 0x56, 0x2b, 0x49, 0x4b, 0x4b, 0x4b, 0x4b, 
	0x2b, 0x57, 0x4b, 0x1d, 0x0b, 0x51, 0x23, 0x24, 
	0x26, 0x26, 0x0a, 0x20, 0x14, 0x08, 0x0a, 0x12, 
	0x43, 0x58, 0x45, 0x1d, 0x45, 0x52, 0x26, 0x2b, 
	0x59, 0x42, 0x5a, 0x2b, 0x24, 0x2b, 0x42, 0x2b, 
	0x1d, 0x2b, 0x5a, 0x5b, 0x20, 0x29, 0x14, 0x1d, 
	0x5c, 0x5d, 0x2b, 0x4b, 0x0a, 0x14, 0x55, 0x55, 
	0x5e, 0x5f, 0x60, 0x61, 0x61, 0x62, 0x62, 0x56, 
	0x60, 0x4f, 0x57, 0x61, 0x55, 0x62, 0x47, 0x47, 
	0x55, 0x55, 0x62, 0x62, 0x26, 0x47, 0x47, 0x58, 
	0x14, 0x15, 0x35, 0x32, 0x63, 0x64, 0x08, 0x0c, 
	0x31, 0x23, 0x02, 0x02, 0x0e, 0x18, 0x08, 0x14, 
	0x0c, 0x15, 0x08, 0x02, 0x02, 0x17, 0x65, 0x08, 
	0x65, 0x02, 0x02, 0x08, 0x08, 0x08, 0x2f, 0x02, 
	0x66, 0x15, 0x17, 0x67, 0x3d, 0x05, 0x03, 0x68, 
	0x1d, 0x26, 0x1d, 0x0a, 0x14, 0x0e, 0x02, 0x20, 
	0x01, 0x00, 0x21, 0x18, 0x69, 0x08, 0x02, 0x11, 
	0x17, 0x08, 0x21, 0x00, 0x0b, 0x0a, 0x68, 0x0f, 
	0x2d, 0x22, 0x22, 0x6a, 0x6b, 0x38, 0x03, 0x1c, 
	0x15, 0x33, 0x08, 0x1a, 0x6c, 0x32, 0x03, 0x03, 
	0x03, 0x30, 0x33, 0x03, 0x32, 0x38, 0x32, 0x32, 
	0x1a, 0x17, 0x04, 0x2f, 0x08, 0x15, 0x08, 0x6d, 
	0x12, 0x1d, 0x1d, 0x21, 0x08, 0x02, 0x21, 0x0a, 
	0x0a, 0x20, 0x12, 0x0a, 0x21, 0x14, 0x18, 0x13, 
	0x24, 0x25, 0x0a, 0x11, 0x09, 0x22, 0x20, 0x21, 
	0x2f, 0x2d, 0x21, 0x20, 0x14, 0x0a, 0x0a, 0x43, 
	0x24, 0x6d, 0x2b, 0x21, 0x03, 0x2e, 0x0e, 0x01, 
	0x6d, 0x01, 0x02, 0x30, 0x13, 0x20, 0x15, 0x21, 
	0x21, 0x2d, 0x6e, 0x16, 0x08, 0x11, 0x20, 0x14, 
	0x02, 0x6f, 0x70, 0x14, 0x21, 0x0e, 0x6d, 0x29, 
	0x00, 0x02, 0x01, 0x08, 0x32, 0x02, 0x71, 0x30, 
	0x0f, 0x72, 0x21, 0x18, 0x73, 0x08, 0x2c, 0x2e, 
	0x1a, 0x08, 0x02, 0x72, 0x02, 0x02, 0x72, 0x11, 
	0x02, 0x6e, 0x02, 0x72, 0x33, 0x1a, 0x03, 0x1a, 
	0x20, 0x22, 0x6d, 0x39, 0x2f, 0x22, 0x08, 0x15, 
	0x08, 0x39, 0x74, 0x19, 0x65, 0x08, 0x30, 0x15, 
	0x15, 0x09, 0x75, 0x11, 0x11, 0x30, 0x1f, 0x08, 
	0x03, 0x09, 0x74, 0x08, 0x11, 0x16, 0x02, 0x1b, 
	0x14, 0x39, 0x3a, 0x10, 0x1a, 0x2f, 0x03, 0x03, 
	0x76, 0x17, 0x17, 0x17, 0x17, 0x0e, 0x0e, 0x14, 
	0x02, 0x6d, 0x1a, 0x22, 0x21, 0x0c, 0x0c, 0x22, 
	0x09, 0x39, 0x1c, 0x03, 0x02, 0x02, 0x16, 0x17, 
	0x03, 0x05, 0x03, 0x77, 0x10, 0x39, 0x03, 0x09, 
	0x39, 0x77, 0x03, 0x08, 0x39, 0x02, 0x02, 0x02, 
	0x18, 0x6d, 0x32, 0x0d, 0x00, 0x2d, 0x72, 0x08, 
	0x19, 0x3a, 0x10, 0x2f, 0x22, 0x1a, 0x32, 0x78, 
	0x05, 0x6b, 0x06, 0x63, 0x38, 0x79, 0x05, 0x3f, 
	0x3f, 0x63, 0x38, 0x6b, 0x07, 0x3c, 0x77, 0x1b, 
	0x77, 0x32, 0x7a, 0x7b, 0x6d, 0x1a, 0x15, 0x03, 
	0x7c, 0x05, 0x7d, 0x05, 0x3a, 0x77, 0x38, 0x7e, 
	0x32, 0x05, 0x05, 0x6b, 0x3e, 0x7c, 0x77, 0x3f, 
	0x03, 0x7b, 0x3f, 0x7c, 0x3c, 0x32, 0x32, 0x3f, 
	0x05, 0x05, 0x7f, 0x37, 0x7b, 0x7b, 0x1b, 0x38, 
	0x37, 0x6b, 0x80, 0x81, 0x2f, 0x32, 0x04, 0x03, 
	0x01, 0x21, 0x02, 0x82, 0x0e, 0x13, 0x02, 0x22, 
	0x14, 0x15, 0x08, 0x18, 0x16, 0x30, 0x14, 0x15, 
	0x09, 0x65, 0x39, 0x65, 0x0e, 0x30, 0x1a, 0x6a, 
	0x1a, 0x03, 0x65, 0x17, 0x20, 0x0f, 0x0e, 0x6d, 
	0x0a, 0x0a, 0x14, 0x08, 0x14, 0x13, 0x01, 0x22, 
	0x0e, 0x02, 0x17, 0x15, 0x75, 0x17, 0x15, 0x01, 
	0x33, 0x1a, 0x17, 0x00, 0x1d, 0x0f, 0x16, 0x17, 
	0x02, 0x0c, 0x83, 0x14, 0x12, 0x14, 0x21, 0x15, 
	0x4f, 0x29, 0x46, 0x0a, 0x29, 0x2b, 0x2b, 0x2b, 
	0x45, 0x45, 0x45, 0x20, 0x0a, 0x13, 0x0b, 0x0b, 
	0x21, 0x13, 0x14, 0x57, 0x29, 0x84, 0x20, 0x6f, 
	0x84, 0x0b, 0x85, 0x0a, 0x29, 0x29, 0x24, 0x4b, 
	0x29, 0x85, 0x13, 0x0a, 0x2b, 0x4b, 0x47, 0x61, 
	0x55, 0x0b, 0x5b, 0x13, 0x45, 0x26, 0x25, 0x2b, 
	0x23, 0x21, 0x15, 0x5a, 0x4c, 0x49, 0x42, 0x0b, 
	0x29, 0x51, 0x4b, 0x0b, 0x4b, 0x4f, 0x86, 0x0b, 
	0x57, 0x42, 0x0b, 0x46, 0x2b, 0x54, 0x47, 0x4f, 
	0x47, 0x2b, 0x2b, 0x24, 0x51, 0x49, 0x2b, 0x2b, 
	0x29, 0x2b, 0x42, 0x29, 0x4f, 0x4b, 0x2b, 0x62, 
	0x49, 0x49, 0x47, 0x49, 0x47, 0x60, 0x50, 0x4f, 
	0x45, 0x01, 0x1c, 0x32, 0x02, 0x08, 0x02, 0x0e, 
	0x02, 0x22, 0x77, 0x19, 0x01, 0x0c, 0x0e, 0x08, 
	0x2e, 0x6d, 0x6d, 0x6d, 0x72, 0x11, 0x22, 0x2f, 
	0x02, 0x0c, 0x08, 0x0e, 0x01, 0x01, 0x03, 0x0e, 
	0x72, 0x21, 0x1c, 0x32, 0x67, 0x65, 0x15, 0x21, 
	0x0e, 0x14, 0x20, 0x20, 0x20, 0x01, 0x87, 0x1c, 
	0x6d, 0x08, 0x02, 0x02, 0x17, 0x08, 0x03, 0x6d, 
	0x11, 0x22, 0x14, 0x21, 0x0e, 0x0f, 0x08, 0x12, 
	0x72, 0x0e, 0x11, 0x6d, 0x72, 0x1c, 0x09, 0x03, 
	0x13, 0x14, 0x20, 0x02, 0x72, 0x11, 0x11, 0x02, 
	0x0e, 0x0c, 0x0e, 0x21, 0x11, 0x21, 0x11, 0x15, 
	0x72, 0x0a, 0x70, 0x0a, 0x20, 0x00, 0x23, 0x01, 
	0x20, 0x51, 0x0a, 0x11, 0x0e, 0x22, 0x0c, 0x68, 
	0x20, 0x4b, 0x2b, 0x21, 0x45, 0x46, 0x20, 0x12, 
	0x29, 0x51, 0x0b, 0x24, 0x13, 0x45, 0x11, 0x21, 
	0x88, 0x2b, 0x51, 0x0b, 0x50, 0x0b, 0x26, 0x0b, 
	0x6d, 0x14, 0x01, 0x18, 0x11, 0x03, 0x02, 0x28, 
	0x0c, 0x1f, 0x26, 0x02, 0x02, 0x17, 0x11, 0x03, 
	0x21, 0x01, 0x14, 0x11, 0x01, 0x02, 0x08, 0x77, 
	0x89, 0x09, 0x89, 0x8a, 0x85, 0x01, 0x31, 0x21, 
	
};

Gfx lll_dl_tex1_128x128_10a377a8bf6521e9_14_pal_rgba16_aligner[] = {gsSPEndDisplayList()};
u8 lll_dl_tex1_128x128_10a377a8bf6521e9_14_pal_rgba16[] = {
	0xad, 0xa5, 0xb5, 0x65, 0xa5, 0x23, 0x94, 0x9f, 
	0x94, 0x5f, 0x84, 0x1b, 0x83, 0xdb, 0x7c, 0x19, 
	0x9c, 0xe1, 0x8c, 0x9f, 0xb5, 0xa7, 0xbd, 0xe7, 
	0xa5, 0x63, 0xa4, 0xdf, 0xad, 0x23, 0xad, 0x67, 
	0x94, 0x5d, 0xa5, 0x21, 0xb5, 0xa9, 0xad, 0xa7, 
	0xad, 0x65, 0x9d, 0x23, 0x9d, 0x25, 0x94, 0xe1, 
	0x9d, 0x21, 0x94, 0xa1, 0x94, 0x9d, 0x8c, 0x1b, 
	0x9c, 0xa1, 0xbd, 0xa7, 0x9c, 0xdd, 0xad, 0x69, 
	0xb5, 0xa5, 0xad, 0x63, 0x9c, 0xdf, 0xad, 0xa9, 
	0xb5, 0xe7, 0xc6, 0x2d, 0xbd, 0xeb, 0xbd, 0xa9, 
	0x9c, 0x9d, 0xc5, 0xe9, 0xc6, 0x2f, 0xc6, 0x2b, 
	0x9d, 0x65, 0xa5, 0x65, 0xa4, 0xe3, 0x9c, 0x9f, 
	0xa5, 0x25, 0xb5, 0x67, 0x8c, 0x5d, 0x9c, 0xe3, 
	0x84, 0x1d, 0x8c, 0x1d, 0x8c, 0x1f, 0x73, 0x97, 
	0x7b, 0xd9, 0x8c, 0x9d, 0x8c, 0x5f, 0x7c, 0x1d, 
	0x84, 0x5d, 0x84, 0x5b, 0x7b, 0x99, 0x7c, 0x1b, 
	0xb5, 0xab, 0x95, 0x25, 0xbe, 0x29, 0xbe, 0x2b, 
	0xbd, 0x67, 0xb5, 0xe9, 0xbd, 0xa5, 0xce, 0x6d, 
	0xad, 0xe9, 0xce, 0x2b, 0xce, 0x29, 0xc6, 0x29, 
	0xc6, 0x6b, 0xce, 0x6f, 0xbe, 0x6f, 0xce, 0x6b, 
	0xbe, 0x27, 0xbd, 0xe9, 0xbe, 0x2d, 0xad, 0xe7, 
	0xcd, 0xeb, 0xce, 0x2d, 0xce, 0xad, 0xc6, 0x6d, 
	0xd6, 0x6f, 0xc6, 0x6f, 0xc5, 0xeb, 0xb5, 0xeb, 
	0xce, 0xb1, 0xce, 0xaf, 0xd6, 0xb1, 0xd6, 0xf3, 
	0xd6, 0xaf, 0xd6, 0xad, 0xd6, 0x6d, 0x73, 0xd7, 
	0x73, 0x95, 0x94, 0xdf, 0xa5, 0xa7, 0x94, 0x5b, 
	0xad, 0x21, 0x94, 0xe3, 0x8c, 0xa1, 0x73, 0xd9, 
	0x84, 0x9b, 0xa4, 0xe1, 0x95, 0x21, 0x9d, 0x1f, 
	0xb5, 0x25, 0xac, 0xe1, 0xad, 0x25, 0x9d, 0x27, 
	0x8c, 0xe1, 0x95, 0x23, 0x8c, 0xdf, 0x8c, 0x5b, 
	0x8c, 0xe3, 0x7c, 0x5d, 0x84, 0x19, 0x83, 0xd9, 
	0x84, 0x5f, 0x7b, 0x97, 0x83, 0xdd, 0x6b, 0x95, 
	0x73, 0xdb, 0x7b, 0xd7, 0x94, 0xdd, 0x9d, 0x63, 
	0xc5, 0xe7, 0xbd, 0xe5, 0xb5, 0xe5, 0xa5, 0x61, 
	0xb5, 0x63, 0x94, 0x59, 0xad, 0x1f, 
};

Gfx lll_dl_tex1_128x128_4e9d9d730ec24869_14_ci8_aligner[] = {gsSPEndDisplayList()};
u8 lll_dl_tex1_128x128_4e9d9d730ec24869_14_ci8[] = {
	0x00, 0x00, 0x01, 0x02, 0x03, 0x02, 0x04, 0x05, 
	0x06, 0x07, 0x04, 0x08, 0x07, 0x09, 0x04, 0x00, 
	0x0a, 0x0b, 0x0a, 0x02, 0x00, 0x04, 0x02, 0x0c, 
	0x0c, 0x0d, 0x0d, 0x08, 0x0e, 0x08, 0x0f, 0x10, 
	0x07, 0x0b, 0x01, 0x0a, 0x01, 0x01, 0x00, 0x01, 
	0x11, 0x07, 0x08, 0x12, 0x07, 0x07, 0x02, 0x01, 
	0x01, 0x00, 0x0a, 0x0b, 0x0b, 0x10, 0x11, 0x11, 
	0x11, 0x0a, 0x0e, 0x12, 0x04, 0x0f, 0x04, 0x02, 
	0x0a, 0x07, 0x04, 0x08, 0x13, 0x01, 0x01, 0x0a, 
	0x01, 0x03, 0x0d, 0x00, 0x14, 0x13, 0x0a, 0x15, 
	0x16, 0x01, 0x04, 0x01, 0x01, 0x07, 0x0f, 0x13, 
	0x17, 0x08, 0x07, 0x07, 0x14, 0x0c, 0x12, 0x0d, 
	0x0a, 0x18, 0x11, 0x19, 0x1a, 0x13, 0x10, 0x0a, 
	0x03, 0x1b, 0x00, 0x1c, 0x12, 0x12, 0x0a, 0x09, 
	0x1d, 0x08, 0x0f, 0x1e, 0x11, 0x1f, 0x11, 0x06, 
	0x02, 0x20, 0x08, 0x02, 0x08, 0x07, 0x11, 0x07, 
	0x00, 0x01, 0x04, 0x21, 0x0f, 0x11, 0x07, 0x0a, 
	0x03, 0x00, 0x12, 0x09, 0x14, 0x0a, 0x0a, 0x08, 
	0x12, 0x12, 0x08, 0x02, 0x0f, 0x11, 0x01, 0x04, 
	0x22, 0x08, 0x1f, 0x1f, 0x00, 0x01, 0x11, 0x07, 
	0x04, 0x1f, 0x04, 0x11, 0x02, 0x12, 0x09, 0x11, 
	0x23, 0x02, 0x01, 0x15, 0x15, 0x00, 0x00, 0x0a, 
	0x12, 0x08, 0x04, 0x01, 0x14, 0x1f, 0x01, 0x04, 
	0x24, 0x11, 0x25, 0x12, 0x08, 0x0b, 0x02, 0x11, 
	0x26, 0x02, 0x01, 0x27, 0x13, 0x28, 0x10, 0x27, 
	0x29, 0x24, 0x08, 0x0e, 0x00, 0x1c, 0x0a, 0x12, 
	0x0a, 0x02, 0x10, 0x08, 0x01, 0x2a, 0x0f, 0x02, 
	0x0f, 0x26, 0x0f, 0x02, 0x24, 0x03, 0x03, 0x06, 
	0x09, 0x01, 0x2b, 0x00, 0x0a, 0x24, 0x01, 0x27, 
	0x22, 0x07, 0x07, 0x11, 0x14, 0x15, 0x12, 0x00, 
	0x13, 0x10, 0x11, 0x01, 0x08, 0x08, 0x07, 0x00, 
	0x00, 0x08, 0x04, 0x01, 0x07, 0x10, 0x10, 0x02, 
	0x0f, 0x2c, 0x2d, 0x01, 0x27, 0x04, 0x0b, 0x2c, 
	0x09, 0x01, 0x07, 0x24, 0x09, 0x2d, 0x1d, 0x0a, 
	0x00, 0x11, 0x02, 0x0f, 0x11, 0x01, 0x08, 0x00, 
	0x00, 0x0e, 0x12, 0x13, 0x13, 0x01, 0x04, 0x01, 
	0x0e, 0x16, 0x2e, 0x22, 0x04, 0x11, 0x01, 0x0a, 
	0x08, 0x00, 0x09, 0x04, 0x00, 0x0b, 0x00, 0x01, 
	0x01, 0x08, 0x08, 0x10, 0x11, 0x22, 0x0a, 0x0a, 
	0x00, 0x1d, 0x00, 0x1d, 0x0b, 0x00, 0x0b, 0x14, 
	0x00, 0x0e, 0x2e, 0x22, 0x01, 0x13, 0x01, 0x00, 
	0x07, 0x0a, 0x0e, 0x08, 0x2e, 0x09, 0x0b, 0x07, 
	0x07, 0x01, 0x0a, 0x22, 0x13, 0x1f, 0x01, 0x12, 
	0x0a, 0x0a, 0x28, 0x12, 0x00, 0x2f, 0x0e, 0x1f, 
	0x08, 0x12, 0x1d, 0x01, 0x11, 0x07, 0x08, 0x00, 
	0x02, 0x09, 0x01, 0x08, 0x00, 0x0e, 0x0a, 0x01, 
	0x07, 0x08, 0x11, 0x11, 0x02, 0x01, 0x0d, 0x09, 
	0x0a, 0x12, 0x00, 0x01, 0x12, 0x12, 0x28, 0x1d, 
	0x28, 0x1f, 0x12, 0x04, 0x0f, 0x04, 0x13, 0x01, 
	0x07, 0x07, 0x08, 0x00, 0x0e, 0x00, 0x00, 0x0b, 
	0x0d, 0x07, 0x13, 0x01, 0x02, 0x04, 0x0e, 0x00, 
	0x30, 0x2d, 0x00, 0x07, 0x0b, 0x0a, 0x0e, 0x2d, 
	0x2d, 0x08, 0x00, 0x16, 0x00, 0x08, 0x0a, 0x04, 
	0x03, 0x07, 0x12, 0x2d, 0x00, 0x14, 0x30, 0x1d, 
	0x00, 0x01, 0x08, 0x01, 0x04, 0x0a, 0x30, 0x0a, 
	0x0a, 0x12, 0x00, 0x00, 0x08, 0x09, 0x0c, 0x0a, 
	0x0e, 0x00, 0x15, 0x07, 0x14, 0x00, 0x15, 0x0e, 
	0x08, 0x0e, 0x00, 0x09, 0x00, 0x12, 0x1d, 0x12, 
	0x0e, 0x01, 0x01, 0x08, 0x08, 0x1d, 0x2c, 0x00, 
	0x0a, 0x0a, 0x0a, 0x1d, 0x16, 0x28, 0x2d, 0x12, 
	0x31, 0x0a, 0x13, 0x07, 0x07, 0x0e, 0x0b, 0x08, 
	0x09, 0x16, 0x0e, 0x0e, 0x28, 0x0d, 0x00, 0x0a, 
	0x16, 0x08, 0x00, 0x12, 0x0a, 0x0e, 0x30, 0x08, 
	0x12, 0x12, 0x09, 0x1d, 0x0a, 0x12, 0x1d, 0x0d, 
	0x0a, 0x12, 0x07, 0x08, 0x2c, 0x04, 0x02, 0x07, 
	0x0a, 0x0b, 0x00, 0x0a, 0x00, 0x09, 0x12, 0x20, 
	0x02, 0x08, 0x01, 0x07, 0x01, 0x32, 0x02, 0x08, 
	0x12, 0x1c, 0x00, 0x08, 0x00, 0x08, 0x0a, 0x00, 
	0x25, 0x15, 0x12, 0x1d, 0x0b, 0x11, 0x11, 0x04, 
	0x01, 0x0a, 0x07, 0x0a, 0x12, 0x09, 0x07, 0x04, 
	0x33, 0x07, 0x12, 0x13, 0x01, 0x07, 0x07, 0x07, 
	0x11, 0x0a, 0x1d, 0x0a, 0x00, 0x13, 0x0b, 0x10, 
	0x0a, 0x00, 0x12, 0x0e, 0x08, 0x08, 0x22, 0x00, 
	0x01, 0x0a, 0x01, 0x04, 0x00, 0x15, 0x07, 0x07, 
	0x07, 0x01, 0x07, 0x0a, 0x02, 0x13, 0x0a, 0x03, 
	0x07, 0x07, 0x0a, 0x12, 0x16, 0x12, 0x15, 0x0a, 
	0x07, 0x11, 0x09, 0x24, 0x02, 0x1f, 0x08, 0x08, 
	0x01, 0x07, 0x02, 0x01, 0x0a, 0x08, 0x0c, 0x03, 
	0x07, 0x11, 0x11, 0x11, 0x11, 0x0a, 0x00, 0x0a, 
	0x02, 0x08, 0x28, 0x28, 0x12, 0x0a, 0x1f, 0x07, 
	0x03, 0x07, 0x0b, 0x07, 0x34, 0x01, 0x01, 0x04, 
	0x07, 0x08, 0x03, 0x0a, 0x00, 0x02, 0x08, 0x01, 
	0x01, 0x02, 0x07, 0x02, 0x02, 0x02, 0x02, 0x0f, 
	0x06, 0x07, 0x03, 0x02, 0x34, 0x02, 0x0a, 0x07, 
	0x07, 0x11, 0x01, 0x0d, 0x07, 0x0c, 0x0a, 0x07, 
	0x02, 0x24, 0x2b, 0x14, 0x0d, 0x07, 0x32, 0x08, 
	0x02, 0x02, 0x04, 0x01, 0x07, 0x07, 0x07, 0x06, 
	0x10, 0x26, 0x02, 0x02, 0x34, 0x11, 0x0e, 0x01, 
	0x07, 0x11, 0x03, 0x0a, 0x28, 0x04, 0x26, 0x35, 
	0x02, 0x1f, 0x02, 0x00, 0x01, 0x0a, 0x0c, 0x0a, 
	0x07, 0x07, 0x07, 0x08, 0x00, 0x0f, 0x04, 0x27, 
	0x27, 0x04, 0x11, 0x0f, 0x11, 0x0d, 0x02, 0x07, 
	0x0a, 0x07, 0x0a, 0x07, 0x09, 0x12, 0x0a, 0x0e, 
	0x11, 0x02, 0x11, 0x02, 0x00, 0x0a, 0x04, 0x0a, 
	0x0a, 0x36, 0x07, 0x0a, 0x0e, 0x04, 0x0a, 0x04, 
	0x06, 0x07, 0x02, 0x11, 0x00, 0x12, 0x02, 0x11, 
	0x07, 0x07, 0x13, 0x04, 0x10, 0x09, 0x03, 0x00, 
	0x02, 0x06, 0x11, 0x11, 0x07, 0x1d, 0x0a, 0x08, 
	0x0a, 0x00, 0x07, 0x01, 0x0a, 0x00, 0x09, 0x0e, 
	0x0b, 0x02, 0x37, 0x02, 0x0a, 0x0e, 0x0a, 0x02, 
	0x00, 0x07, 0x38, 0x0f, 0x02, 0x02, 0x02, 0x0a, 
	0x36, 0x02, 0x02, 0x34, 0x01, 0x02, 0x04, 0x00, 
	0x00, 0x0b, 0x13, 0x07, 0x08, 0x07, 0x00, 0x0a, 
	0x08, 0x39, 0x28, 0x00, 0x13, 0x0e, 0x00, 0x1d, 
	0x00, 0x13, 0x0a, 0x01, 0x1d, 0x01, 0x05, 0x0a, 
	0x08, 0x01, 0x26, 0x00, 0x10, 0x07, 0x01, 0x12, 
	0x0e, 0x0a, 0x0a, 0x08, 0x00, 0x00, 0x07, 0x0a, 
	0x0a, 0x00, 0x0e, 0x2e, 0x01, 0x30, 0x02, 0x07, 
	0x12, 0x15, 0x0a, 0x06, 0x11, 0x07, 0x04, 0x06, 
	0x07, 0x0a, 0x0b, 0x00, 0x08, 0x00, 0x0a, 0x15, 
	0x2d, 0x02, 0x12, 0x12, 0x00, 0x12, 0x28, 0x28, 
	0x0a, 0x0d, 0x01, 0x00, 0x08, 0x00, 0x12, 0x12, 
	0x2d, 0x15, 0x00, 0x11, 0x27, 0x04, 0x02, 0x01, 
	0x34, 0x0a, 0x09, 0x03, 0x01, 0x01, 0x0e, 0x0e, 
	0x0a, 0x13, 0x02, 0x0a, 0x08, 0x00, 0x09, 0x00, 
	0x0a, 0x02, 0x1f, 0x00, 0x1d, 0x0a, 0x08, 0x16, 
	0x28, 0x13, 0x12, 0x2a, 0x0a, 0x34, 0x07, 0x01, 
	0x02, 0x00, 0x08, 0x0a, 0x1d, 0x16, 0x0a, 0x07, 
	0x07, 0x11, 0x02, 0x08, 0x01, 0x00, 0x00, 0x08, 
	0x01, 0x08, 0x02, 0x00, 0x0a, 0x00, 0x0a, 0x0a, 
	0x12, 0x02, 0x01, 0x02, 0x00, 0x1d, 0x02, 0x02, 
	0x07, 0x07, 0x01, 0x03, 0x09, 0x08, 0x0a, 0x25, 
	0x08, 0x04, 0x11, 0x08, 0x15, 0x36, 0x13, 0x00, 
	0x07, 0x0a, 0x07, 0x12, 0x0e, 0x0a, 0x09, 0x28, 
	0x00, 0x01, 0x07, 0x01, 0x04, 0x01, 0x11, 0x07, 
	0x0a, 0x0a, 0x20, 0x08, 0x0a, 0x3a, 0x08, 0x06, 
	0x08, 0x01, 0x01, 0x1d, 0x0a, 0x08, 0x00, 0x0a, 
	0x1d, 0x1d, 0x00, 0x0e, 0x0e, 0x12, 0x28, 0x2a, 
	
};

Gfx lll_dl_tex1_128x128_4e9d9d730ec24869_14_pal_rgba16_aligner[] = {gsSPEndDisplayList()};
u8 lll_dl_tex1_128x128_4e9d9d730ec24869_14_pal_rgba16[] = {
	0x7b, 0x4f, 0x83, 0x91, 0x8b, 0x93, 0x7b, 0x93, 
	0x8b, 0x91, 0x94, 0x17, 0x8b, 0xd5, 0x83, 0x93, 
	0x83, 0x51, 0x73, 0x4f, 0x7b, 0x51, 0x83, 0x4f, 
	0x7b, 0x53, 0x73, 0x51, 0x7b, 0x0f, 0x93, 0xd3, 
	0x83, 0xd3, 0x8b, 0xd3, 0x73, 0x0f, 0x7b, 0x91, 
	0x7b, 0x11, 0x6b, 0x0f, 0x6a, 0xcd, 0x9c, 0x17, 
	0x8c, 0x15, 0x9c, 0x15, 0x9c, 0x13, 0x62, 0xcf, 
	0x72, 0xcf, 0x73, 0x0d, 0x94, 0x13, 0x83, 0x53, 
	0x7b, 0x8f, 0x9c, 0x55, 0x8b, 0xd1, 0x8c, 0x17, 
	0x93, 0xd5, 0x8b, 0x51, 0x8b, 0x95, 0x94, 0x15, 
	0x73, 0x11, 0x94, 0x99, 0x83, 0xd5, 0x93, 0x91, 
	0x73, 0x4d, 0x6b, 0x0d, 0x72, 0xcd, 0x62, 0xcd, 
	0x7b, 0x0d, 0x6a, 0xcf, 0x83, 0xd1, 0x8b, 0x53, 
	0x83, 0x95, 0x7b, 0xd1, 0x83, 0x8f, 0x7b, 0x4d, 
	0x73, 0x8f, 0x83, 0x4d, 0x73, 0x93, 
};

Gfx lll_dl_tex1_256x256_m_efb7885b915ac15a_14_ci8_aligner[] = {gsSPEndDisplayList()};
u8 lll_dl_tex1_256x256_m_efb7885b915ac15a_14_ci8[] = {
	0x00, 0x01, 0x02, 0x03, 0x04, 0x05, 0x05, 0x05, 
	0x00, 0x03, 0x06, 0x07, 0x08, 0x09, 0x0a, 0x0b, 
	0x0c, 0x0d, 0x0e, 0x0f, 0x10, 0x11, 0x12, 0x05, 
	0x13, 0x14, 0x15, 0x01, 0x16, 0x17, 0x18, 0x02, 
	0x19, 0x1a, 0x08, 0x1b, 0x07, 0x1c, 0x05, 0x08, 
	0x1d, 0x06, 0x1d, 0x1d, 0x1e, 0x1f, 0x20, 0x21, 
	0x22, 0x23, 0x24, 0x25, 0x26, 0x27, 0x28, 0x06, 
	0x0b, 0x29, 0x2a, 0x2b, 0x2c, 0x2d, 0x2e, 0x24, 
	0x08, 0x08, 0x05, 0x1c, 0x2f, 0x27, 0x10, 0x07, 
	0x03, 0x30, 0x30, 0x00, 0x31, 0x32, 0x33, 0x34, 
	0x35, 0x36, 0x37, 0x32, 0x38, 0x12, 0x39, 0x02, 
	0x13, 0x13, 0x3a, 0x19, 0x3b, 0x0c, 0x0f, 0x3c, 
	0x02, 0x07, 0x00, 0x3d, 0x30, 0x3e, 0x3f, 0x2f, 
	0x10, 0x40, 0x00, 0x1d, 0x41, 0x42, 0x43, 0x44, 
	0x45, 0x1c, 0x46, 0x47, 0x06, 0x48, 0x49, 0x0b, 
	0x13, 0x08, 0x1a, 0x4a, 0x05, 0x05, 0x05, 0x08, 
	0x4b, 0x4c, 0x06, 0x4d, 0x30, 0x4d, 0x4d, 0x40, 
	0x06, 0x06, 0x1d, 0x1d, 0x1c, 0x32, 0x25, 0x4e, 
	0x4f, 0x04, 0x50, 0x51, 0x06, 0x05, 0x02, 0x3a, 
	0x3c, 0x06, 0x52, 0x53, 0x4d, 0x1d, 0x06, 0x54, 
	0x33, 0x55, 0x56, 0x38, 0x2f, 0x41, 0x41, 0x30, 
	0x1d, 0x05, 0x1d, 0x1d, 0x04, 0x25, 0x07, 0x15, 
	0x08, 0x57, 0x01, 0x07, 0x1c, 0x05, 0x52, 0x58, 
	0x32, 0x4d, 0x59, 0x5a, 0x2f, 0x2f, 0x1c, 0x5b, 
	0x07, 0x5c, 0x49, 0x5d, 0x27, 0x2f, 0x1d, 0x1d, 
	0x1d, 0x05, 0x06, 0x03, 0x5e, 0x5f, 0x0f, 0x57, 
	0x3a, 0x57, 0x60, 0x52, 0x52, 0x1a, 0x1c, 0x28, 
	0x61, 0x12, 0x62, 0x63, 0x00, 0x4d, 0x64, 0x65, 
	0x3b, 0x08, 0x51, 0x1c, 0x1d, 0x30, 0x1d, 0x1d, 
	0x06, 0x30, 0x59, 0x03, 0x66, 0x0f, 0x19, 0x1a, 
	0x05, 0x66, 0x0f, 0x02, 0x05, 0x52, 0x32, 0x58, 
	0x67, 0x67, 0x68, 0x69, 0x6a, 0x59, 0x26, 0x05, 
	0x6b, 0x6c, 0x38, 0x30, 0x05, 0x06, 0x1d, 0x30, 
	0x1d, 0x00, 0x58, 0x1d, 0x40, 0x6d, 0x1c, 0x1a, 
	0x1c, 0x42, 0x6e, 0x08, 0x08, 0x3a, 0x6d, 0x47, 
	0x59, 0x61, 0x6f, 0x70, 0x61, 0x3f, 0x71, 0x48, 
	0x47, 0x03, 0x72, 0x32, 0x3d, 0x3d, 0x28, 0x3d, 
	0x1d, 0x1d, 0x00, 0x3d, 0x58, 0x48, 0x03, 0x73, 
	0x74, 0x10, 0x75, 0x0b, 0x76, 0x56, 0x30, 0x58, 
	0x30, 0x61, 0x77, 0x78, 0x79, 0x12, 0x39, 0x72, 
	0x30, 0x30, 0x30, 0x59, 0x59, 0x28, 0x61, 0x28, 
	0x3d, 0x59, 0x3d, 0x30, 0x3d, 0x40, 0x03, 0x7a, 
	0x7b, 0x02, 0x7c, 0x15, 0x3a, 0x03, 0x30, 0x58, 
	0x3d, 0x61, 0x26, 0x12, 0x78, 0x3e, 0x7d, 0x59, 
	0x59, 0x05, 0x08, 0x02, 0x7e, 0x7f, 0x7f, 0x80, 
	0x81, 0x61, 0x28, 0x28, 0x30, 0x3d, 0x82, 0x83, 
	0x07, 0x1b, 0x84, 0x65, 0x05, 0x1c, 0x30, 0x30, 
	0x30, 0x28, 0x28, 0x28, 0x7f, 0x7f, 0x85, 0x6f, 
	0x33, 0x08, 0x6c, 0x6c, 0x03, 0x59, 0x3f, 0x86, 
	0x87, 0x61, 0x61, 0x61, 0x28, 0x3d, 0x88, 0x69, 
	0x89, 0x08, 0x3b, 0x56, 0x07, 0x06, 0x06, 0x05, 
	0x07, 0x28, 0x28, 0x30, 0x59, 0x2f, 0x8a, 0x8b, 
	0x28, 0x08, 0x0b, 0x0b, 0x3a, 0x05, 0x3d, 0x8a, 
	0x8c, 0x28, 0x28, 0x61, 0x28, 0x30, 0x6d, 0x8d, 
	0x8e, 0x8f, 0x2a, 0x90, 0x1b, 0x06, 0x06, 0x07, 
	0x07, 0x1d, 0x30, 0x3d, 0x3d, 0x3d, 0x61, 0x61, 
	0x3d, 0x07, 0x3b, 0x91, 0x3b, 0x08, 0x3d, 0x28, 
	0x27, 0x39, 0x28, 0x28, 0x28, 0x1d, 0x1d, 0x92, 
	0x86, 0x93, 0x94, 0x95, 0x96, 0x0b, 0x1d, 0x1b, 
	0x06, 0x3d, 0x1d, 0x30, 0x3d, 0x3d, 0x3d, 0x28, 
	0x2f, 0x04, 0x3a, 0x3b, 0x6c, 0x07, 0x06, 0x3d, 
	0x32, 0x72, 0x31, 0x1d, 0x05, 0x06, 0x05, 0x52, 
	0x97, 0x98, 0x19, 0x90, 0x29, 0x90, 0x06, 0x08, 
	0x06, 0x30, 0x1d, 0x30, 0x3d, 0x28, 0x61, 0x00, 
	0x31, 0x4d, 0x99, 0x1b, 0x6c, 0x1b, 0x1b, 0x08, 
	0x08, 0x08, 0x9a, 0x9b, 0x08, 0x1d, 0x30, 0x06, 
	0x06, 0x38, 0x3c, 0x90, 0x95, 0x29, 0x6c, 0x08, 
	0x07, 0x3d, 0x3d, 0x28, 0x28, 0x61, 0x61, 0x41, 
	0x04, 0x1d, 0x99, 0x9c, 0x9d, 0x9d, 0x9e, 0x13, 
	0x14, 0x90, 0x0b, 0x9f, 0x30, 0x61, 0x3d, 0x30, 
	0x1d, 0xa0, 0xa1, 0x90, 0x95, 0xa2, 0x96, 0x90, 
	0x06, 0x1d, 0x30, 0x1d, 0x05, 0x28, 0x61, 0x2f, 
	0x05, 0x05, 0x9c, 0xa3, 0xa4, 0x9d, 0xa5, 0x14, 
	0x96, 0x29, 0x90, 0xa6, 0x2f, 0x28, 0x59, 0x28, 
	0x1d, 0x04, 0xa7, 0x3b, 0xa2, 0xa8, 0xa9, 0x96, 
	0x05, 0x05, 0x05, 0x30, 0x1b, 0x06, 0x1d, 0x02, 
	0xaa, 0xab, 0x9c, 0xa4, 0xac, 0x9e, 0x90, 0x96, 
	0x95, 0x96, 0x14, 0x0b, 0x66, 0x27, 0x7d, 0x3d, 
	0x06, 0x08, 0x57, 0x97, 0xa9, 0xad, 0xa2, 0x95, 
	0x3b, 0x07, 0x07, 0x1d, 0x07, 0x07, 0x05, 0xae, 
	0xaf, 0xb0, 0x99, 0x99, 0xac, 0x1b, 0x90, 0x95, 
	0x95, 0x95, 0x14, 0x0b, 0x56, 0xb1, 0x58, 0x30, 
	0x07, 0x07, 0x40, 0x3a, 0xb2, 0x96, 0xa2, 0x29, 
	0x90, 0x6c, 0x06, 0x05, 0x08, 0x1b, 0x06, 0xb3, 
	0xaf, 0xb0, 0xab, 0x99, 0x07, 0x08, 0x13, 0x96, 
	0x96, 0x96, 0x14, 0x13, 0x1b, 0xb4, 0x04, 0x1b, 
	0x6c, 0x07, 0x6d, 0x32, 0xb5, 0x13, 0x95, 0x96, 
	0x14, 0x90, 0x6c, 0x7c, 0x3b, 0x6c, 0x06, 0x28, 
	0xb6, 0xb0, 0xab, 0x1b, 0x76, 0x0b, 0x0b, 0x29, 
	0x96, 0x96, 0x14, 0x14, 0x3c, 0x31, 0xa7, 0xb7, 
	0x3a, 0x1b, 0x48, 0x31, 0xb8, 0xb9, 0x29, 0x96, 
	0x90, 0x3b, 0x6c, 0xba, 0x2c, 0x6c, 0x06, 0x1d, 
	0x1d, 0x1d, 0x06, 0x15, 0xbb, 0xbc, 0x90, 0x14, 
	0x96, 0x96, 0x29, 0x14, 0x14, 0x13, 0x06, 0x03, 
	0x57, 0x65, 0x1c, 0x40, 0x77, 0xbd, 0xbe, 0x96, 
	0x90, 0x13, 0x3b, 0x49, 0xbf, 0x08, 0x06, 0x06, 
	0x65, 0x05, 0x05, 0x3b, 0xc0, 0x76, 0xbc, 0xc1, 
	0x14, 0x29, 0x29, 0x14, 0x90, 0x13, 0x13, 0x0b, 
	0xb9, 0xc2, 0x41, 0x00, 0x72, 0x6d, 0xc3, 0x96, 
	0x14, 0x90, 0x0b, 0x6c, 0x13, 0x1b, 0x04, 0xc4, 
	0x56, 0x07, 0x05, 0x02, 0xba, 0x0b, 0xbc, 0xc5, 
	0xc1, 0xc1, 0x14, 0x90, 0x13, 0x13, 0x0b, 0x1b, 
	0x47, 0xc6, 0x30, 0x32, 0x48, 0xa7, 0xc7, 0xc8, 
	0x90, 0x29, 0x14, 0x13, 0x13, 0x13, 0x0b, 0x2c, 
	0x3c, 0x40, 0x32, 0x41, 0x01, 0xc9, 0xbc, 0xbc, 
	0x91, 0xca, 0x13, 0x13, 0x13, 0x0b, 0x6c, 0x1d, 
	0x2f, 0x2e, 0x2f, 0x47, 0x57, 0xcb, 0xcc, 0xcd, 
	0x1c, 0x65, 0x14, 0x29, 0x90, 0x90, 0x90, 0x0b, 
	0x75, 0x52, 0x06, 0x06, 0x58, 0x42, 0x6b, 0x0b, 
	0xc8, 0xce, 0x0b, 0x0b, 0x13, 0x0b, 0x06, 0x61, 
	0x39, 0xcf, 0xd0, 0x54, 0x0e, 0xd1, 0xd2, 0xd3, 
	0x1b, 0xd4, 0xd5, 0x96, 0x96, 0x90, 0x6c, 0x3b, 
	0x51, 0x05, 0x1d, 0x06, 0x47, 0x92, 0x08, 0x3c, 
	0x5f, 0xd6, 0x0b, 0x13, 0x13, 0x13, 0x06, 0x28, 
	0xd7, 0x69, 0xd8, 0x3a, 0xd9, 0xda, 0xdb, 0xdc, 
	0x1a, 0xdd, 0xde, 0x29, 0x29, 0x65, 0x10, 0x52, 
	0x2d, 0x05, 0x41, 0x1d, 0x1d, 0x48, 0x49, 0x08, 
	0xc9, 0x2a, 0x6c, 0x13, 0x0b, 0x3b, 0x05, 0x1c, 
	0x72, 0xd7, 0x05, 0x3b, 0x0b, 0xdf, 0x50, 0xe0, 
	0x92, 0x02, 0x13, 0x96, 0x96, 0x2a, 0xb5, 0x2e, 
	0x16, 0x05, 0x58, 0x59, 0x32, 0x1d, 0xb5, 0xe1, 
	0xe2, 0x57, 0x75, 0x75, 0xe3, 0x3a, 0x08, 0x07, 
	0x04, 0x10, 0x52, 0x08, 0x3b, 0x07, 0xe4, 0xe5, 
	0x25, 0x75, 0x29, 0x95, 0x95, 0x15, 0x1d, 0x42, 
	0x01, 0x0f, 0x47, 0x72, 0x6d, 0x06, 0x52, 0xb5, 
	0x92, 0x40, 0x04, 0x65, 0x56, 0x19, 0x2a, 0x0b, 
	0x6b, 0x2e, 0x46, 0x07, 0x1a, 0x52, 0x2e, 0x82, 
	0x0b, 0x90, 0x96, 0xc1, 0xe6, 0xe7, 0x42, 0x57, 
	
};

Gfx lll_dl_tex1_256x256_m_efb7885b915ac15a_14_pal_rgba16_aligner[] = {gsSPEndDisplayList()};
u8 lll_dl_tex1_256x256_m_efb7885b915ac15a_14_pal_rgba16[] = {
	0xe8, 0x41, 0xea, 0x41, 0xc8, 0x41, 0xd0, 0x41, 
	0xd8, 0xc1, 0xc8, 0x01, 0xd0, 0x01, 0xc0, 0x01, 
	0xb0, 0x01, 0xec, 0x09, 0xeb, 0xcd, 0x98, 0x01, 
	0xc0, 0xc1, 0xfc, 0x83, 0xeb, 0x01, 0xd9, 0x41, 
	0xf1, 0x41, 0xfa, 0xc1, 0xfa, 0x01, 0x90, 0x01, 
	0x80, 0x01, 0xa8, 0x41, 0xeb, 0x81, 0xfe, 0x0b, 
	0xfc, 0x03, 0xd9, 0x81, 0xd0, 0x81, 0xb8, 0x01, 
	0xd8, 0x41, 0xd8, 0x01, 0xd9, 0xc1, 0xfb, 0x43, 
	0xf2, 0xc3, 0xf4, 0x4b, 0xf4, 0x05, 0xff, 0x17, 
	0xf3, 0x81, 0xe9, 0xc1, 0xfa, 0x81, 0xf9, 0x81, 
	0xf0, 0x01, 0x78, 0x01, 0xb0, 0x81, 0xc1, 0x81, 
	0xa8, 0x81, 0xf4, 0x41, 0xfc, 0x81, 0xf0, 0xc1, 
	0xe0, 0x01, 0xe9, 0x41, 0xe8, 0xc1, 0xf1, 0xc1, 
	0xfe, 0xdb, 0xfe, 0x93, 0xf4, 0x89, 0xfd, 0x49, 
	0xe9, 0x81, 0xf1, 0x01, 0xb0, 0x41, 0xa0, 0x01, 
	0xb8, 0x41, 0xe8, 0x01, 0xf9, 0x01, 0xf9, 0xc1, 
	0xe0, 0x81, 0xe0, 0x41, 0xf2, 0xc1, 0xfb, 0x81, 
	0xfe, 0x97, 0xf4, 0xcb, 0xea, 0x01, 0xe0, 0xc1, 
	0xe1, 0x01, 0xd1, 0x01, 0xeb, 0x0b, 0xf5, 0xcd, 
	0xe3, 0x0b, 0xf0, 0x81, 0xeb, 0x83, 0xe2, 0xc7, 
	0xeb, 0x85, 0xe1, 0x41, 0xd8, 0x81, 0xfb, 0x05, 
	0xea, 0xc1, 0xeb, 0xcb, 0xc0, 0x41, 0xd0, 0xc1, 
	0xe8, 0x81, 0xf0, 0x41, 0xfa, 0x03, 0xf3, 0x41, 
	0xe2, 0x83, 0xf2, 0x01, 0xd2, 0x01, 0xda, 0x81, 
	0xe2, 0x41, 0xf8, 0x01, 0xfb, 0x09, 0xfd, 0x9f, 
	0xf2, 0x41, 0xc8, 0x81, 0xd9, 0x01, 0xf8, 0x41, 
	0xfd, 0x91, 0xfe, 0x9d, 0xf8, 0x81, 0xb8, 0x81, 
	0xa8, 0x01, 0xe9, 0x01, 0xd1, 0x41, 0xfc, 0xcb, 
	0xfb, 0x49, 0xfc, 0x41, 0xf1, 0x81, 0xd1, 0x43, 
	0xea, 0x49, 0xc8, 0xc1, 0xa0, 0x41, 0xfb, 0xc1, 
	0xfb, 0x01, 0xfa, 0x41, 0xeb, 0xcf, 0xeb, 0x4d, 
	0xc1, 0x01, 0xf8, 0xc1, 0xea, 0x81, 0xf9, 0x41, 
	0xf9, 0x43, 0xf8, 0xc3, 0xe2, 0x03, 0xfc, 0xd5, 
	0xda, 0x01, 0xfc, 0x55, 0xfd, 0xd7, 0xfb, 0x0b, 
	0xf2, 0x83, 0xc8, 0x43, 0xf2, 0x07, 0xfd, 0x05, 
	0xfa, 0x05, 0xf4, 0x11, 0xfd, 0x5f, 0xf4, 0x0d, 
	0x88, 0x01, 0x98, 0x41, 0xf2, 0x81, 0xff, 0x67, 
	0xc9, 0xc3, 0x68, 0x01, 0x70, 0x01, 0xc9, 0x01, 
	0xf5, 0x91, 0xd0, 0x03, 0xc9, 0x43, 0xd1, 0x87, 
	0xd8, 0x05, 0xc8, 0x03, 0xb8, 0x03, 0xd9, 0x43, 
	0xea, 0x43, 0xd2, 0x45, 0x58, 0x01, 0xe0, 0x49, 
	0xe0, 0x07, 0xb0, 0x03, 0xda, 0x4b, 0xe1, 0xc1, 
	0x50, 0x01, 0x60, 0x01, 0xe0, 0x03, 0xd8, 0x03, 
	0xe0, 0x47, 0x48, 0x01, 0xe0, 0x83, 0xf8, 0x05, 
	0xf0, 0x03, 0xfc, 0x0b, 0xe3, 0x05, 0xf0, 0x45, 
	0xf4, 0x8d, 0xf3, 0x01, 0xe8, 0x03, 0xeb, 0x49, 
	0xfc, 0x43, 0xc9, 0x03, 0xc0, 0x81, 0xa0, 0xc1, 
	0x90, 0x41, 0xeb, 0x87, 0xa0, 0x81, 0xb9, 0x01, 
	0xa8, 0xc1, 0x88, 0x41, 0xfc, 0xd1, 0xd1, 0xc3, 
	0xd1, 0x81, 0x98, 0x81, 0xf3, 0x83, 0xf5, 0x55, 
	0xb8, 0xc1, 0xc9, 0x81, 0x90, 0x81, 0xeb, 0xc3, 
	0xff, 0x1b, 0xf3, 0x45, 0xb0, 0xc1, 0xfe, 0x55, 
	0xfc, 0xcd, 0xe3, 0x83, 0xfe, 0xd9, 0xec, 0x53, 
	0xd8, 0xc3, 0xda, 0x47, 0xb1, 0x01, 0xf1, 0xc5, 
	0xd0, 0xc3, 0xda, 0x03, 0xf6, 0x59, 0xf6, 0x17, 
	0xf4, 0xcd, 0xf3, 0xc3, 0xe2, 0x07, 0xd1, 0x83, 
	0xec, 0x41, 0xeb, 0x41, 0xe1, 0x81, 0xc9, 0x41, 
	0xfc, 0xc7, 0xfd, 0x4d, 0xb9, 0x03, 0xda, 0x41, 
	
};

Gfx lll_dl_tex1_128x128_b53e167bdc655fa5_14_ci8_copy_aligner[] = {gsSPEndDisplayList()};
u8 lll_dl_tex1_128x128_b53e167bdc655fa5_14_ci8_copy[] = {
	0x00, 0x00, 0x01, 0x02, 0x03, 0x04, 0x05, 0x05, 
	0x06, 0x07, 0x08, 0x09, 0x0a, 0x01, 0x0b, 0x08, 
	0x0a, 0x0c, 0x0d, 0x0e, 0x0f, 0x10, 0x11, 0x12, 
	0x13, 0x14, 0x15, 0x16, 0x17, 0x18, 0x19, 0x1a, 
	0x1b, 0x1c, 0x1d, 0x1d, 0x1d, 0x1e, 0x1e, 0x05, 
	0x1f, 0x1f, 0x03, 0x02, 0x1d, 0x20, 0x08, 0x21, 
	0x22, 0x23, 0x24, 0x25, 0x26, 0x27, 0x25, 0x19, 
	0x28, 0x19, 0x29, 0x28, 0x2a, 0x2b, 0x2c, 0x2d, 
	0x2e, 0x11, 0x2f, 0x2f, 0x30, 0x0b, 0x1d, 0x31, 
	0x32, 0x33, 0x02, 0x34, 0x35, 0x02, 0x2f, 0x36, 
	0x0b, 0x37, 0x38, 0x28, 0x39, 0x22, 0x15, 0x1a, 
	0x3a, 0x2f, 0x19, 0x3b, 0x3c, 0x29, 0x3d, 0x2a, 
	0x3e, 0x28, 0x22, 0x02, 0x19, 0x3f, 0x15, 0x08, 
	0x40, 0x41, 0x08, 0x1d, 0x42, 0x43, 0x15, 0x44, 
	0x45, 0x46, 0x12, 0x2a, 0x00, 0x24, 0x3e, 0x28, 
	0x43, 0x47, 0x24, 0x48, 0x49, 0x4a, 0x17, 0x4b, 
	0x12, 0x1c, 0x00, 0x25, 0x4c, 0x3c, 0x12, 0x2e, 
	0x15, 0x28, 0x29, 0x03, 0x4d, 0x4e, 0x4f, 0x50, 
	0x40, 0x1f, 0x46, 0x09, 0x01, 0x51, 0x2c, 0x52, 
	0x24, 0x51, 0x3a, 0x36, 0x36, 0x52, 0x53, 0x54, 
	0x22, 0x55, 0x56, 0x57, 0x29, 0x52, 0x54, 0x2d, 
	0x2d, 0x11, 0x01, 0x08, 0x58, 0x08, 0x0b, 0x24, 
	0x46, 0x59, 0x31, 0x5a, 0x21, 0x50, 0x29, 0x0b, 
	0x37, 0x5b, 0x5c, 0x5d, 0x5e, 0x4e, 0x52, 0x28, 
	0x5f, 0x51, 0x04, 0x28, 0x29, 0x60, 0x15, 0x14, 
	0x61, 0x3e, 0x40, 0x15, 0x36, 0x62, 0x37, 0x63, 
	0x00, 0x00, 0x64, 0x1f, 0x33, 0x65, 0x58, 0x66, 
	0x67, 0x68, 0x69, 0x6a, 0x58, 0x00, 0x00, 0x15, 
	0x15, 0x47, 0x47, 0x08, 0x2d, 0x29, 0x15, 0x2a, 
	0x6b, 0x6c, 0x51, 0x51, 0x4e, 0x6d, 0x6e, 0x50, 
	0x6d, 0x63, 0x37, 0x36, 0x38, 0x58, 0x36, 0x4e, 
	0x5d, 0x36, 0x4e, 0x68, 0x24, 0x33, 0x09, 0x16, 
	0x6f, 0x47, 0x39, 0x12, 0x11, 0x70, 0x11, 0x71, 
	0x72, 0x73, 0x51, 0x22, 0x29, 0x74, 0x07, 0x65, 
	0x75, 0x76, 0x22, 0x77, 0x5b, 0x5e, 0x5b, 0x0b, 
	0x36, 0x78, 0x0b, 0x24, 0x79, 0x29, 0x39, 0x22, 
	0x41, 0x15, 0x12, 0x7a, 0x7b, 0x7c, 0x7d, 0x7e, 
	0x7f, 0x6f, 0x80, 0x81, 0x28, 0x4e, 0x06, 0x31, 
	0x82, 0x83, 0x78, 0x36, 0x84, 0x53, 0x38, 0x85, 
	0x4f, 0x24, 0x14, 0x12, 0x62, 0x4e, 0x41, 0x11, 
	0x52, 0x86, 0x15, 0x11, 0x28, 0x12, 0x87, 0x88, 
	0x89, 0x8a, 0x12, 0x3a, 0x11, 0x0b, 0x59, 0x8b, 
	0x05, 0x8c, 0x02, 0x3c, 0x1c, 0x7a, 0x58, 0x09, 
	0x09, 0x52, 0x55, 0x16, 0x8d, 0x41, 0x41, 0x62, 
	0x8e, 0x2a, 0x2a, 0x8f, 0x90, 0x18, 0x91, 0x92, 
	0x93, 0x15, 0x7b, 0x47, 0x51, 0x3c, 0x40, 0x8b, 
	0x94, 0x1f, 0x02, 0x3c, 0x50, 0x0b, 0x4e, 0x8d, 
	0x1b, 0x95, 0x96, 0x97, 0x98, 0x8d, 0x41, 0x99, 
	0x54, 0x17, 0x9a, 0x2d, 0x6f, 0x9b, 0x9c, 0x7a, 
	0x60, 0x9d, 0x60, 0x39, 0x56, 0x9d, 0x15, 0x41, 
	0x8b, 0x0a, 0x0a, 0x25, 0x57, 0x81, 0x85, 0x55, 
	0x9e, 0x95, 0x98, 0x87, 0x17, 0x9e, 0x9f, 0xa0, 
	0x2a, 0xa1, 0xa2, 0xa0, 0x56, 0xa1, 0x9a, 0xa3, 
	0x7b, 0x6f, 0x3f, 0xa4, 0x6f, 0x11, 0x85, 0x29, 
	0x0b, 0x5f, 0x2b, 0x02, 0x41, 0x0b, 0x22, 0xa5, 
	0x99, 0x84, 0x16, 0xa6, 0xa7, 0xa0, 0x9c, 0x3e, 
	0xa4, 0x41, 0xa8, 0xa9, 0xa1, 0x6c, 0xaa, 0xab, 
	0x18, 0x97, 0xac, 0x17, 0x52, 0x2c, 0x15, 0x3b, 
	0x08, 0x50, 0x08, 0xad, 0x46, 0x04, 0x57, 0x51, 
	0x98, 0x53, 0x1c, 0xa7, 0x17, 0x17, 0x3e, 0x18, 
	0x56, 0x70, 0x6b, 0xae, 0xaf, 0xb0, 0xb1, 0x11, 
	0xb2, 0xb3, 0xb3, 0x3e, 0xb4, 0x13, 0x1a, 0xaa, 
	0x15, 0x17, 0x15, 0x56, 0x5f, 0x46, 0x01, 0x2f, 
	0x43, 0x52, 0x7c, 0x9a, 0x3e, 0xb5, 0xb6, 0x2a, 
	0xb7, 0x2d, 0x91, 0xb8, 0xb9, 0xb3, 0xa0, 0x7a, 
	0xba, 0x91, 0xa5, 0xbb, 0xa5, 0xbc, 0xbd, 0xbe, 
	0xba, 0xbe, 0x17, 0x02, 0x3c, 0x09, 0x29, 0x47, 
	0xab, 0x9d, 0x52, 0xbf, 0x6f, 0x3d, 0xc0, 0xc1, 
	0x8f, 0xaa, 0xc2, 0xc3, 0xc4, 0x9e, 0x3d, 0x3d, 
	0x9e, 0xc5, 0xc6, 0xc0, 0x91, 0x6b, 0xa7, 0xc7, 
	0x9b, 0x18, 0x3a, 0x01, 0xc8, 0x01, 0x3b, 0x56, 
	0xc9, 0x7b, 0x15, 0xbe, 0xba, 0xba, 0xa5, 0x91, 
	0xa7, 0x81, 0xca, 0x3d, 0xb8, 0x9a, 0x88, 0xac, 
	0x55, 0xcb, 0xcc, 0x7a, 0x6f, 0x7b, 0xcd, 0x91, 
	0x3e, 0x51, 0x01, 0x0a, 0xce, 0x2f, 0xcf, 0x0d, 
	0xd0, 0x3b, 0xaa, 0x10, 0x81, 0xd1, 0xd2, 0x2c, 
	0xd3, 0xd3, 0x8e, 0x91, 0x98, 0x3e, 0x1a, 0xd0, 
	0xa3, 0xa3, 0xd4, 0xa5, 0x6f, 0x41, 0x2d, 0x8d, 
	0xd5, 0xab, 0x01, 0x0d, 0xd6, 0x03, 0xd6, 0x30, 
	0xd7, 0x92, 0x70, 0xd8, 0xd9, 0xda, 0xdb, 0x6f, 
	0xbd, 0xac, 0x3e, 0x2d, 0x2a, 0x8d, 0x52, 0x70, 
	0x81, 0x3b, 0x29, 0x54, 0x7b, 0x29, 0x6f, 0x1a, 
	0x08, 0x14, 0x51, 0x43, 0x0d, 0x4c, 0x0f, 0x27, 
	0xdb, 0xdc, 0xdd, 0xde, 0xdf, 0x92, 0x8a, 0xe0, 
	0xb4, 0x56, 0x39, 0x22, 0x12, 0x14, 0x8d, 0x24, 
	0x2a, 0x2a, 0x2d, 0x4a, 0x29, 0x28, 0x11, 0xd9, 
	0x51, 0x01, 0x51, 0x43, 0x4c, 0xe1, 0xe2, 0xcf, 
	0x2f, 0x43, 0x34, 0xcf, 0x70, 0x92, 0xe3, 0x2d, 
	0x18, 0x86, 0x41, 0x52, 0x8d, 0x39, 0x04, 0x24, 
	0x19, 0x11, 0x2a, 0x1b, 0x1c, 0x0b, 0x3a, 0x41, 
	0x5f, 0x04, 0x0a, 0x5f, 0x35, 0xe4, 0xe2, 0x34, 
	0x0d, 0xab, 0x25, 0xdd, 0xd0, 0x6f, 0x3b, 0xe5, 
	0x39, 0xe6, 0x13, 0x77, 0x28, 0x3a, 0xab, 0x43, 
	0x04, 0x51, 0x1d, 0xb4, 0x2a, 0x50, 0x08, 0x5f, 
	0x28, 0x5f, 0xe7, 0x08, 0x93, 0xc9, 0xe8, 0x0f, 
	0xd6, 0xd6, 0xe9, 0xd9, 0xcd, 0x11, 0xab, 0x29, 
	0x08, 0x47, 0x0c, 0x5f, 0xea, 0xeb, 0x2f, 0x03, 
	0x01, 0x43, 0x2f, 0x08, 0x0b, 0x0a, 0x08, 0x3a, 
	0x39, 0x41, 0x11, 0x28, 0x29, 0x01, 0x0c, 0x57, 
	0x34, 0xdc, 0xec, 0xd9, 0x3e, 0xab, 0x25, 0x0d, 
	0x47, 0x0d, 0x43, 0x2f, 0x43, 0x02, 0x8c, 0x43, 
	0xed, 0x1e, 0x8c, 0x8c, 0x3c, 0x43, 0x2b, 0x22, 
	0x41, 0x7a, 0x3b, 0x0d, 0x2b, 0xdc, 0xee, 0x88, 
	0xef, 0xd7, 0x35, 0x0d, 0xe9, 0xc9, 0x4d, 0x0d, 
	0x0d, 0xab, 0x30, 0x8c, 0x8c, 0x1d, 0x1d, 0x02, 
	0x04, 0x5a, 0xf0, 0x8c, 0x3c, 0x4d, 0xd6, 0xe6, 
	0x19, 0x0b, 0x22, 0xab, 0x27, 0x7a, 0xf1, 0x55, 
	0xf2, 0xdc, 0x35, 0xd0, 0x35, 0xf3, 0xd7, 0x47, 
	0x2f, 0xc8, 0x08, 0x1d, 0x1e, 0x03, 0x1e, 0x03, 
	0xf4, 0x08, 0x50, 0x40, 0x83, 0x22, 0x02, 0x43, 
	0x03, 0x25, 0x11, 0xa3, 0x6f, 0xc2, 0xa1, 0x6b, 
	0x56, 0xe2, 0xf5, 0x0d, 0x35, 0x0d, 0x0d, 0x3a, 
	0xab, 0x0d, 0x09, 0x09, 0x8b, 0x1e, 0x1e, 0x0a, 
	0x05, 0x20, 0xf6, 0x94, 0x20, 0x0a, 0x47, 0x03, 
	0x34, 0x0d, 0x3b, 0x7a, 0xf7, 0x8f, 0x8f, 0x18, 
	0x81, 0x35, 0xab, 0xd0, 0xd6, 0x0d, 0x30, 0x43, 
	0x0d, 0x34, 0x02, 0x08, 0x5f, 0x30, 0xf8, 0x40, 
	0xf9, 0xf6, 0x31, 0x1d, 0x20, 0xfa, 0x16, 0x59, 
	0x7b, 0x16, 0x12, 0xcf, 0x11, 0xfb, 0x52, 0x4a, 
	0xa3, 0xdd, 0xdd, 0x4d, 0xd6, 0x0d, 0x57, 0xcf, 
	0x02, 0x1e, 0x02, 0x59, 0x40, 0x1e, 0x1d, 0x32, 
	0xfc, 0xfc, 0x69, 0x69, 0x50, 0x00, 0x49, 0x3a, 
	0x22, 0x2d, 0x56, 0xe9, 0x7b, 0x41, 0x3f, 0x28, 
	0x60, 0x12, 0x9b, 0x70, 0xd7, 0x47, 0xab, 0x2b, 
	0x2f, 0x02, 0x01, 0x08, 0xeb, 0xf8, 0x1d, 0x1f, 
	0x50, 0x68, 0xfd, 0x40, 0x08, 0x0b, 0x08, 0x39, 
	0x51, 0xfe, 0x11, 0x28, 0x28, 0x2d, 0x15, 0x3b, 
	0x18, 0xff, 0xcf, 0xa7, 0x18, 0x29, 0x0d, 0x0d, 
	
};

Gfx lll_dl_tex1_128x128_b53e167bdc655fa5_14_pal_rgba16_copy_aligner[] = {gsSPEndDisplayList()};
u8 lll_dl_tex1_128x128_b53e167bdc655fa5_14_pal_rgba16_copy[] = {
	0xe1, 0xc3, 0xb9, 0x41, 0xa9, 0x01, 0x90, 0xc1, 
	0xc1, 0x41, 0xa8, 0xc1, 0xd9, 0x41, 0xe9, 0xc5, 
	0xc9, 0x83, 0xd1, 0x83, 0xc1, 0x43, 0xd9, 0xc3, 
	0xa1, 0x03, 0x91, 0x01, 0xba, 0x45, 0x68, 0x81, 
	0xba, 0x03, 0xc1, 0xc3, 0xca, 0x03, 0xca, 0x05, 
	0xd1, 0xc1, 0xd2, 0x03, 0xda, 0x45, 0xe2, 0x85, 
	0xc2, 0x03, 0xb9, 0x83, 0xb1, 0x81, 0xe2, 0x87, 
	0xe2, 0x45, 0xb1, 0x01, 0x98, 0xc1, 0xc1, 0x01, 
	0xb1, 0x03, 0xe2, 0x05, 0xc1, 0x83, 0xfb, 0x09, 
	0xe2, 0x03, 0xa1, 0x43, 0x48, 0x81, 0x99, 0x43, 
	0xc9, 0xc3, 0xd1, 0xc3, 0xe2, 0x43, 0xb1, 0x43, 
	0xe2, 0x83, 0xda, 0x43, 0xf3, 0x8b, 0xa1, 0x01, 
	0x88, 0xc1, 0xd9, 0x43, 0xe9, 0x83, 0xf1, 0xc3, 
	0x80, 0xc1, 0x70, 0xc1, 0xea, 0x45, 0xf2, 0x45, 
	0xf2, 0x87, 0xb9, 0x81, 0xc1, 0x81, 0xb1, 0x83, 
	0xb9, 0x43, 0xf3, 0x87, 0xea, 0xc5, 0xc2, 0x05, 
	0xc9, 0x41, 0xda, 0x03, 0x90, 0x81, 0x99, 0x01, 
	0xfa, 0x43, 0xe9, 0xc1, 0xd9, 0x81, 0xa9, 0x41, 
	0xc9, 0xc5, 0xd2, 0x05, 0xeb, 0x07, 0xfc, 0x09, 
	0x70, 0x81, 0x91, 0x03, 0xea, 0x03, 0xf2, 0x43, 
	0xd9, 0x83, 0xb1, 0x41, 0xea, 0x85, 0xfb, 0x07, 
	0xf3, 0x47, 0xeb, 0x49, 0xb9, 0xc3, 0xa9, 0x43, 
	0xe9, 0xc3, 0xd1, 0x81, 0xb9, 0x03, 0xfa, 0xc7, 
	0xe3, 0x4f, 0xf2, 0x47, 0xfa, 0x87, 0xc9, 0x81, 
	0xd2, 0x01, 0xf2, 0xc7, 0xf2, 0x85, 0xf2, 0x05, 
	0xd1, 0x43, 0xf1, 0xc5, 0xe2, 0xc7, 0xf3, 0x09, 
	0xea, 0x05, 0xfa, 0x03, 0xea, 0x47, 0xe3, 0x47, 
	0xda, 0xc7, 0xe1, 0x83, 0xe1, 0x85, 0xd2, 0x43, 
	0xb1, 0xc3, 0x79, 0x83, 0xd3, 0xcb, 0xe4, 0x0d, 
	0xda, 0x47, 0xda, 0x07, 0xc9, 0x85, 0xfa, 0x85, 
	0xd9, 0xc5, 0xda, 0x01, 0xda, 0x85, 0xc9, 0xc1, 
	0xe3, 0x89, 0xca, 0x87, 0xb3, 0x09, 0x82, 0x89, 
	0xdb, 0x09, 0xa1, 0x83, 0xe1, 0x41, 0xe1, 0xc5, 
	0xfb, 0x49, 0xda, 0x05, 0xea, 0xc7, 0xdb, 0x07, 
	0xc2, 0x45, 0xc2, 0x43, 0x99, 0x81, 0xb9, 0x01, 
	0xa0, 0xc1, 0xea, 0x43, 0xfb, 0x47, 0xda, 0xc5, 
	0xcb, 0x05, 0xeb, 0x05, 0xb2, 0x03, 0xca, 0x43, 
	0xb0, 0xc1, 0xfb, 0xcb, 0xf3, 0x49, 0xf3, 0x07, 
	0xf2, 0xc5, 0xfb, 0xc9, 0xf3, 0xc9, 0xda, 0x83, 
	0xf3, 0x89, 0xc1, 0xc1, 0xf4, 0x0b, 0xeb, 0xc9, 
	0xf4, 0x09, 0xeb, 0x89, 0xfd, 0x51, 0xca, 0x45, 
	0xca, 0x01, 0xeb, 0x47, 0xda, 0x87, 0xe3, 0x07, 
	0xdc, 0x4d, 0xff, 0x19, 0xb9, 0xc1, 0xa1, 0x41, 
	0xd2, 0xc7, 0xfb, 0x05, 0xfd, 0xd1, 0xfe, 0x13, 
	0xf4, 0x4d, 0xca, 0xc7, 0xa9, 0xc3, 0xeb, 0x87, 
	0xd2, 0x45, 0xea, 0xc3, 0xf2, 0xc3, 0xe2, 0x01, 
	0xfc, 0x8b, 0xec, 0x4b, 0xe2, 0xc5, 0xfa, 0xc5, 
	0xd3, 0x05, 0xd2, 0xc5, 0xd2, 0x85, 0xf3, 0x05, 
	0xea, 0x83, 0xf2, 0x81, 0xc2, 0x85, 0xe4, 0xd1, 
	0xd3, 0x89, 0xfe, 0x59, 0xdb, 0xcb, 0xe3, 0x05, 
	0xa9, 0x03, 0xa9, 0x83, 0x91, 0x83, 0xfd, 0x53, 
	0xf4, 0xcf, 0xca, 0x85, 0x99, 0x03, 0x89, 0x01, 
	0x99, 0x41, 0x9a, 0x45, 0xc3, 0x05, 0xfc, 0xcd, 
	0xec, 0x8f, 0xdb, 0x05, 0x78, 0xc1, 0x81, 0x01, 
	0xaa, 0x03, 0xa1, 0xc3, 0x71, 0x01, 0x91, 0x41, 
	0x91, 0x43, 0x79, 0x01, 0xa2, 0x45, 0xd2, 0x83, 
	0xba, 0x05, 0x58, 0x41, 0x60, 0x81, 0xd2, 0x41, 
	0x10, 0x01, 0xe2, 0x41, 0x89, 0x03, 0xd9, 0xc1, 
	0x58, 0xc1, 0xa9, 0x81, 0xd1, 0xc5, 0xc9, 0x43, 
	0x71, 0x43, 0x88, 0x81, 0x79, 0xc5, 0xa9, 0xc5, 
	0xc9, 0x45, 0xf4, 0x4b, 0xd2, 0x87, 0x79, 0x03, 
	0x80, 0x81, 0x68, 0xc1, 0xf1, 0x83, 0xda, 0xc3, 
	0xc1, 0x03, 0xe9, 0x85, 0xf3, 0x0b, 0xfb, 0x87, 
	0xfa, 0x07, 0xf2, 0x03, 0xb1, 0xc1, 0xc2, 0x01, 
	
};

Gfx lll_dl_tex1_128x128_m_a49a592da7dc8526_5_mip2_ci8_aligner[] = {gsSPEndDisplayList()};
u8 lll_dl_tex1_128x128_m_a49a592da7dc8526_5_mip2_ci8[] = {
	0x00, 0x01, 0x02, 0x03, 0x04, 0x05, 0x05, 0x06, 
	0x07, 0x01, 0x08, 0x09, 0x02, 0x09, 0x0a, 0x0b, 
	0x05, 0x0b, 0x0c, 0x07, 0x0d, 0x08, 0x0e, 0x02, 
	0x07, 0x06, 0x05, 0x05, 0x0f, 0x10, 0x08, 0x11, 
	0x05, 0x05, 0x0b, 0x12, 0x13, 0x11, 0x02, 0x14, 
	0x15, 0x0b, 0x05, 0x05, 0x05, 0x16, 0x17, 0x18, 
	0x02, 0x19, 0x1a, 0x0c, 0x05, 0x05, 0x05, 0x0b, 
	0x1b, 0x14, 0x0d, 0x0d, 0x1a, 0x1c, 0x1d, 0x05, 
	0x05, 0x05, 0x05, 0x1e, 0x09, 0x1f, 0x20, 0x1a, 
	0x21, 0x05, 0x05, 0x05, 0x05, 0x0b, 0x12, 0x22, 
	0x23, 0x02, 0x12, 0x0b, 0x05, 0x05, 0x05, 0x05, 
	0x1d, 0x1a, 0x23, 0x20, 0x18, 0x0c, 0x05, 0x05, 
	0x24, 0x1a, 0x14, 0x03, 0x1d, 0x05, 0x05, 0x0c, 
	0x14, 0x25, 0x17, 0x17, 0x07, 0x14, 0x26, 0x0b, 
	0x05, 0x0b, 0x26, 0x14, 0x1a, 0x03, 0x03, 0x07, 
	0x24, 0x1e, 0x05, 0x05, 0x0c, 0x07, 0x1a, 0x07, 
	0x27, 0x28, 0x0c, 0x05, 0x05, 0x05, 0x05, 0x05, 
	0x05, 0x29, 0x2a, 0x2b, 0x19, 0x0b, 0x05, 0x05, 
	0x05, 0x05, 0x05, 0x0b, 0x18, 0x2b, 0x2c, 0x03, 
	0x05, 0x05, 0x05, 0x05, 0x05, 0x05, 0x2d, 0x20, 
	0x0c, 0x0c, 0x07, 0x14, 0x2e, 0x21, 0x16, 0x26, 
	0x14, 0x03, 0x21, 0x21, 0x26, 0x14, 0x24, 0x0c, 
	0x21, 0x0c, 0x17, 0x07, 0x26, 0x06, 0x0c, 0x24, 
	0x14, 0x03, 0x21, 0x21, 0x2d, 0x1b, 0x03, 0x2f, 
	0x05, 0x05, 0x05, 0x0b, 0x18, 0x30, 0x31, 0x32, 
	0x05, 0x05, 0x05, 0x05, 0x05, 0x05, 0x0c, 0x33, 
	0x34, 0x35, 0x2d, 0x05, 0x05, 0x05, 0x05, 0x05, 
	0x36, 0x17, 0x37, 0x38, 0x09, 0x0b, 0x05, 0x05, 
	0x0b, 0x0b, 0x1c, 0x07, 0x1a, 0x03, 0x17, 0x14, 
	0x17, 0x06, 0x05, 0x05, 0x1d, 0x26, 0x07, 0x17, 
	0x03, 0x17, 0x1a, 0x26, 0x1d, 0x05, 0x39, 0x0c, 
	0x24, 0x07, 0x17, 0x03, 0x1a, 0x07, 0x1e, 0x04, 
	0x3a, 0x02, 0x12, 0x0b, 0x05, 0x05, 0x05, 0x05, 
	0x3b, 0x1a, 0x3c, 0x20, 0x18, 0x2e, 0x0b, 0x05, 
	0x05, 0x05, 0x0b, 0x2e, 0x18, 0x3d, 0x3e, 0x09, 
	0x0c, 0x05, 0x05, 0x05, 0x05, 0x06, 0x03, 0x3f, 
	0x40, 0x18, 0x26, 0x06, 0x05, 0x05, 0x05, 0x05, 
	0x0c, 0x25, 0x02, 0x11, 0x09, 0x26, 0x0b, 0x05, 
	0x05, 0x05, 0x0b, 0x2e, 0x09, 0x11, 0x0d, 0x25, 
	0x0c, 0x0b, 0x05, 0x05, 0x05, 0x0b, 0x26, 0x02, 
	0x05, 0x05, 0x0c, 0x41, 0x14, 0x08, 0x14, 0x25, 
	0x03, 0x06, 0x05, 0x05, 0x0b, 0x1b, 0x17, 0x14, 
	0x09, 0x25, 0x17, 0x2e, 0x0b, 0x05, 0x05, 0x06, 
	0x03, 0x1a, 0x14, 0x18, 0x17, 0x42, 0x06, 0x0f, 
	0x05, 0x05, 0x05, 0x21, 0x18, 0x43, 0x44, 0x17, 
	0x0b, 0x05, 0x05, 0x05, 0x05, 0x05, 0x2d, 0x02, 
	0x45, 0x46, 0x2e, 0x05, 0x05, 0x05, 0x05, 0x05, 
	0x0b, 0x12, 0x44, 0x38, 0x18, 0x21, 0x05, 0x05, 
	0x47, 0x12, 0x1a, 0x1a, 0x0c, 0x0b, 0x0b, 0x26, 
	0x25, 0x1a, 0x1e, 0x1e, 0x03, 0x14, 0x17, 0x21, 
	0x36, 0x21, 0x03, 0x1a, 0x12, 0x1e, 0x1c, 0x17, 
	0x14, 0x1c, 0x0b, 0x0b, 0x2e, 0x14, 0x17, 0x03, 
	0x48, 0x49, 0x0c, 0x05, 0x05, 0x05, 0x05, 0x05, 
	0x05, 0x29, 0x2c, 0x2b, 0x19, 0x1d, 0x05, 0x05, 
	0x05, 0x05, 0x05, 0x0b, 0x25, 0x4a, 0x4b, 0x32, 
	0x05, 0x05, 0x05, 0x05, 0x05, 0x05, 0x0c, 0x20, 
	0x2f, 0x1b, 0x07, 0x24, 0x0c, 0x0b, 0x0b, 0x2e, 
	0x14, 0x17, 0x15, 0x1e, 0x03, 0x14, 0x03, 0x21, 
	0x0b, 0x21, 0x03, 0x14, 0x17, 0x0c, 0x1e, 0x17, 
	0x1a, 0x2e, 0x21, 0x0b, 0x21, 0x29, 0x17, 0x03, 
	0x05, 0x05, 0x05, 0x06, 0x18, 0x4c, 0x2c, 0x1a, 
	0x1d, 0x05, 0x05, 0x05, 0x05, 0x05, 0x1c, 0x3c, 
	0x38, 0x46, 0x2e, 0x36, 0x05, 0x05, 0x05, 0x05, 
	0x0b, 0x29, 0x4d, 0x43, 0x09, 0x21, 0x05, 0x05, 
	0x05, 0x05, 0x06, 0x03, 0x1a, 0x14, 0x14, 0x25, 
	0x12, 0x0b, 0x05, 0x05, 0x0b, 0x1c, 0x1a, 0x13, 
	0x14, 0x14, 0x17, 0x1c, 0x0b, 0x05, 0x05, 0x1d, 
	0x12, 0x17, 0x17, 0x07, 0x14, 0x26, 0x06, 0x0b, 
	0x4e, 0x18, 0x03, 0x0c, 0x05, 0x05, 0x05, 0x0b, 
	0x2e, 0x1a, 0x02, 0x02, 0x18, 0x17, 0x06, 0x05, 
	0x05, 0x05, 0x0b, 0x1b, 0x25, 0x3f, 0x23, 0x25, 
	0x1c, 0x0b, 0x05, 0x05, 0x05, 0x06, 0x03, 0x02, 
	0x4e, 0x02, 0x26, 0x0b, 0x05, 0x05, 0x05, 0x05, 
	0x21, 0x17, 0x23, 0x23, 0x18, 0x1c, 0x05, 0x05, 
	0x05, 0x05, 0x05, 0x2d, 0x09, 0x23, 0x23, 0x14, 
	0x06, 0x05, 0x05, 0x05, 0x05, 0x0b, 0x1c, 0x01, 
	0x36, 0x0b, 0x1b, 0x07, 0x07, 0x07, 0x1a, 0x09, 
	0x1a, 0x2d, 0x05, 0x05, 0x21, 0x03, 0x25, 0x1a, 
	0x07, 0x1a, 0x14, 0x03, 0x06, 0x05, 0x05, 0x16, 
	0x03, 0x1a, 0x17, 0x1a, 0x29, 0x4f, 0x1c, 0x0f, 
	0x05, 0x05, 0x05, 0x0b, 0x09, 0x50, 0x51, 0x17, 
	0x05, 0x05, 0x05, 0x05, 0x05, 0x05, 0x16, 0x23, 
	0x52, 0x53, 0x2e, 0x05, 0x05, 0x05, 0x05, 0x05, 
	0x05, 0x1b, 0x54, 0x55, 0x17, 0x56, 0x05, 0x05, 
	0x10, 0x0c, 0x17, 0x25, 0x1b, 0x1d, 0x16, 0x07, 
	0x09, 0x24, 0x16, 0x06, 0x1b, 0x14, 0x07, 0x0c, 
	0x0b, 0x0c, 0x07, 0x09, 0x26, 0x0c, 0x0c, 0x03, 
	0x14, 0x1b, 0x0b, 0x0b, 0x1c, 0x14, 0x07, 0x2f, 
	0x48, 0x46, 0x1c, 0x05, 0x05, 0x05, 0x05, 0x05, 
	0x05, 0x03, 0x57, 0x30, 0x58, 0x06, 0x05, 0x05, 
	0x05, 0x05, 0x05, 0x1d, 0x18, 0x27, 0x51, 0x17, 
	0x05, 0x05, 0x05, 0x05, 0x05, 0x05, 0x0c, 0x3e, 
	0x59, 0x17, 0x25, 0x03, 0x21, 0x05, 0x05, 0x06, 
	0x17, 0x14, 0x03, 0x59, 0x07, 0x14, 0x1b, 0x0b, 
	0x05, 0x0b, 0x2e, 0x14, 0x1a, 0x26, 0x03, 0x09, 
	0x1a, 0x0c, 0x0b, 0x05, 0x1d, 0x26, 0x07, 0x17, 
	0x05, 0x05, 0x05, 0x0c, 0x18, 0x3d, 0x20, 0x25, 
	0x16, 0x05, 0x05, 0x05, 0x05, 0x0b, 0x1b, 0x5a, 
	0x5b, 0x33, 0x03, 0x0b, 0x05, 0x05, 0x05, 0x05, 
	0x21, 0x1a, 0x3d, 0x5c, 0x13, 0x16, 0x05, 0x05, 
	0x05, 0x05, 0x0b, 0x2e, 0x09, 0x02, 0x02, 0x14, 
	0x1e, 0x36, 0x05, 0x05, 0x05, 0x16, 0x03, 0x18, 
	0x02, 0x02, 0x07, 0x16, 0x05, 0x05, 0x05, 0x0b, 
	0x2e, 0x07, 0x01, 0x01, 0x18, 0x03, 0x21, 0x0b, 
	0x02, 0x14, 0x1a, 0x2e, 0x0b, 0x05, 0x05, 0x06, 
	0x03, 0x19, 0x18, 0x18, 0x18, 0x14, 0x0c, 0x05, 
	0x05, 0x05, 0x16, 0x17, 0x25, 0x0d, 0x0d, 0x25, 
	0x26, 0x1d, 0x05, 0x05, 0x0b, 0x1e, 0x17, 0x02, 
	0x4b, 0x5d, 0x2d, 0x05, 0x05, 0x05, 0x05, 0x05, 
	0x0b, 0x1a, 0x3d, 0x5e, 0x58, 0x0c, 0x05, 0x05, 
	0x05, 0x05, 0x05, 0x06, 0x01, 0x3a, 0x5f, 0x1a, 
	0x21, 0x05, 0x05, 0x05, 0x05, 0x05, 0x1c, 0x23, 
	0x0b, 0x06, 0x03, 0x1a, 0x12, 0x0c, 0x1e, 0x17, 
	0x18, 0x03, 0x0b, 0x0b, 0x0c, 0x14, 0x14, 0x26, 
	0x15, 0x03, 0x09, 0x07, 0x16, 0x05, 0x36, 0x1e, 
	0x07, 0x07, 0x03, 0x03, 0x1a, 0x14, 0x03, 0x16, 
	0x05, 0x05, 0x05, 0x0b, 0x18, 0x34, 0x60, 0x25, 
	0x05, 0x05, 0x05, 0x05, 0x05, 0x05, 0x16, 0x61, 
	0x62, 0x2c, 0x2e, 0x05, 0x05, 0x05, 0x05, 0x05, 
	0x05, 0x12, 0x5c, 0x62, 0x5a, 0x21, 0x05, 0x05, 
	0x06, 0x1d, 0x26, 0x25, 0x03, 0x0c, 0x2e, 0x63, 
	0x14, 0x26, 0x1d, 0x1d, 0x0c, 0x24, 0x14, 0x26, 
	0x16, 0x1b, 0x14, 0x14, 0x1e, 0x1d, 0x21, 0x26, 
	0x09, 0x1a, 0x16, 0x06, 0x03, 0x08, 0x07, 0x0a, 
	0x64, 0x02, 0x1b, 0x06, 0x05, 0x05, 0x05, 0x05, 
	0x65, 0x07, 0x11, 0x4e, 0x18, 0x10, 0x0f, 0x05, 
	0x05, 0x05, 0x39, 0x10, 0x08, 0x66, 0x23, 0x07, 
	0x06, 0x05, 0x05, 0x05, 0x05, 0x0f, 0x2f, 0x40, 
	
};

Gfx lll_dl_tex1_128x128_m_a49a592da7dc8526_5_mip2_pal_rgba16_aligner[] = {gsSPEndDisplayList()};
u8 lll_dl_tex1_128x128_m_a49a592da7dc8526_5_mip2_pal_rgba16[] = {
	0x73, 0x11, 0x8b, 0x91, 0x9c, 0x51, 0x52, 0x89, 
	0x20, 0x84, 0x00, 0x00, 0x21, 0x04, 0x63, 0x0d, 
	0x73, 0x91, 0x73, 0x8d, 0x41, 0x88, 0x10, 0x80, 
	0x31, 0x84, 0x8c, 0x51, 0x8b, 0x95, 0x10, 0x84, 
	0x31, 0x88, 0x9c, 0x55, 0x52, 0x05, 0x73, 0x89, 
	0x73, 0x0d, 0x42, 0x04, 0x31, 0x04, 0x62, 0x89, 
	0x8b, 0x8d, 0x8c, 0x4d, 0x63, 0x09, 0x42, 0x09, 
	0x41, 0x85, 0x20, 0x80, 0x41, 0x84, 0xad, 0x59, 
	0xbd, 0x55, 0x21, 0x00, 0x9b, 0x8d, 0xac, 0xd5, 
	0x62, 0x8d, 0x73, 0x09, 0x52, 0x09, 0xde, 0x63, 
	0xa4, 0x93, 0x52, 0x85, 0xbd, 0x97, 0xde, 0x1f, 
	0xc5, 0x99, 0x31, 0x85, 0x42, 0x05, 0x42, 0x08, 
	0xde, 0x61, 0xcd, 0x9b, 0x62, 0x85, 0xad, 0x15, 
	0xd6, 0x21, 0xa4, 0x95, 0x10, 0x00, 0xc5, 0xdb, 
	0xd6, 0x1d, 0x00, 0x80, 0xbd, 0x5d, 0x21, 0x84, 
	0xac, 0xd1, 0xbd, 0x59, 0xad, 0x55, 0x9c, 0xd5, 
	0x9c, 0xd9, 0x52, 0x8d, 0x41, 0x89, 0xcd, 0xdb, 
	0xbd, 0x17, 0xcd, 0x9d, 0xac, 0xd3, 0x52, 0x08, 
	0xde, 0x67, 0xac, 0x91, 0xde, 0x21, 0xcd, 0xd9, 
	0xd6, 0x1f, 0xbd, 0x57, 0xac, 0xd9, 0x62, 0x09, 
	0xce, 0x21, 0xd5, 0xdd, 0xd6, 0x61, 0xb5, 0x57, 
	0xac, 0xd7, 0xb5, 0x1b, 0x11, 0x00, 0xc5, 0x9b, 
	0x9c, 0x4d, 0x52, 0x88, 0x9c, 0xd1, 0xc5, 0xdd, 
	0xc5, 0x9d, 0xa4, 0x91, 0xcd, 0xdd, 0xbd, 0x19, 
	0xde, 0x1d, 0xa4, 0x53, 0xe6, 0xa5, 0x63, 0x8d, 
	0xad, 0x5d, 0x21, 0x08, 0xac, 0xdd, 
};

Gfx lll_dl_anneau_ci8_copy_aligner[] = {gsSPEndDisplayList()};
u8 lll_dl_anneau_ci8_copy[] = {
	0x00, 0x00, 0x00, 0x00, 0x00, 0x00, 0x00, 0x00, 
	0x00, 0x00, 0x00, 0x01, 0x02, 0x03, 0x04, 0x05, 
	0x06, 0x07, 0x08, 0x09, 0x0a, 0x00, 0x00, 0x00, 
	0x00, 0x00, 0x00, 0x00, 0x00, 0x00, 0x00, 0x00, 
	0x00, 0x00, 0x00, 0x00, 0x00, 0x00, 0x00, 0x00, 
	0x00, 0x0b, 0x0c, 0x04, 0x0d, 0x0e, 0x0f, 0x10, 
	0x11, 0x12, 0x13, 0x14, 0x06, 0x08, 0x15, 0x16, 
	0x00, 0x00, 0x00, 0x00, 0x00, 0x00, 0x00, 0x00, 
	0x00, 0x00, 0x00, 0x00, 0x00, 0x00, 0x00, 0x16, 
	0x17, 0x18, 0x13, 0x19, 0x10, 0x11, 0x11, 0x1a, 
	0x1a, 0x1a, 0x11, 0x10, 0x10, 0x12, 0x1b, 0x1c, 
	0x1d, 0x00, 0x00, 0x00, 0x00, 0x00, 0x00, 0x00, 
	0x00, 0x00, 0x00, 0x00, 0x00, 0x00, 0x1e, 0x1f, 
	0x0e, 0x20, 0x1a, 0x19, 0x21, 0x22, 0x23, 0x23, 
	0x24, 0x25, 0x26, 0x27, 0x28, 0x1a, 0x1a, 0x29, 
	0x2a, 0x2b, 0x00, 0x00, 0x00, 0x00, 0x00, 0x00, 
	0x00, 0x00, 0x00, 0x00, 0x00, 0x2b, 0x2c, 0x13, 
	0x2d, 0x20, 0x2e, 0x2f, 0x2c, 0x03, 0x30, 0x30, 
	0x30, 0x1c, 0x31, 0x2c, 0x24, 0x27, 0x19, 0x32, 
	0x33, 0x18, 0x03, 0x00, 0x00, 0x00, 0x00, 0x00, 
	0x00, 0x00, 0x00, 0x00, 0x0b, 0x05, 0x13, 0x11, 
	0x12, 0x1b, 0x34, 0x30, 0x30, 0x30, 0x30, 0x30, 
	0x30, 0x30, 0x30, 0x30, 0x30, 0x07, 0x26, 0x35, 
	0x20, 0x33, 0x0d, 0x17, 0x00, 0x00, 0x00, 0x00, 
	0x00, 0x00, 0x00, 0x16, 0x31, 0x13, 0x11, 0x33, 
	0x26, 0x36, 0x30, 0x30, 0x30, 0x30, 0x30, 0x30, 
	0x30, 0x30, 0x30, 0x30, 0x30, 0x30, 0x31, 0x23, 
	0x2e, 0x20, 0x10, 0x2a, 0x37, 0x00, 0x00, 0x00, 
	0x00, 0x00, 0x00, 0x38, 0x39, 0x2d, 0x19, 0x22, 
	0x07, 0x30, 0x30, 0x30, 0x30, 0x30, 0x30, 0x30, 
	0x30, 0x30, 0x30, 0x30, 0x30, 0x30, 0x30, 0x30, 
	0x23, 0x0e, 0x3a, 0x19, 0x03, 0x3b, 0x00, 0x00, 
	0x00, 0x00, 0x3c, 0x2c, 0x2d, 0x1a, 0x3d, 0x07, 
	0x0c, 0x30, 0x30, 0x30, 0x30, 0x30, 0x30, 0x30, 
	0x30, 0x30, 0x30, 0x30, 0x30, 0x30, 0x30, 0x30, 
	0x03, 0x2f, 0x10, 0x3e, 0x26, 0x3f, 0x00, 0x00, 
	0x00, 0x00, 0x37, 0x0e, 0x2d, 0x13, 0x23, 0x03, 
	0x30, 0x30, 0x30, 0x30, 0x30, 0x30, 0x30, 0x30, 
	0x30, 0x30, 0x30, 0x30, 0x30, 0x30, 0x30, 0x30, 
	0x30, 0x36, 0x3d, 0x1a, 0x12, 0x1f, 0x00, 0x00, 
	0x00, 0x3b, 0x31, 0x32, 0x11, 0x25, 0x1f, 0x30, 
	0x30, 0x30, 0x30, 0x30, 0x30, 0x30, 0x30, 0x30, 
	0x30, 0x30, 0x30, 0x30, 0x30, 0x30, 0x30, 0x30, 
	0x30, 0x30, 0x06, 0x33, 0x1a, 0x2f, 0x40, 0x00, 
	0x00, 0x0a, 0x23, 0x3e, 0x13, 0x06, 0x1c, 0x30, 
	0x30, 0x30, 0x30, 0x30, 0x30, 0x30, 0x30, 0x30, 
	0x30, 0x30, 0x30, 0x30, 0x30, 0x30, 0x30, 0x30, 
	0x30, 0x30, 0x30, 0x21, 0x1a, 0x27, 0x2b, 0x00, 
	0x00, 0x2b, 0x27, 0x2d, 0x22, 0x07, 0x30, 0x30, 
	0x30, 0x30, 0x30, 0x30, 0x30, 0x30, 0x30, 0x30, 
	0x30, 0x30, 0x30, 0x30, 0x30, 0x30, 0x30, 0x30, 
	0x30, 0x30, 0x30, 0x2f, 0x19, 0x28, 0x04, 0x00, 
	0x00, 0x31, 0x12, 0x1a, 0x41, 0x31, 0x30, 0x30, 
	0x30, 0x30, 0x30, 0x30, 0x30, 0x30, 0x30, 0x30, 
	0x30, 0x30, 0x30, 0x30, 0x30, 0x30, 0x30, 0x30, 
	0x30, 0x30, 0x30, 0x42, 0x33, 0x10, 0x24, 0x00, 
	0x00, 0x04, 0x11, 0x1a, 0x06, 0x0c, 0x30, 0x30, 
	0x30, 0x30, 0x30, 0x30, 0x30, 0x30, 0x30, 0x30, 
	0x30, 0x30, 0x30, 0x30, 0x30, 0x30, 0x30, 0x30, 
	0x30, 0x30, 0x30, 0x07, 0x28, 0x1a, 0x43, 0x00, 
	0x00, 0x42, 0x2d, 0x11, 0x2c, 0x09, 0x30, 0x30, 
	0x30, 0x30, 0x30, 0x30, 0x30, 0x30, 0x30, 0x30, 
	0x30, 0x30, 0x30, 0x30, 0x30, 0x30, 0x30, 0x30, 
	0x30, 0x30, 0x30, 0x44, 0x35, 0x3e, 0x21, 0x00, 
	0x00, 0x06, 0x3e, 0x11, 0x07, 0x09, 0x30, 0x30, 
	0x30, 0x30, 0x30, 0x30, 0x30, 0x30, 0x30, 0x30, 
	0x30, 0x30, 0x30, 0x30, 0x30, 0x30, 0x30, 0x30, 
	0x30, 0x30, 0x30, 0x31, 0x35, 0x3e, 0x39, 0x00, 
	0x00, 0x2c, 0x32, 0x1a, 0x34, 0x0c, 0x30, 0x30, 
	0x30, 0x30, 0x30, 0x30, 0x30, 0x30, 0x30, 0x30, 
	0x30, 0x30, 0x30, 0x30, 0x30, 0x30, 0x30, 0x30, 
	0x30, 0x30, 0x30, 0x44, 0x35, 0x2d, 0x1b, 0x00, 
	0x00, 0x08, 0x19, 0x1a, 0x42, 0x31, 0x30, 0x30, 
	0x30, 0x30, 0x30, 0x30, 0x30, 0x30, 0x30, 0x30, 
	0x30, 0x30, 0x30, 0x30, 0x30, 0x30, 0x30, 0x30, 
	0x30, 0x30, 0x30, 0x07, 0x29, 0x11, 0x0d, 0x00, 
	0x00, 0x45, 0x0e, 0x2d, 0x23, 0x1f, 0x30, 0x30, 
	0x30, 0x30, 0x30, 0x30, 0x30, 0x30, 0x30, 0x30, 
	0x30, 0x30, 0x30, 0x30, 0x30, 0x30, 0x30, 0x30, 
	0x30, 0x30, 0x03, 0x41, 0x12, 0x12, 0x05, 0x00, 
	0x00, 0x38, 0x0d, 0x2d, 0x3d, 0x2c, 0x03, 0x30, 
	0x30, 0x30, 0x30, 0x30, 0x30, 0x30, 0x30, 0x30, 
	0x30, 0x30, 0x30, 0x30, 0x30, 0x30, 0x30, 0x30, 
	0x30, 0x30, 0x1f, 0x46, 0x10, 0x0e, 0x0c, 0x00, 
	0x00, 0x3c, 0x2c, 0x2d, 0x19, 0x41, 0x31, 0x03, 
	0x30, 0x30, 0x30, 0x30, 0x30, 0x30, 0x30, 0x30, 
	0x30, 0x30, 0x30, 0x30, 0x30, 0x30, 0x30, 0x30, 
	0x30, 0x1c, 0x34, 0x29, 0x2d, 0x14, 0x0a, 0x00, 
	0x00, 0x00, 0x09, 0x19, 0x2d, 0x43, 0x07, 0x03, 
	0x03, 0x30, 0x30, 0x30, 0x30, 0x30, 0x30, 0x30, 
	0x30, 0x30, 0x30, 0x30, 0x30, 0x30, 0x30, 0x30, 
	0x30, 0x36, 0x22, 0x1a, 0x1a, 0x06, 0x3b, 0x00, 
	0x00, 0x00, 0x1d, 0x24, 0x3e, 0x12, 0x18, 0x03, 
	0x31, 0x30, 0x30, 0x30, 0x30, 0x30, 0x30, 0x30, 
	0x30, 0x30, 0x30, 0x30, 0x30, 0x30, 0x30, 0x30, 
	0x03, 0x23, 0x28, 0x3e, 0x21, 0x17, 0x00, 0x00, 
	0x00, 0x00, 0x16, 0x2b, 0x28, 0x32, 0x39, 0x2c, 
	0x31, 0x47, 0x30, 0x30, 0x30, 0x30, 0x30, 0x30, 
	0x30, 0x30, 0x30, 0x30, 0x30, 0x30, 0x30, 0x1c, 
	0x42, 0x3d, 0x2d, 0x11, 0x07, 0x38, 0x00, 0x00, 
	0x00, 0x00, 0x00, 0x1d, 0x42, 0x0f, 0x19, 0x1b, 
	0x2c, 0x44, 0x31, 0x1c, 0x30, 0x30, 0x30, 0x30, 
	0x30, 0x30, 0x30, 0x30, 0x30, 0x30, 0x03, 0x42, 
	0x1b, 0x12, 0x32, 0x26, 0x38, 0x00, 0x00, 0x00, 
	0x00, 0x00, 0x00, 0x00, 0x2b, 0x24, 0x19, 0x10, 
	0x21, 0x23, 0x07, 0x31, 0x03, 0x30, 0x30, 0x30, 
	0x30, 0x30, 0x30, 0x30, 0x30, 0x03, 0x24, 0x21, 
	0x19, 0x10, 0x21, 0x1f, 0x16, 0x00, 0x00, 0x00, 
	0x00, 0x00, 0x00, 0x00, 0x00, 0x03, 0x0d, 0x10, 
	0x48, 0x29, 0x22, 0x06, 0x2c, 0x44, 0x03, 0x0c, 
	0x30, 0x30, 0x30, 0x31, 0x42, 0x25, 0x35, 0x2d, 
	0x11, 0x27, 0x2a, 0x00, 0x00, 0x00, 0x00, 0x00, 
	0x00, 0x00, 0x00, 0x00, 0x00, 0x00, 0x17, 0x24, 
	0x10, 0x32, 0x10, 0x13, 0x22, 0x23, 0x41, 0x42, 
	0x42, 0x49, 0x23, 0x26, 0x0e, 0x20, 0x1a, 0x10, 
	0x43, 0x1c, 0x00, 0x00, 0x00, 0x00, 0x00, 0x00, 
	0x00, 0x00, 0x00, 0x00, 0x00, 0x00, 0x00, 0x37, 
	0x04, 0x27, 0x19, 0x10, 0x12, 0x28, 0x28, 0x28, 
	0x28, 0x33, 0x33, 0x12, 0x19, 0x20, 0x29, 0x06, 
	0x45, 0x16, 0x00, 0x00, 0x00, 0x00, 0x00, 0x00, 
	0x00, 0x00, 0x00, 0x00, 0x00, 0x00, 0x00, 0x00, 
	0x01, 0x4a, 0x23, 0x22, 0x39, 0x12, 0x10, 0x32, 
	0x2d, 0x11, 0x19, 0x13, 0x43, 0x41, 0x07, 0x38, 
	0x00, 0x00, 0x00, 0x00, 0x00, 0x00, 0x00, 0x00, 
	0x00, 0x00, 0x00, 0x00, 0x00, 0x00, 0x00, 0x00, 
	0x00, 0x00, 0x00, 0x3f, 0x08, 0x18, 0x26, 0x21, 
	0x39, 0x1b, 0x2f, 0x07, 0x2b, 0x01, 0x00, 0x00, 
	0x00, 0x00, 0x00, 0x00, 0x00, 0x00, 0x00, 0x00, 
	
};

Gfx lll_dl_anneau_pal_rgba16_copy_aligner[] = {gsSPEndDisplayList()};
u8 lll_dl_anneau_pal_rgba16_copy[] = {
	0x00, 0x00, 0xc6, 0x31, 0xad, 0x2b, 0x94, 0x65, 
	0x84, 0x21, 0x7b, 0xdf, 0x7b, 0x9d, 0x83, 0xe1, 
	0x8c, 0x63, 0xa4, 0xe9, 0xbd, 0xef, 0xbd, 0xaf, 
	0x9c, 0xa7, 0x63, 0x19, 0x4a, 0x13, 0x39, 0xcf, 
	0x31, 0x4d, 0x31, 0x4b, 0x39, 0x8f, 0x4a, 0x11, 
	0x5a, 0xd7, 0xb5, 0x6d, 0xce, 0x73, 0xa4, 0xe7, 
	0x6b, 0x5b, 0x39, 0x8d, 0x31, 0x0b, 0x5a, 0x95, 
	0x9c, 0xa5, 0xc5, 0xef, 0xbd, 0xad, 0x8c, 0x21, 
	0x39, 0x4d, 0x52, 0x53, 0x62, 0xd9, 0x73, 0x5b, 
	0x6b, 0x1b, 0x6a, 0xd9, 0x62, 0xd7, 0x52, 0x55, 
	0x41, 0xcf, 0x41, 0xd1, 0x73, 0x9d, 0xa5, 0x29, 
	0x83, 0xdf, 0x29, 0x09, 0x52, 0x13, 0x6b, 0x19, 
	0xef, 0x7a, 0x94, 0x63, 0x29, 0x0b, 0x41, 0x8f, 
	0x83, 0x9f, 0x49, 0xd1, 0x8b, 0xe1, 0xad, 0x6b, 
	0xb5, 0xad, 0x4a, 0x53, 0x28, 0xc9, 0xc6, 0x30, 
	0xbd, 0xee, 0x5a, 0x55, 0x20, 0xc9, 0xb5, 0x6b, 
	0xb5, 0x6a, 0x73, 0x5d, 0x7b, 0x9f, 0x5a, 0x97, 
	0x8c, 0x23, 0x9c, 0xe7, 0x62, 0x97, 0x9c, 0x65, 
	0x20, 0xc7, 0x7b, 0x5d, 0x94, 0xa5, 
};

Gfx lll_dl_tex1_128x128_5f78682ce7ea2ca1_14_ci8_aligner[] = {gsSPEndDisplayList()};
u8 lll_dl_tex1_128x128_5f78682ce7ea2ca1_14_ci8[] = {
	0x00, 0x01, 0x02, 0x03, 0x03, 0x03, 0x04, 0x05, 
	0x06, 0x07, 0x08, 0x03, 0x03, 0x06, 0x09, 0x09, 
	0x01, 0x01, 0x00, 0x0a, 0x03, 0x03, 0x05, 0x05, 
	0x0b, 0x0c, 0x0b, 0x03, 0x03, 0x06, 0x09, 0x09, 
	0x0d, 0x01, 0x06, 0x03, 0x03, 0x03, 0x04, 0x0a, 
	0x0b, 0x07, 0x07, 0x03, 0x03, 0x06, 0x09, 0x09, 
	0x01, 0x01, 0x09, 0x03, 0x03, 0x03, 0x05, 0x0a, 
	0x05, 0x07, 0x07, 0x03, 0x03, 0x06, 0x09, 0x09, 
	0x0e, 0x01, 0x08, 0x03, 0x03, 0x03, 0x04, 0x05, 
	0x05, 0x07, 0x07, 0x03, 0x03, 0x08, 0x09, 0x09, 
	0x01, 0x01, 0x07, 0x03, 0x03, 0x03, 0x03, 0x05, 
	0x06, 0x0f, 0x06, 0x03, 0x03, 0x07, 0x09, 0x09, 
	0x01, 0x01, 0x05, 0x03, 0x03, 0x03, 0x05, 0x05, 
	0x06, 0x0f, 0x07, 0x03, 0x03, 0x08, 0x09, 0x0f, 
	0x01, 0x01, 0x07, 0x03, 0x03, 0x03, 0x03, 0x05, 
	0x06, 0x0f, 0x07, 0x03, 0x04, 0x07, 0x09, 0x09, 
	0x00, 0x01, 0x0b, 0x03, 0x03, 0x10, 0x0b, 0x06, 
	0x06, 0x0f, 0x07, 0x03, 0x03, 0x02, 0x0f, 0x09, 
	0x00, 0x01, 0x0e, 0x03, 0x10, 0x10, 0x04, 0x05, 
	0x06, 0x0f, 0x07, 0x03, 0x0a, 0x06, 0x09, 0x09, 
	0x01, 0x01, 0x02, 0x03, 0x10, 0x10, 0x0b, 0x07, 
	0x0f, 0x09, 0x07, 0x03, 0x03, 0x06, 0x0f, 0x09, 
	0x09, 0x01, 0x09, 0x0a, 0x10, 0x10, 0x0a, 0x05, 
	0x06, 0x09, 0x07, 0x03, 0x0b, 0x07, 0x09, 0x09, 
	0x01, 0x01, 0x02, 0x03, 0x10, 0x10, 0x05, 0x06, 
	0x09, 0x09, 0x05, 0x03, 0x03, 0x0a, 0x07, 0x09, 
	0x09, 0x01, 0x0e, 0x11, 0x03, 0x10, 0x04, 0x04, 
	0x06, 0x09, 0x06, 0x03, 0x0a, 0x07, 0x09, 0x0f, 
	0x01, 0x01, 0x02, 0x0a, 0x03, 0x03, 0x03, 0x06, 
	0x09, 0x09, 0x05, 0x03, 0x03, 0x0a, 0x07, 0x09, 
	0x09, 0x01, 0x09, 0x05, 0x03, 0x03, 0x04, 0x04, 
	0x06, 0x0f, 0x06, 0x03, 0x03, 0x02, 0x09, 0x09, 
	0x01, 0x01, 0x02, 0x0a, 0x03, 0x03, 0x03, 0x0b, 
	0x07, 0x0f, 0x05, 0x03, 0x03, 0x0a, 0x07, 0x09, 
	0x09, 0x01, 0x00, 0x0a, 0x03, 0x03, 0x04, 0x04, 
	0x06, 0x07, 0x05, 0x03, 0x03, 0x02, 0x09, 0x09, 
	0x01, 0x01, 0x07, 0x0a, 0x03, 0x04, 0x04, 0x0a, 
	0x06, 0x0f, 0x05, 0x03, 0x03, 0x05, 0x0f, 0x09, 
	0x09, 0x01, 0x01, 0x05, 0x03, 0x05, 0x05, 0x05, 
	0x06, 0x07, 0x05, 0x03, 0x03, 0x07, 0x09, 0x09, 
	0x01, 0x01, 0x00, 0x05, 0x03, 0x04, 0x03, 0x04, 
	0x06, 0x07, 0x05, 0x03, 0x03, 0x05, 0x07, 0x09, 
	0x09, 0x01, 0x00, 0x03, 0x03, 0x05, 0x0a, 0x05, 
	0x06, 0x0f, 0x0a, 0x03, 0x03, 0x08, 0x09, 0x0f, 
	0x01, 0x01, 0x00, 0x05, 0x03, 0x04, 0x05, 0x05, 
	0x06, 0x07, 0x0a, 0x03, 0x03, 0x0b, 0x0f, 0x09, 
	0x09, 0x01, 0x00, 0x03, 0x03, 0x05, 0x05, 0x05, 
	0x06, 0x07, 0x03, 0x03, 0x03, 0x06, 0x09, 0x09, 
	0x01, 0x01, 0x01, 0x05, 0x03, 0x03, 0x05, 0x05, 
	0x06, 0x07, 0x0a, 0x03, 0x03, 0x06, 0x09, 0x09, 
	0x09, 0x01, 0x09, 0x03, 0x03, 0x04, 0x05, 0x05, 
	0x06, 0x07, 0x0a, 0x03, 0x03, 0x06, 0x0f, 0x09, 
	0x01, 0x01, 0x01, 0x07, 0x03, 0x04, 0x05, 0x05, 
	0x06, 0x07, 0x0b, 0x03, 0x03, 0x07, 0x09, 0x09, 
	0x09, 0x01, 0x0e, 0x03, 0x03, 0x03, 0x05, 0x05, 
	0x06, 0x07, 0x05, 0x03, 0x03, 0x07, 0x0f, 0x09, 
	0x01, 0x01, 0x01, 0x07, 0x03, 0x03, 0x05, 0x05, 
	0x0b, 0x07, 0x05, 0x03, 0x03, 0x08, 0x09, 0x0f, 
	0x09, 0x01, 0x09, 0x03, 0x03, 0x03, 0x05, 0x05, 
	0x0b, 0x07, 0x05, 0x03, 0x03, 0x02, 0x09, 0x0f, 
	0x01, 0x01, 0x01, 0x0b, 0x03, 0x03, 0x05, 0x05, 
	0x0b, 0x07, 0x05, 0x03, 0x03, 0x06, 0x09, 0x09, 
	0x09, 0x01, 0x07, 0x03, 0x03, 0x03, 0x05, 0x05, 
	0x0b, 0x07, 0x05, 0x03, 0x03, 0x06, 0x09, 0x09, 
	0x01, 0x01, 0x00, 0x0a, 0x03, 0x03, 0x05, 0x05, 
	0x0b, 0x0c, 0x0b, 0x03, 0x03, 0x06, 0x09, 0x09, 
	0x09, 0x01, 0x02, 0x03, 0x03, 0x03, 0x04, 0x05, 
	0x05, 0x02, 0x0b, 0x03, 0x03, 0x06, 0x09, 0x09, 
	0x01, 0x01, 0x09, 0x03, 0x03, 0x03, 0x04, 0x0a, 
	0x05, 0x07, 0x07, 0x03, 0x03, 0x06, 0x09, 0x09, 
	0x0d, 0x01, 0x06, 0x03, 0x03, 0x03, 0x04, 0x0a, 
	0x05, 0x07, 0x07, 0x03, 0x03, 0x06, 0x09, 0x09, 
	0x01, 0x01, 0x06, 0x03, 0x03, 0x03, 0x04, 0x05, 
	0x05, 0x0c, 0x07, 0x03, 0x03, 0x06, 0x09, 0x0f, 
	0x00, 0x01, 0x06, 0x03, 0x03, 0x03, 0x04, 0x05, 
	0x05, 0x07, 0x07, 0x03, 0x03, 0x07, 0x09, 0x0f, 
	0x01, 0x01, 0x07, 0x03, 0x03, 0x03, 0x03, 0x04, 
	0x05, 0x0c, 0x07, 0x03, 0x03, 0x06, 0x0f, 0x09, 
	0x00, 0x01, 0x12, 0x03, 0x03, 0x03, 0x03, 0x05, 
	0x05, 0x0c, 0x07, 0x03, 0x03, 0x06, 0x0f, 0x09, 
	0x01, 0x01, 0x07, 0x03, 0x03, 0x03, 0x03, 0x04, 
	0x05, 0x07, 0x07, 0x03, 0x03, 0x05, 0x0f, 0x09, 
	0x00, 0x01, 0x05, 0x03, 0x03, 0x03, 0x03, 0x05, 
	0x05, 0x07, 0x07, 0x03, 0x03, 0x05, 0x0f, 0x09, 
	0x01, 0x01, 0x09, 0x03, 0x03, 0x03, 0x03, 0x03, 
	0x05, 0x07, 0x07, 0x03, 0x03, 0x06, 0x09, 0x09, 
	0x0d, 0x01, 0x05, 0x03, 0x10, 0x10, 0x03, 0x03, 
	0x05, 0x07, 0x07, 0x03, 0x03, 0x06, 0x09, 0x09, 
	0x01, 0x01, 0x09, 0x03, 0x03, 0x03, 0x03, 0x03, 
	0x05, 0x07, 0x0c, 0x03, 0x03, 0x05, 0x09, 0x09, 
	0x00, 0x01, 0x05, 0x03, 0x03, 0x03, 0x03, 0x03, 
	0x05, 0x07, 0x0c, 0x03, 0x03, 0x05, 0x09, 0x09, 
	0x01, 0x01, 0x09, 0x03, 0x03, 0x10, 0x03, 0x03, 
	0x05, 0x02, 0x02, 0x03, 0x03, 0x05, 0x0f, 0x09, 
	0x00, 0x01, 0x05, 0x03, 0x03, 0x03, 0x03, 0x03, 
	0x05, 0x07, 0x02, 0x03, 0x03, 0x05, 0x0f, 0x09, 
	0x01, 0x01, 0x09, 0x03, 0x03, 0x03, 0x03, 0x03, 
	0x05, 0x02, 0x02, 0x03, 0x03, 0x02, 0x0f, 0x09, 
	0x09, 0x01, 0x05, 0x10, 0x03, 0x03, 0x03, 0x03, 
	0x05, 0x02, 0x06, 0x03, 0x03, 0x02, 0x0f, 0x09, 
	0x01, 0x01, 0x0e, 0x03, 0x03, 0x03, 0x03, 0x03, 
	0x0a, 0x07, 0x02, 0x03, 0x03, 0x06, 0x09, 0x09, 
	0x00, 0x01, 0x08, 0x03, 0x03, 0x03, 0x03, 0x03, 
	0x05, 0x07, 0x06, 0x03, 0x03, 0x05, 0x0f, 0x09, 
	0x01, 0x01, 0x00, 0x03, 0x03, 0x03, 0x03, 0x03, 
	0x05, 0x07, 0x06, 0x03, 0x03, 0x06, 0x09, 0x09, 
	0x00, 0x01, 0x09, 0x03, 0x03, 0x03, 0x03, 0x03, 
	0x05, 0x07, 0x06, 0x03, 0x03, 0x05, 0x09, 0x09, 
	0x00, 0x01, 0x0e, 0x03, 0x03, 0x03, 0x03, 0x03, 
	0x05, 0x07, 0x0b, 0x03, 0x03, 0x06, 0x09, 0x09, 
	0x01, 0x01, 0x0e, 0x0a, 0x03, 0x03, 0x03, 0x04, 
	0x05, 0x07, 0x0b, 0x03, 0x03, 0x05, 0x09, 0x09, 
	0x09, 0x01, 0x0e, 0x03, 0x03, 0x03, 0x05, 0x05, 
	0x06, 0x02, 0x05, 0x03, 0x03, 0x07, 0x09, 0x09, 
	0x01, 0x01, 0x00, 0x05, 0x03, 0x03, 0x05, 0x05, 
	0x06, 0x02, 0x05, 0x03, 0x03, 0x07, 0x09, 0x09, 
	0x09, 0x01, 0x00, 0x03, 0x03, 0x03, 0x04, 0x05, 
	0x0b, 0x02, 0x05, 0x03, 0x03, 0x06, 0x0f, 0x09, 
	0x01, 0x01, 0x01, 0x02, 0x03, 0x03, 0x05, 0x05, 
	0x0b, 0x02, 0x0b, 0x03, 0x03, 0x08, 0x0f, 0x09, 
	0x09, 0x01, 0x0e, 0x03, 0x03, 0x03, 0x05, 0x05, 
	0x0b, 0x02, 0x05, 0x03, 0x03, 0x07, 0x09, 0x09, 
	0x01, 0x01, 0x01, 0x02, 0x03, 0x03, 0x04, 0x05, 
	0x05, 0x07, 0x06, 0x03, 0x03, 0x06, 0x09, 0x09, 
	0x09, 0x01, 0x09, 0x03, 0x03, 0x03, 0x04, 0x05, 
	0x05, 0x07, 0x06, 0x03, 0x03, 0x06, 0x0f, 0x09, 
	0x01, 0x01, 0x01, 0x06, 0x03, 0x03, 0x04, 0x05, 
	0x05, 0x07, 0x02, 0x03, 0x03, 0x06, 0x0f, 0x09, 
	
};

Gfx lll_dl_tex1_128x128_5f78682ce7ea2ca1_14_pal_rgba16_aligner[] = {gsSPEndDisplayList()};
u8 lll_dl_tex1_128x128_5f78682ce7ea2ca1_14_pal_rgba16[] = {
	0x29, 0x05, 0x28, 0xc5, 0x39, 0x49, 0x51, 0xcb, 
	0x51, 0x8b, 0x49, 0x89, 0x41, 0x49, 0x39, 0x47, 
	0x41, 0x47, 0x31, 0x07, 0x49, 0x8b, 0x41, 0x89, 
	0x31, 0x47, 0x29, 0x07, 0x31, 0x05, 0x39, 0x07, 
	0x59, 0xcb, 0x51, 0xc9, 0x49, 0x49, 
};

Gfx lll_dl_tex1_128x128_8a769bd9a9c0426c_14_ci8_aligner[] = {gsSPEndDisplayList()};
u8 lll_dl_tex1_128x128_8a769bd9a9c0426c_14_ci8[] = {
	0x00, 0x01, 0x01, 0x01, 0x00, 0x02, 0x03, 0x01, 
	0x04, 0x05, 0x03, 0x05, 0x01, 0x03, 0x04, 0x04, 
	0x03, 0x04, 0x04, 0x04, 0x03, 0x04, 0x03, 0x01, 
	0x01, 0x00, 0x01, 0x01, 0x00, 0x00, 0x01, 0x02, 
	0x03, 0x01, 0x00, 0x01, 0x00, 0x05, 0x01, 0x03, 
	0x04, 0x05, 0x03, 0x03, 0x04, 0x06, 0x07, 0x08, 
	0x04, 0x02, 0x02, 0x04, 0x05, 0x04, 0x01, 0x01, 
	0x05, 0x01, 0x01, 0x02, 0x03, 0x01, 0x03, 0x01, 
	0x03, 0x03, 0x00, 0x03, 0x01, 0x01, 0x01, 0x04, 
	0x05, 0x05, 0x05, 0x03, 0x04, 0x08, 0x04, 0x04, 
	0x04, 0x03, 0x05, 0x03, 0x01, 0x01, 0x00, 0x01, 
	0x00, 0x00, 0x01, 0x01, 0x01, 0x03, 0x05, 0x03, 
	0x05, 0x05, 0x05, 0x01, 0x01, 0x02, 0x04, 0x03, 
	0x01, 0x01, 0x04, 0x04, 0x04, 0x04, 0x09, 0x04, 
	0x01, 0x05, 0x02, 0x01, 0x01, 0x01, 0x02, 0x05, 
	0x00, 0x00, 0x03, 0x05, 0x03, 0x04, 0x04, 0x05, 
	0x03, 0x02, 0x02, 0x04, 0x02, 0x05, 0x01, 0x05, 
	0x01, 0x01, 0x04, 0x04, 0x04, 0x04, 0x05, 0x02, 
	0x03, 0x01, 0x01, 0x03, 0x01, 0x01, 0x00, 0x00, 
	0x0a, 0x01, 0x03, 0x04, 0x06, 0x04, 0x05, 0x04, 
	0x04, 0x04, 0x04, 0x05, 0x02, 0x05, 0x01, 0x01, 
	0x05, 0x03, 0x03, 0x01, 0x05, 0x03, 0x02, 0x05, 
	0x05, 0x03, 0x02, 0x00, 0x01, 0x00, 0x00, 0x0b, 
	0x01, 0x01, 0x01, 0x01, 0x02, 0x04, 0x04, 0x04, 
	0x04, 0x04, 0x04, 0x03, 0x03, 0x04, 0x05, 0x04, 
	0x04, 0x02, 0x04, 0x01, 0x05, 0x04, 0x05, 0x04, 
	0x01, 0x01, 0x01, 0x01, 0x00, 0x01, 0x00, 0x01, 
	0x02, 0x0c, 0x03, 0x05, 0x03, 0x08, 0x04, 0x04, 
	0x04, 0x04, 0x04, 0x03, 0x03, 0x0d, 0x04, 0x04, 
	0x02, 0x03, 0x05, 0x05, 0x04, 0x01, 0x01, 0x01, 
	0x01, 0x01, 0x01, 0x00, 0x00, 0x03, 0x00, 0x02, 
	0x0a, 0x02, 0x01, 0x05, 0x04, 0x04, 0x06, 0x04, 
	0x04, 0x08, 0x08, 0x04, 0x04, 0x05, 0x03, 0x02, 
	0x04, 0x03, 0x05, 0x04, 0x01, 0x05, 0x03, 0x01, 
	0x01, 0x05, 0x01, 0x00, 0x01, 0x0a, 0x00, 0x00, 
	0x02, 0x01, 0x05, 0x04, 0x04, 0x04, 0x08, 0x04, 
	0x0e, 0x04, 0x04, 0x04, 0x04, 0x04, 0x04, 0x02, 
	0x05, 0x05, 0x05, 0x05, 0x01, 0x02, 0x03, 0x01, 
	0x04, 0x01, 0x01, 0x01, 0x00, 0x00, 0x05, 0x00, 
	0x01, 0x01, 0x01, 0x01, 0x05, 0x04, 0x0f, 0x04, 
	0x04, 0x04, 0x04, 0x04, 0x04, 0x04, 0x04, 0x06, 
	0x03, 0x04, 0x05, 0x01, 0x03, 0x01, 0x03, 0x03, 
	0x01, 0x01, 0x05, 0x05, 0x01, 0x01, 0x01, 0x01, 
	0x01, 0x01, 0x05, 0x01, 0x04, 0x05, 0x08, 0x04, 
	0x04, 0x04, 0x04, 0x04, 0x04, 0x04, 0x04, 0x01, 
	0x03, 0x05, 0x05, 0x05, 0x09, 0x01, 0x03, 0x05, 
	0x05, 0x05, 0x01, 0x01, 0x02, 0x01, 0x01, 0x00, 
	0x02, 0x01, 0x05, 0x05, 0x09, 0x03, 0x04, 0x0d, 
	0x04, 0x04, 0x04, 0x0d, 0x04, 0x04, 0x05, 0x04, 
	0x03, 0x01, 0x04, 0x04, 0x04, 0x05, 0x05, 0x10, 
	0x01, 0x01, 0x02, 0x03, 0x01, 0x01, 0x01, 0x05, 
	0x03, 0x01, 0x03, 0x05, 0x04, 0x04, 0x04, 0x04, 
	0x07, 0x07, 0x04, 0x04, 0x04, 0x04, 0x04, 0x05, 
	0x01, 0x05, 0x08, 0x05, 0x04, 0x03, 0x03, 0x02, 
	0x04, 0x03, 0x01, 0x01, 0x05, 0x03, 0x02, 0x02, 
	0x01, 0x01, 0x03, 0x02, 0x04, 0x03, 0x04, 0x04, 
	0x04, 0x04, 0x04, 0x0d, 0x04, 0x04, 0x03, 0x05, 
	0x05, 0x03, 0x03, 0x05, 0x04, 0x04, 0x04, 0x05, 
	0x04, 0x03, 0x05, 0x04, 0x01, 0x02, 0x01, 0x05, 
	0x01, 0x05, 0x05, 0x01, 0x04, 0x04, 0x04, 0x04, 
	0x04, 0x08, 0x08, 0x08, 0x05, 0x04, 0x04, 0x01, 
	0x05, 0x05, 0x03, 0x04, 0x04, 0x04, 0x04, 0x04, 
	0x03, 0x05, 0x03, 0x05, 0x05, 0x05, 0x02, 0x05, 
	0x05, 0x01, 0x01, 0x04, 0x04, 0x03, 0x04, 0x04, 
	0x04, 0x04, 0x04, 0x04, 0x08, 0x04, 0x04, 0x04, 
	0x04, 0x01, 0x04, 0x04, 0x08, 0x04, 0x04, 0x03, 
	0x05, 0x02, 0x03, 0x03, 0x01, 0x03, 0x03, 0x05, 
	0x04, 0x01, 0x03, 0x03, 0x04, 0x04, 0x04, 0x04, 
	0x04, 0x04, 0x04, 0x08, 0x05, 0x08, 0x03, 0x04, 
	0x07, 0x04, 0x03, 0x04, 0x04, 0x06, 0x04, 0x05, 
	0x04, 0x02, 0x03, 0x05, 0x01, 0x04, 0x01, 0x04, 
	0x04, 0x05, 0x05, 0x04, 0x04, 0x04, 0x04, 0x04, 
	0x04, 0x08, 0x05, 0x08, 0x08, 0x04, 0x04, 0x07, 
	0x04, 0x03, 0x05, 0x03, 0x03, 0x04, 0x01, 0x03, 
	0x03, 0x03, 0x05, 0x03, 0x02, 0x05, 0x05, 0x08, 
	0x05, 0x05, 0x01, 0x03, 0x04, 0x04, 0x04, 0x04, 
	0x05, 0x03, 0x04, 0x04, 0x04, 0x04, 0x0f, 0x0d, 
	0x08, 0x06, 0x04, 0x05, 0x02, 0x03, 0x03, 0x01, 
	0x01, 0x05, 0x03, 0x01, 0x01, 0x03, 0x04, 0x03, 
	0x05, 0x05, 0x04, 0x06, 0x03, 0x08, 0x04, 0x05, 
	0x03, 0x03, 0x04, 0x04, 0x04, 0x08, 0x08, 0x04, 
	0x04, 0x04, 0x04, 0x03, 0x02, 0x01, 0x01, 0x01, 
	0x05, 0x01, 0x02, 0x04, 0x04, 0x04, 0x01, 0x05, 
	0x05, 0x05, 0x05, 0x04, 0x02, 0x03, 0x01, 0x01, 
	0x05, 0x04, 0x04, 0x03, 0x04, 0x04, 0x04, 0x05, 
	0x08, 0x03, 0x04, 0x01, 0x01, 0x01, 0x01, 0x01, 
	0x01, 0x03, 0x03, 0x01, 0x02, 0x05, 0x05, 0x01, 
	0x04, 0x03, 0x05, 0x01, 0x02, 0x03, 0x01, 0x01, 
	0x01, 0x03, 0x04, 0x04, 0x04, 0x04, 0x04, 0x0d, 
	0x04, 0x05, 0x04, 0x03, 0x05, 0x03, 0x02, 0x03, 
	0x00, 0x05, 0x03, 0x02, 0x05, 0x04, 0x04, 0x08, 
	0x04, 0x05, 0x04, 0x02, 0x03, 0x04, 0x05, 0x04, 
	0x05, 0x03, 0x04, 0x03, 0x05, 0x0d, 0x04, 0x04, 
	0x03, 0x04, 0x03, 0x04, 0x04, 0x01, 0x00, 0x01, 
	0x01, 0x01, 0x01, 0x01, 0x05, 0x0d, 0x04, 0x04, 
	0x04, 0x04, 0x03, 0x03, 0x04, 0x03, 0x01, 0x05, 
	0x05, 0x03, 0x03, 0x03, 0x04, 0x05, 0x05, 0x01, 
	0x03, 0x05, 0x01, 0x08, 0x03, 0x01, 0x01, 0x01, 
	0x01, 0x05, 0x03, 0x05, 0x04, 0x05, 0x03, 0x04, 
	0x04, 0x04, 0x03, 0x08, 0x03, 0x05, 0x03, 0x02, 
	0x04, 0x05, 0x05, 0x04, 0x05, 0x04, 0x04, 0x02, 
	0x05, 0x05, 0x05, 0x01, 0x05, 0x05, 0x04, 0x01, 
	0x04, 0x01, 0x01, 0x02, 0x01, 0x03, 0x09, 0x05, 
	0x05, 0x05, 0x04, 0x05, 0x05, 0x04, 0x04, 0x01, 
	0x01, 0x01, 0x05, 0x04, 0x04, 0x03, 0x03, 0x05, 
	0x01, 0x03, 0x05, 0x01, 0x03, 0x05, 0x03, 0x03, 
	0x02, 0x01, 0x05, 0x05, 0x05, 0x05, 0x03, 0x05, 
	0x03, 0x04, 0x04, 0x05, 0x04, 0x05, 0x05, 0x03, 
	0x01, 0x05, 0x01, 0x02, 0x04, 0x03, 0x05, 0x02, 
	0x02, 0x01, 0x01, 0x03, 0x08, 0x05, 0x04, 0x05, 
	0x05, 0x01, 0x01, 0x01, 0x05, 0x05, 0x01, 0x01, 
	0x02, 0x01, 0x05, 0x03, 0x09, 0x01, 0x03, 0x01, 
	0x00, 0x01, 0x02, 0x04, 0x05, 0x06, 0x01, 0x04, 
	0x03, 0x01, 0x03, 0x03, 0x04, 0x05, 0x05, 0x01, 
	0x05, 0x05, 0x04, 0x08, 0x02, 0x01, 0x01, 0x05, 
	0x03, 0x01, 0x03, 0x03, 0x03, 0x02, 0x01, 0x00, 
	0x05, 0x02, 0x05, 0x01, 0x01, 0x04, 0x03, 0x02, 
	0x01, 0x01, 0x04, 0x01, 0x03, 0x01, 0x05, 0x02, 
	0x08, 0x04, 0x04, 0x05, 0x05, 0x04, 0x02, 0x01, 
	0x00, 0x01, 0x03, 0x01, 0x02, 0x00, 0x01, 0x00, 
	0x01, 0x01, 0x00, 0x02, 0x01, 0x01, 0x01, 0x01, 
	0x05, 0x05, 0x03, 0x01, 0x03, 0x10, 0x03, 0x05, 
	0x04, 0x04, 0x05, 0x08, 0x05, 0x03, 0x05, 0x00, 
	0x01, 0x01, 0x00, 0x00, 0x01, 0x01, 0x01, 0x01, 
	0x01, 0x01, 0x01, 0x05, 0x00, 0x01, 0x02, 0x05, 
	0x03, 0x05, 0x03, 0x04, 0x04, 0x03, 0x03, 0x04, 
	0x04, 0x04, 0x08, 0x08, 0x05, 0x03, 0x01, 0x11, 
	0x01, 0x01, 0x00, 0x01, 0x11, 0x00, 0x01, 0x01, 
	
};

Gfx lll_dl_tex1_128x128_8a769bd9a9c0426c_14_pal_rgba16_aligner[] = {gsSPEndDisplayList()};
u8 lll_dl_tex1_128x128_8a769bd9a9c0426c_14_pal_rgba16[] = {
	0x5a, 0x93, 0x5a, 0x53, 0x5a, 0x51, 0x52, 0x51, 
	0x52, 0x11, 0x52, 0x53, 0x52, 0x13, 0x49, 0xd1, 
	0x4a, 0x11, 0x52, 0x0f, 0x5a, 0x95, 0x62, 0x95, 
	0x52, 0x93, 0x4a, 0x0f, 0x49, 0xcf, 0x51, 0xcf, 
	0x5a, 0x11, 0x5a, 0x55, 
};

Gfx lll_dl_tex1_128x128_4b49b01ccc519edf_14_ci8_aligner[] = {gsSPEndDisplayList()};
u8 lll_dl_tex1_128x128_4b49b01ccc519edf_14_ci8[] = {
	0x00, 0x01, 0x02, 0x00, 0x02, 0x03, 0x04, 0x05, 
	0x06, 0x04, 0x04, 0x07, 0x08, 0x09, 0x0a, 0x00, 
	0x01, 0x0b, 0x0c, 0x04, 0x06, 0x01, 0x0d, 0x04, 
	0x08, 0x0e, 0x01, 0x06, 0x00, 0x0d, 0x0d, 0x06, 
	0x0d, 0x01, 0x01, 0x00, 0x04, 0x09, 0x0a, 0x04, 
	0x06, 0x04, 0x09, 0x0b, 0x08, 0x03, 0x0f, 0x0d, 
	0x01, 0x08, 0x0c, 0x10, 0x06, 0x01, 0x11, 0x09, 
	0x08, 0x0b, 0x09, 0x06, 0x0d, 0x04, 0x0d, 0x06, 
	0x0d, 0x02, 0x11, 0x0d, 0x04, 0x09, 0x04, 0x09, 
	0x06, 0x09, 0x09, 0x08, 0x03, 0x07, 0x0f, 0x0d, 
	0x02, 0x12, 0x06, 0x09, 0x00, 0x01, 0x0d, 0x03, 
	0x13, 0x0b, 0x10, 0x06, 0x00, 0x01, 0x0d, 0x14, 
	0x0d, 0x04, 0x00, 0x0d, 0x04, 0x04, 0x01, 0x09, 
	0x00, 0x10, 0x04, 0x0b, 0x03, 0x07, 0x0b, 0x00, 
	0x02, 0x12, 0x00, 0x0f, 0x0d, 0x09, 0x11, 0x08, 
	0x15, 0x0b, 0x01, 0x06, 0x00, 0x10, 0x11, 0x14, 
	0x16, 0x04, 0x17, 0x01, 0x05, 0x10, 0x01, 0x09, 
	0x06, 0x18, 0x02, 0x03, 0x0f, 0x0f, 0x12, 0x00, 
	0x09, 0x07, 0x17, 0x03, 0x0d, 0x09, 0x01, 0x08, 
	0x0b, 0x0b, 0x02, 0x06, 0x00, 0x03, 0x06, 0x00, 
	0x16, 0x0f, 0x00, 0x0d, 0x04, 0x0f, 0x01, 0x0f, 
	0x06, 0x03, 0x11, 0x03, 0x07, 0x0b, 0x07, 0x0d, 
	0x09, 0x07, 0x0d, 0x09, 0x0d, 0x09, 0x11, 0x08, 
	0x08, 0x12, 0x04, 0x00, 0x0d, 0x03, 0x06, 0x00, 
	0x11, 0x0f, 0x17, 0x04, 0x04, 0x0b, 0x09, 0x0f, 
	0x06, 0x0b, 0x11, 0x09, 0x0b, 0x09, 0x07, 0x11, 
	0x0f, 0x07, 0x11, 0x19, 0x00, 0x0b, 0x11, 0x1a, 
	0x1a, 0x07, 0x01, 0x11, 0x0d, 0x0f, 0x00, 0x17, 
	0x11, 0x0f, 0x0d, 0x04, 0x04, 0x10, 0x04, 0x09, 
	0x06, 0x0b, 0x01, 0x09, 0x1a, 0x0f, 0x0f, 0x11, 
	0x0f, 0x07, 0x0d, 0x04, 0x11, 0x1a, 0x0d, 0x0b, 
	0x1a, 0x08, 0x11, 0x17, 0x17, 0x0f, 0x00, 0x11, 
	0x0d, 0x0b, 0x0d, 0x05, 0x01, 0x09, 0x04, 0x09, 
	0x06, 0x08, 0x01, 0x07, 0x1b, 0x09, 0x09, 0x11, 
	0x09, 0x0b, 0x02, 0x09, 0x0c, 0x12, 0x02, 0x07, 
	0x08, 0x13, 0x01, 0x06, 0x11, 0x04, 0x00, 0x0d, 
	0x0d, 0x03, 0x17, 0x05, 0x01, 0x09, 0x04, 0x04, 
	0x06, 0x08, 0x04, 0x0f, 0x1c, 0x09, 0x09, 0x04, 
	0x04, 0x0b, 0x05, 0x09, 0x0c, 0x1a, 0x04, 0x09, 
	0x13, 0x1a, 0x01, 0x11, 0x0d, 0x09, 0x00, 0x0d, 
	0x0d, 0x07, 0x00, 0x0d, 0x01, 0x04, 0x05, 0x01, 
	0x0d, 0x08, 0x04, 0x09, 0x1d, 0x10, 0x09, 0x04, 
	0x01, 0x0b, 0x05, 0x09, 0x1e, 0x1a, 0x04, 0x09, 
	0x08, 0x1a, 0x01, 0x00, 0x16, 0x09, 0x00, 0x0d, 
	0x11, 0x07, 0x0c, 0x0d, 0x01, 0x01, 0x04, 0x04, 
	0x06, 0x0b, 0x04, 0x03, 0x1d, 0x04, 0x0f, 0x04, 
	0x17, 0x0b, 0x01, 0x0f, 0x1e, 0x08, 0x04, 0x04, 
	0x08, 0x1b, 0x09, 0x06, 0x04, 0x09, 0x00, 0x00, 
	0x0d, 0x08, 0x0c, 0x11, 0x04, 0x11, 0x04, 0x01, 
	0x00, 0x07, 0x17, 0x03, 0x1a, 0x01, 0x0f, 0x02, 
	0x17, 0x0b, 0x01, 0x09, 0x1f, 0x1a, 0x09, 0x04, 
	0x07, 0x1a, 0x09, 0x0c, 0x02, 0x0f, 0x0d, 0x0c, 
	0x0d, 0x08, 0x14, 0x01, 0x04, 0x17, 0x05, 0x01, 
	0x00, 0x0b, 0x01, 0x0b, 0x1b, 0x01, 0x09, 0x11, 
	0x17, 0x13, 0x02, 0x10, 0x20, 0x08, 0x0f, 0x01, 
	0x07, 0x1a, 0x0f, 0x21, 0x02, 0x0f, 0x0d, 0x0c, 
	0x11, 0x07, 0x0c, 0x04, 0x03, 0x11, 0x05, 0x01, 
	0x00, 0x0b, 0x17, 0x08, 0x1a, 0x04, 0x04, 0x02, 
	0x00, 0x07, 0x01, 0x01, 0x0c, 0x13, 0x0f, 0x04, 
	0x07, 0x03, 0x07, 0x0c, 0x05, 0x04, 0x05, 0x0c, 
	0x0d, 0x0b, 0x0c, 0x05, 0x0f, 0x01, 0x05, 0x09, 
	0x00, 0x08, 0x11, 0x08, 0x1a, 0x19, 0x04, 0x17, 
	0x0d, 0x09, 0x01, 0x17, 0x0c, 0x08, 0x10, 0x01, 
	0x08, 0x04, 0x12, 0x06, 0x01, 0x04, 0x04, 0x0c, 
	0x00, 0x07, 0x0c, 0x04, 0x0f, 0x22, 0x02, 0x09, 
	0x00, 0x08, 0x04, 0x07, 0x23, 0x0f, 0x04, 0x00, 
	0x11, 0x01, 0x01, 0x11, 0x06, 0x03, 0x0a, 0x04, 
	0x1a, 0x01, 0x07, 0x24, 0x0d, 0x00, 0x04, 0x0c, 
	0x0d, 0x0b, 0x06, 0x01, 0x12, 0x01, 0x11, 0x04, 
	0x06, 0x08, 0x01, 0x07, 0x0b, 0x0b, 0x09, 0x00, 
	0x01, 0x19, 0x02, 0x01, 0x0c, 0x09, 0x04, 0x09, 
	0x08, 0x0d, 0x08, 0x06, 0x25, 0x0d, 0x05, 0x06, 
	0x00, 0x12, 0x17, 0x04, 0x03, 0x01, 0x02, 0x09, 
	0x06, 0x07, 0x09, 0x0f, 0x0b, 0x1a, 0x01, 0x0d, 
	0x04, 0x19, 0x00, 0x04, 0x0c, 0x09, 0x01, 0x0e, 
	0x0b, 0x02, 0x08, 0x00, 0x11, 0x11, 0x04, 0x06, 
	0x0d, 0x0b, 0x00, 0x02, 0x0f, 0x01, 0x0d, 0x09, 
	0x06, 0x0b, 0x01, 0x09, 0x07, 0x13, 0x01, 0x00, 
	0x04, 0x09, 0x00, 0x04, 0x06, 0x04, 0x04, 0x12, 
	0x0b, 0x01, 0x0f, 0x06, 0x0d, 0x01, 0x04, 0x00, 
	0x11, 0x09, 0x00, 0x02, 0x09, 0x02, 0x0d, 0x04, 
	0x0c, 0x0b, 0x01, 0x0b, 0x0b, 0x1a, 0x01, 0x11, 
	0x04, 0x03, 0x06, 0x04, 0x0c, 0x19, 0x04, 0x1a, 
	0x0b, 0x04, 0x04, 0x06, 0x06, 0x04, 0x04, 0x06, 
	0x01, 0x09, 0x02, 0x04, 0x0f, 0x01, 0x0d, 0x09, 
	0x06, 0x08, 0x11, 0x08, 0x0b, 0x1a, 0x01, 0x26, 
	0x09, 0x03, 0x27, 0x04, 0x0c, 0x09, 0x0a, 0x1a, 
	0x08, 0x01, 0x01, 0x06, 0x06, 0x09, 0x04, 0x00, 
	0x04, 0x04, 0x04, 0x04, 0x0f, 0x09, 0x00, 0x01, 
	0x0c, 0x07, 0x0d, 0x1a, 0x03, 0x13, 0x09, 0x11, 
	0x04, 0x03, 0x06, 0x04, 0x0c, 0x03, 0x04, 0x1a, 
	0x08, 0x10, 0x01, 0x0c, 0x06, 0x04, 0x11, 0x00, 
	0x11, 0x04, 0x04, 0x04, 0x09, 0x10, 0x01, 0x04, 
	0x0c, 0x0b, 0x00, 0x1a, 0x07, 0x08, 0x09, 0x01, 
	0x0f, 0x03, 0x06, 0x04, 0x20, 0x03, 0x04, 0x1a, 
	0x1a, 0x0f, 0x04, 0x06, 0x0d, 0x01, 0x00, 0x0d, 
	0x11, 0x04, 0x09, 0x04, 0x09, 0x03, 0x02, 0x01, 
	0x00, 0x0b, 0x28, 0x1a, 0x08, 0x08, 0x09, 0x04, 
	0x09, 0x03, 0x00, 0x04, 0x1f, 0x0f, 0x09, 0x1a, 
	0x1a, 0x03, 0x09, 0x1e, 0x11, 0x01, 0x00, 0x11, 
	0x00, 0x09, 0x09, 0x01, 0x04, 0x0b, 0x01, 0x01, 
	0x00, 0x08, 0x00, 0x1a, 0x08, 0x08, 0x04, 0x01, 
	0x04, 0x03, 0x00, 0x05, 0x21, 0x03, 0x04, 0x1a, 
	0x0b, 0x0b, 0x0f, 0x0c, 0x01, 0x01, 0x00, 0x01, 
	0x0d, 0x04, 0x04, 0x04, 0x11, 0x0b, 0x01, 0x02, 
	0x00, 0x1a, 0x11, 0x1a, 0x07, 0x0b, 0x04, 0x0d, 
	0x04, 0x0f, 0x00, 0x01, 0x0c, 0x09, 0x04, 0x15, 
	0x0b, 0x08, 0x09, 0x21, 0x05, 0x28, 0x14, 0x01, 
	0x0d, 0x09, 0x04, 0x19, 0x00, 0x0b, 0x04, 0x0d, 
	0x0c, 0x1b, 0x11, 0x12, 0x08, 0x08, 0x04, 0x00, 
	0x04, 0x03, 0x06, 0x04, 0x06, 0x04, 0x04, 0x0b, 
	0x09, 0x0b, 0x0f, 0x0c, 0x01, 0x01, 0x17, 0x11, 
	0x14, 0x0b, 0x29, 0x02, 0x00, 0x0f, 0x01, 0x11, 
	0x0c, 0x1a, 0x01, 0x0b, 0x08, 0x08, 0x09, 0x00, 
	0x04, 0x0b, 0x2a, 0x0f, 0x06, 0x04, 0x04, 0x0b, 
	0x03, 0x0b, 0x0f, 0x27, 0x01, 0x01, 0x11, 0x17, 
	0x06, 0x0f, 0x04, 0x11, 0x00, 0x03, 0x04, 0x11, 
	0x0c, 0x1a, 0x01, 0x09, 0x1b, 0x0b, 0x0f, 0x00, 
	0x04, 0x0b, 0x2a, 0x04, 0x06, 0x01, 0x05, 0x0f, 
	0x03, 0x0b, 0x09, 0x14, 0x04, 0x01, 0x11, 0x06, 
	0x00, 0x09, 0x01, 0x11, 0x02, 0x10, 0x19, 0x01, 
	0x00, 0x0b, 0x01, 0x09, 0x15, 0x03, 0x10, 0x00, 
	0x04, 0x0b, 0x2a, 0x09, 0x00, 0x01, 0x11, 0x03, 
	0x0b, 0x0b, 0x0f, 0x06, 0x01, 0x01, 0x0d, 0x14, 
	0x2b, 0x05, 0x02, 0x0d, 0x02, 0x09, 0x04, 0x01, 
	0x06, 0x0f, 0x04, 0x03, 0x13, 0x19, 0x10, 0x0c, 
	0x04, 0x0b, 0x0c, 0x09, 0x00, 0x11, 0x11, 0x0f, 
	0x0b, 0x03, 0x09, 0x0c, 0x01, 0x02, 0x0d, 0x14, 
	
};

Gfx lll_dl_tex1_128x128_4b49b01ccc519edf_14_pal_rgba16_aligner[] = {gsSPEndDisplayList()};
u8 lll_dl_tex1_128x128_4b49b01ccc519edf_14_pal_rgba16[] = {
	0x62, 0x4b, 0x6a, 0x8d, 0x6a, 0x8b, 0x7a, 0xcf, 
	0x72, 0x8d, 0x72, 0x8b, 0x62, 0x0b, 0x7b, 0x0d, 
	0x83, 0x0f, 0x72, 0xcd, 0x7a, 0x8d, 0x7b, 0x0f, 
	0x5a, 0x0b, 0x6a, 0x4b, 0x73, 0x0d, 0x7a, 0xcd, 
	0x72, 0xcf, 0x6a, 0x4d, 0x83, 0x0d, 0x83, 0x4d, 
	0x62, 0x0d, 0x7b, 0x4f, 0x72, 0x4d, 0x62, 0x4d, 
	0x73, 0x0f, 0x72, 0x8f, 0x83, 0x4f, 0x8b, 0x4f, 
	0x8b, 0x51, 0x8b, 0x8f, 0x5a, 0x09, 0x51, 0xc9, 
	0x51, 0xcb, 0x59, 0xcb, 0x6a, 0xcd, 0x7b, 0x4d, 
	0x62, 0x09, 0x72, 0x4b, 0x62, 0x8b, 0x5a, 0x0d, 
	0x62, 0x8d, 0x6a, 0x8f, 0x5a, 0x4b, 0x6a, 0x0b, 
	
};

Gfx lll_dl_tex1_128x128_1ce263028dcda6a3_14_ci8_aligner[] = {gsSPEndDisplayList()};
u8 lll_dl_tex1_128x128_1ce263028dcda6a3_14_ci8[] = {
	0x00, 0x00, 0x01, 0x02, 0x03, 0x00, 0x00, 0x04, 
	0x00, 0x00, 0x00, 0x05, 0x06, 0x04, 0x00, 0x00, 
	0x00, 0x00, 0x00, 0x00, 0x00, 0x07, 0x08, 0x00, 
	0x00, 0x04, 0x03, 0x01, 0x00, 0x00, 0x00, 0x00, 
	0x08, 0x09, 0x0a, 0x0a, 0x0a, 0x0b, 0x0c, 0x0d, 
	0x0e, 0x0f, 0x0c, 0x10, 0x11, 0x12, 0x13, 0x14, 
	0x15, 0x01, 0x03, 0x16, 0x0c, 0x06, 0x17, 0x18, 
	0x19, 0x1a, 0x1b, 0x1c, 0x1d, 0x16, 0x03, 0x17, 
	0x1e, 0x1e, 0x1f, 0x1e, 0x20, 0x1e, 0x21, 0x22, 
	0x23, 0x24, 0x25, 0x25, 0x25, 0x26, 0x25, 0x20, 
	0x23, 0x27, 0x28, 0x29, 0x25, 0x20, 0x2a, 0x2b, 
	0x1e, 0x28, 0x2c, 0x23, 0x1e, 0x25, 0x2d, 0x28, 
	0x2e, 0x2f, 0x2f, 0x2e, 0x2e, 0x30, 0x2f, 0x2f, 
	0x31, 0x31, 0x32, 0x33, 0x32, 0x34, 0x31, 0x35, 
	0x2f, 0x1a, 0x2f, 0x11, 0x32, 0x2f, 0x33, 0x2f, 
	0x32, 0x22, 0x31, 0x35, 0x35, 0x32, 0x31, 0x32, 
	0x36, 0x36, 0x37, 0x36, 0x36, 0x36, 0x31, 0x32, 
	0x38, 0x20, 0x39, 0x1f, 0x38, 0x21, 0x1f, 0x3a, 
	0x36, 0x21, 0x36, 0x21, 0x1f, 0x3b, 0x3c, 0x36, 
	0x21, 0x21, 0x3d, 0x3e, 0x36, 0x1e, 0x1f, 0x21, 
	0x3f, 0x3f, 0x0a, 0x3f, 0x3f, 0x3f, 0x3f, 0x0a, 
	0x1b, 0x40, 0x40, 0x1b, 0x1b, 0x1b, 0x1b, 0x41, 
	0x3f, 0x3f, 0x3f, 0x3f, 0x3f, 0x3f, 0x3f, 0x0a, 
	0x1b, 0x1b, 0x40, 0x1b, 0x40, 0x1b, 0x1b, 0x40, 
	0x0a, 0x42, 0x0a, 0x0a, 0x3f, 0x3f, 0x3f, 0x3f, 
	0x40, 0x43, 0x11, 0x1b, 0x1b, 0x43, 0x40, 0x43, 
	0x3f, 0x0a, 0x0a, 0x3f, 0x3f, 0x3f, 0x0a, 0x3f, 
	0x44, 0x1b, 0x1b, 0x11, 0x1b, 0x1b, 0x1b, 0x1b, 
	0x3f, 0x0a, 0x0a, 0x0a, 0x0a, 0x0a, 0x0a, 0x0a, 
	0x1b, 0x1b, 0x1b, 0x1b, 0x11, 0x40, 0x44, 0x1b, 
	0x0a, 0x0a, 0x3f, 0x0a, 0x0a, 0x0a, 0x0a, 0x0a, 
	0x1b, 0x1b, 0x11, 0x40, 0x1b, 0x11, 0x1b, 0x11, 
	0x1b, 0x1b, 0x1b, 0x1b, 0x43, 0x1b, 0x43, 0x1b, 
	0x0a, 0x0a, 0x45, 0x0a, 0x0a, 0x0a, 0x3f, 0x0a, 
	0x1b, 0x1b, 0x1b, 0x1b, 0x1b, 0x43, 0x11, 0x11, 
	0x45, 0x0a, 0x0a, 0x45, 0x0a, 0x3f, 0x3f, 0x0a, 
	0x1b, 0x1b, 0x1b, 0x40, 0x41, 0x41, 0x43, 0x1b, 
	0x42, 0x3f, 0x0a, 0x3f, 0x0a, 0x3f, 0x0a, 0x0a, 
	0x43, 0x11, 0x1b, 0x41, 0x41, 0x41, 0x41, 0x43, 
	0x0a, 0x3f, 0x3f, 0x0a, 0x0a, 0x0a, 0x3f, 0x0a, 
	0x1b, 0x1b, 0x11, 0x11, 0x40, 0x40, 0x1b, 0x1b, 
	0x0a, 0x0a, 0x0a, 0x0a, 0x0a, 0x0a, 0x0a, 0x0a, 
	0x1b, 0x11, 0x40, 0x40, 0x43, 0x1b, 0x1b, 0x11, 
	0x45, 0x3f, 0x0a, 0x45, 0x0a, 0x0a, 0x0a, 0x3f, 
	0x41, 0x11, 0x1b, 0x1b, 0x1b, 0x1b, 0x41, 0x43, 
	0x0a, 0x0a, 0x0a, 0x0a, 0x0a, 0x0a, 0x0a, 0x3f, 
	0x1b, 0x1b, 0x40, 0x40, 0x1b, 0x43, 0x40, 0x11, 
	0x0a, 0x0a, 0x0a, 0x0a, 0x0a, 0x0a, 0x0a, 0x0a, 
	0x40, 0x1b, 0x41, 0x43, 0x1b, 0x43, 0x43, 0x1b, 
	0x0a, 0x0a, 0x0a, 0x0a, 0x0a, 0x3f, 0x3f, 0x0a, 
	0x1b, 0x1b, 0x41, 0x1b, 0x1b, 0x1b, 0x1b, 0x1b, 
	0x0a, 0x45, 0x0a, 0x0a, 0x0a, 0x0a, 0x3f, 0x3f, 
	0x41, 0x41, 0x1b, 0x41, 0x41, 0x41, 0x43, 0x1b, 
	0x0a, 0x0a, 0x3f, 0x0a, 0x0a, 0x0a, 0x0a, 0x3f, 
	0x41, 0x40, 0x43, 0x41, 0x1b, 0x43, 0x43, 0x1b, 
	0x3f, 0x0a, 0x3f, 0x0a, 0x46, 0x0a, 0x0a, 0x0a, 
	0x41, 0x1b, 0x1b, 0x1b, 0x43, 0x34, 0x1b, 0x43, 
	0x3f, 0x3f, 0x0a, 0x0a, 0x0a, 0x3f, 0x0a, 0x3f, 
	0x41, 0x1b, 0x1b, 0x41, 0x41, 0x1b, 0x1b, 0x1b, 
	0x46, 0x3f, 0x3f, 0x0a, 0x0a, 0x0a, 0x3f, 0x0a, 
	0x1b, 0x40, 0x40, 0x1b, 0x1b, 0x40, 0x1b, 0x1b, 
	0x0a, 0x0a, 0x0a, 0x0a, 0x0a, 0x3f, 0x0a, 0x0a, 
	0x40, 0x1b, 0x43, 0x40, 0x1b, 0x1b, 0x1b, 0x1b, 
	0x0a, 0x0a, 0x0a, 0x0a, 0x0a, 0x0a, 0x3f, 0x0a, 
	0x0a, 0x0a, 0x0a, 0x0a, 0x3f, 0x0a, 0x3f, 0x0a, 
	0x1b, 0x11, 0x47, 0x1b, 0x40, 0x1b, 0x40, 0x1b, 
	0x3f, 0x0a, 0x0a, 0x0a, 0x0a, 0x0a, 0x0a, 0x0a, 
	0x11, 0x1b, 0x11, 0x11, 0x1b, 0x43, 0x1b, 0x1b, 
	0x0a, 0x3f, 0x0a, 0x0a, 0x3f, 0x3f, 0x3f, 0x0a, 
	0x41, 0x41, 0x1b, 0x43, 0x1b, 0x41, 0x1b, 0x11, 
	0x0a, 0x45, 0x3f, 0x3f, 0x3f, 0x3f, 0x0a, 0x3f, 
	0x1b, 0x43, 0x41, 0x1b, 0x1b, 0x40, 0x43, 0x1b, 
	0x45, 0x3f, 0x3f, 0x3f, 0x3f, 0x3f, 0x0a, 0x0a, 
	0x41, 0x41, 0x11, 0x43, 0x1b, 0x43, 0x11, 0x47, 
	0x3f, 0x3f, 0x3f, 0x0a, 0x0a, 0x0a, 0x0a, 0x3f, 
	0x1b, 0x43, 0x1b, 0x40, 0x1b, 0x1b, 0x1b, 0x1b, 
	0x0a, 0x0a, 0x3f, 0x0a, 0x3f, 0x0a, 0x0a, 0x0a, 
	0x1b, 0x11, 0x11, 0x40, 0x11, 0x1b, 0x1b, 0x1b, 
	0x0a, 0x3f, 0x0a, 0x0a, 0x0a, 0x0a, 0x0a, 0x45, 
	0x44, 0x1b, 0x47, 0x11, 0x40, 0x11, 0x1b, 0x1b, 
	0x0a, 0x0a, 0x0a, 0x3f, 0x3f, 0x0a, 0x3f, 0x3f, 
	0x11, 0x40, 0x1b, 0x11, 0x1b, 0x43, 0x40, 0x1b, 
	0x0a, 0x0a, 0x42, 0x3f, 0x0a, 0x3f, 0x0a, 0x45, 
	0x1b, 0x1b, 0x40, 0x11, 0x11, 0x40, 0x41, 0x40, 
	0x0a, 0x3f, 0x3f, 0x0a, 0x0a, 0x0a, 0x42, 0x0a, 
	0x40, 0x40, 0x1b, 0x1b, 0x11, 0x40, 0x43, 0x1b, 
	0x3f, 0x0a, 0x3f, 0x0a, 0x0a, 0x3f, 0x0a, 0x3f, 
	0x1b, 0x41, 0x41, 0x1b, 0x1b, 0x11, 0x40, 0x1b, 
	0x3f, 0x3f, 0x0a, 0x0a, 0x0a, 0x3f, 0x3f, 0x0a, 
	0x1b, 0x1b, 0x1b, 0x1b, 0x1b, 0x1b, 0x44, 0x40, 
	0x0a, 0x0a, 0x0a, 0x0a, 0x3f, 0x3f, 0x3f, 0x0a, 
	0x40, 0x1b, 0x40, 0x11, 0x1b, 0x40, 0x1b, 0x1b, 
	0x3f, 0x0a, 0x0a, 0x3f, 0x0a, 0x3f, 0x0a, 0x0a, 
	0x47, 0x1b, 0x1b, 0x1b, 0x1b, 0x40, 0x1b, 0x1b, 
	0x0a, 0x0a, 0x0a, 0x0a, 0x3f, 0x0a, 0x0a, 0x3f, 
	0x1b, 0x11, 0x40, 0x1b, 0x1b, 0x1b, 0x43, 0x1b, 
	0x1b, 0x1b, 0x1b, 0x1b, 0x1b, 0x41, 0x43, 0x1b, 
	0x3f, 0x46, 0x0a, 0x0a, 0x0a, 0x0a, 0x3f, 0x3f, 
	0x1b, 0x40, 0x1b, 0x1b, 0x43, 0x41, 0x1b, 0x1b, 
	0x0a, 0x0a, 0x3f, 0x0a, 0x45, 0x0a, 0x0a, 0x0a, 
	0x1b, 0x1b, 0x1b, 0x40, 0x41, 0x1b, 0x43, 0x1b, 
	0x3f, 0x0a, 0x3f, 0x3f, 0x0a, 0x0a, 0x0a, 0x0a, 
	0x41, 0x1b, 0x40, 0x1b, 0x1b, 0x41, 0x43, 0x1b, 
	0x0a, 0x3f, 0x0a, 0x3f, 0x3f, 0x3f, 0x0a, 0x0a, 
	0x43, 0x43, 0x41, 0x1b, 0x41, 0x41, 0x43, 0x40, 
	0x0a, 0x3f, 0x0a, 0x3f, 0x0a, 0x3f, 0x0a, 0x3f, 
	0x41, 0x40, 0x40, 0x41, 0x40, 0x40, 0x1b, 0x43, 
	0x0a, 0x0a, 0x3f, 0x0a, 0x46, 0x0a, 0x3f, 0x0a, 
	0x43, 0x1b, 0x40, 0x1b, 0x1b, 0x43, 0x1b, 0x43, 
	0x3f, 0x0a, 0x0a, 0x0a, 0x0a, 0x0a, 0x0a, 0x3f, 
	0x40, 0x1b, 0x1b, 0x1b, 0x41, 0x1b, 0x40, 0x1b, 
	0x0a, 0x3f, 0x3f, 0x0a, 0x0a, 0x0a, 0x0a, 0x0a, 
	0x48, 0x49, 0x4a, 0x48, 0x29, 0x49, 0x4b, 0x23, 
	0x1e, 0x4b, 0x1e, 0x1e, 0x27, 0x20, 0x27, 0x20, 
	0x4c, 0x4c, 0x29, 0x29, 0x4d, 0x4c, 0x25, 0x4e, 
	0x1e, 0x25, 0x4f, 0x25, 0x1f, 0x1e, 0x50, 0x1e, 
	0x51, 0x35, 0x35, 0x11, 0x2f, 0x52, 0x35, 0x35, 
	0x11, 0x11, 0x10, 0x10, 0x11, 0x11, 0x11, 0x11, 
	0x35, 0x35, 0x35, 0x3c, 0x53, 0x35, 0x35, 0x35, 
	0x11, 0x11, 0x1b, 0x10, 0x10, 0x11, 0x2e, 0x0a, 
	0x54, 0x55, 0x56, 0x08, 0x57, 0x27, 0x21, 0x3c, 
	0x58, 0x2a, 0x59, 0x5a, 0x22, 0x3c, 0x5b, 0x57, 
	0x5c, 0x3d, 0x1f, 0x2d, 0x23, 0x5d, 0x5e, 0x2a, 
	0x31, 0x3b, 0x39, 0x5f, 0x5f, 0x56, 0x60, 0x08, 
	0x17, 0x17, 0x17, 0x17, 0x17, 0x17, 0x19, 0x08, 
	0x17, 0x17, 0x61, 0x04, 0x03, 0x01, 0x17, 0x17, 
	0x17, 0x15, 0x62, 0x61, 0x17, 0x61, 0x17, 0x61, 
	0x01, 0x15, 0x08, 0x17, 0x17, 0x17, 0x17, 0x17, 
	
};

Gfx lll_dl_tex1_128x128_1ce263028dcda6a3_14_pal_rgba16_aligner[] = {gsSPEndDisplayList()};
u8 lll_dl_tex1_128x128_1ce263028dcda6a3_14_pal_rgba16[] = {
	0x41, 0xd1, 0x41, 0xcf, 0x31, 0x09, 0x41, 0x8d, 
	0x39, 0xcf, 0x41, 0x8f, 0x39, 0x4b, 0x42, 0x11, 
	0x4a, 0x11, 0x30, 0xc7, 0x40, 0x01, 0x49, 0x09, 
	0x40, 0x85, 0x40, 0x43, 0x41, 0x07, 0x39, 0x09, 
	0x48, 0x41, 0x50, 0x41, 0x38, 0x43, 0x30, 0x85, 
	0x41, 0x09, 0x49, 0xcf, 0x40, 0xc7, 0x4a, 0x53, 
	0x52, 0x95, 0x49, 0x4b, 0x50, 0x83, 0x58, 0x41, 
	0x48, 0x43, 0x48, 0x85, 0x79, 0x43, 0x71, 0x03, 
	0x79, 0x41, 0x71, 0x01, 0x68, 0xc3, 0x79, 0x83, 
	0x81, 0xc1, 0x81, 0x83, 0x81, 0x43, 0x71, 0x43, 
	0x79, 0x81, 0x81, 0x81, 0x61, 0x85, 0x81, 0xc3, 
	0x91, 0xc1, 0x79, 0x85, 0x50, 0x81, 0x58, 0x81, 
	0x58, 0x83, 0x68, 0xc1, 0x60, 0xc1, 0x68, 0x81, 
	0x60, 0x83, 0x60, 0x81, 0x69, 0x01, 0x60, 0xc3, 
	0x69, 0x03, 0x71, 0x41, 0x79, 0x03, 0x61, 0x03, 
	0x58, 0xc3, 0x79, 0x01, 0x81, 0x03, 0x48, 0x01, 
	0x58, 0x43, 0x60, 0x43, 0x48, 0x03, 0x60, 0x41, 
	0x50, 0x43, 0x38, 0x01, 0x40, 0x03, 0x50, 0x01, 
	0x89, 0xc3, 0x89, 0x83, 0x81, 0x85, 0x81, 0x41, 
	0x89, 0x81, 0x91, 0xc5, 0x91, 0xc3, 0x89, 0xc5, 
	0x79, 0x45, 0x59, 0x07, 0x68, 0x83, 0x70, 0xc3, 
	0x5b, 0x17, 0x69, 0xc5, 0x61, 0x45, 0x52, 0x53, 
	0x51, 0x45, 0x49, 0x03, 0x59, 0x03, 0x82, 0x05, 
	0x51, 0xcf, 0x71, 0x85, 0x69, 0x85, 0x69, 0xc7, 
	0x59, 0x87, 0x42, 0x51, 0x49, 0x8d, 
};

Gfx lll_dl_SUPER_MARIO_64_9026CBA3_0_2_all_ci4_aligner[] = {gsSPEndDisplayList()};
u8 lll_dl_SUPER_MARIO_64_9026CBA3_0_2_all_ci4[] = {
	0x00, 0x00, 0x00, 0x00, 0x12, 0x34, 0x56, 0x73, 
	0x00, 0x00, 0x00, 0x00, 0x12, 0x34, 0x56, 0x73, 
	0x00, 0x00, 0x00, 0x00, 0x12, 0x34, 0x56, 0x73, 
	0x00, 0x00, 0x00, 0x00, 0x12, 0x34, 0x56, 0x73, 
	0x00, 0x00, 0x00, 0x00, 0x12, 0x34, 0x56, 0x73, 
	0x00, 0x00, 0x00, 0x00, 0x12, 0x34, 0x56, 0x73, 
	0x00, 0x00, 0x00, 0x00, 0x12, 0x34, 0x56, 0x73, 
	0x00, 0x00, 0x00, 0x00, 0x12, 0x34, 0x56, 0x73, 
	0x00, 0x00, 0x00, 0x00, 0x12, 0x34, 0x56, 0x73, 
	0x00, 0x00, 0x00, 0x00, 0x12, 0x34, 0x56, 0x73, 
	0x00, 0x00, 0x00, 0x00, 0x12, 0x34, 0x56, 0x73, 
	0x00, 0x00, 0x00, 0x00, 0x12, 0x34, 0x56, 0x73, 
	0x00, 0x00, 0x00, 0x00, 0x12, 0x34, 0x56, 0x73, 
	0x00, 0x00, 0x00, 0x00, 0x12, 0x34, 0x56, 0x73, 
	0x00, 0x00, 0x00, 0x00, 0x12, 0x34, 0x56, 0x73, 
	0x00, 0x00, 0x00, 0x00, 0x12, 0x34, 0x56, 0x73, 
	0x00, 0x00, 0x00, 0x00, 0x12, 0x34, 0x56, 0x73, 
	0x00, 0x00, 0x00, 0x00, 0x12, 0x34, 0x56, 0x73, 
	0x00, 0x00, 0x00, 0x00, 0x12, 0x34, 0x56, 0x73, 
	0x00, 0x00, 0x00, 0x00, 0x12, 0x34, 0x56, 0x73, 
	0x00, 0x00, 0x00, 0x00, 0x12, 0x34, 0x56, 0x73, 
	0x00, 0x00, 0x00, 0x00, 0x12, 0x34, 0x56, 0x73, 
	0x00, 0x00, 0x00, 0x00, 0x12, 0x34, 0x56, 0x73, 
	0x00, 0x00, 0x00, 0x00, 0x12, 0x34, 0x56, 0x73, 
	0x00, 0x00, 0x00, 0x00, 0x12, 0x34, 0x56, 0x73, 
	0x00, 0x00, 0x00, 0x00, 0x12, 0x34, 0x56, 0x73, 
	0x00, 0x00, 0x00, 0x00, 0x12, 0x34, 0x56, 0x73, 
	0x00, 0x00, 0x00, 0x00, 0x12, 0x34, 0x56, 0x73, 
	0x00, 0x00, 0x00, 0x00, 0x12, 0x34, 0x56, 0x73, 
	0x00, 0x00, 0x00, 0x00, 0x12, 0x34, 0x56, 0x73, 
	0x00, 0x00, 0x00, 0x00, 0x12, 0x34, 0x56, 0x73, 
	0x00, 0x00, 0x00, 0x00, 0x12, 0x34, 0x56, 0x73, 
	0x00, 0x00, 0x00, 0x00, 0x12, 0x34, 0x56, 0x73, 
	0x00, 0x00, 0x00, 0x00, 0x12, 0x34, 0x56, 0x73, 
	0x00, 0x00, 0x00, 0x00, 0x12, 0x34, 0x56, 0x73, 
	0x00, 0x00, 0x00, 0x00, 0x12, 0x34, 0x56, 0x73, 
	0x00, 0x00, 0x00, 0x00, 0x12, 0x34, 0x56, 0x73, 
	0x00, 0x00, 0x00, 0x00, 0x12, 0x34, 0x56, 0x73, 
	0x00, 0x00, 0x00, 0x00, 0x12, 0x34, 0x56, 0x73, 
	0x00, 0x00, 0x00, 0x00, 0x12, 0x34, 0x56, 0x73, 
	0x00, 0x00, 0x00, 0x00, 0x12, 0x34, 0x56, 0x73, 
	0x00, 0x00, 0x00, 0x00, 0x12, 0x34, 0x56, 0x73, 
	0x00, 0x00, 0x00, 0x00, 0x12, 0x34, 0x56, 0x73, 
	0x00, 0x00, 0x00, 0x00, 0x12, 0x34, 0x56, 0x73, 
	0x00, 0x00, 0x00, 0x00, 0x12, 0x34, 0x56, 0x73, 
	0x00, 0x00, 0x00, 0x00, 0x12, 0x34, 0x56, 0x73, 
	0x00, 0x00, 0x00, 0x00, 0x12, 0x34, 0x56, 0x73, 
	0x00, 0x00, 0x00, 0x00, 0x12, 0x34, 0x56, 0x73, 
	0x00, 0x00, 0x00, 0x00, 0x12, 0x34, 0x56, 0x73, 
	0x00, 0x00, 0x00, 0x00, 0x12, 0x34, 0x56, 0x73, 
	0x00, 0x00, 0x00, 0x00, 0x12, 0x34, 0x56, 0x73, 
	0x00, 0x00, 0x00, 0x00, 0x12, 0x34, 0x56, 0x73, 
	0x00, 0x00, 0x00, 0x00, 0x12, 0x34, 0x56, 0x73, 
	0x00, 0x00, 0x00, 0x00, 0x12, 0x34, 0x56, 0x73, 
	0x00, 0x00, 0x00, 0x00, 0x12, 0x34, 0x56, 0x73, 
	0x00, 0x00, 0x00, 0x00, 0x12, 0x34, 0x56, 0x73, 
	0x00, 0x00, 0x00, 0x00, 0x12, 0x34, 0x56, 0x73, 
	0x00, 0x00, 0x00, 0x00, 0x12, 0x34, 0x56, 0x73, 
	0x00, 0x00, 0x00, 0x00, 0x12, 0x34, 0x56, 0x73, 
	0x00, 0x00, 0x00, 0x00, 0x12, 0x34, 0x56, 0x73, 
	0x00, 0x00, 0x00, 0x00, 0x12, 0x34, 0x56, 0x73, 
	0x00, 0x00, 0x00, 0x00, 0x12, 0x34, 0x56, 0x73, 
	0x00, 0x00, 0x00, 0x00, 0x12, 0x34, 0x56, 0x73, 
	0x00, 0x00, 0x00, 0x00, 0x12, 0x34, 0x56, 0x73, 
	
};

Gfx lll_dl_SUPER_MARIO_64_9026CBA3_0_2_all_pal_rgba16_aligner[] = {gsSPEndDisplayList()};
u8 lll_dl_SUPER_MARIO_64_9026CBA3_0_2_all_pal_rgba16[] = {
	0x00, 0x00, 0x18, 0x85, 0x41, 0xcf, 0x7b, 0x9d, 
	0xad, 0x69, 0xce, 0x73, 0xbd, 0xad, 0x9c, 0xa5, 
	
};

Gfx lll_dl_tex1_256x256_5676e6ece32b778b_14_ci8_aligner[] = {gsSPEndDisplayList()};
u8 lll_dl_tex1_256x256_5676e6ece32b778b_14_ci8[] = {
	0x00, 0x01, 0x01, 0x01, 0x01, 0x00, 0x00, 0x02, 
	0x03, 0x04, 0x05, 0x06, 0x07, 0x08, 0x09, 0x09, 
	0x0a, 0x0b, 0x0c, 0x0d, 0x0e, 0x0f, 0x0f, 0x09, 
	0x10, 0x11, 0x12, 0x13, 0x14, 0x04, 0x01, 0x15, 
	0x02, 0x02, 0x16, 0x16, 0x02, 0x16, 0x16, 0x01, 
	0x02, 0x11, 0x10, 0x17, 0x18, 0x08, 0x09, 0x10, 
	0x0a, 0x0d, 0x0b, 0x0c, 0x0d, 0x0a, 0x19, 0x0a, 
	0x11, 0x1a, 0x11, 0x04, 0x0f, 0x02, 0x02, 0x16, 
	0x14, 0x14, 0x1b, 0x06, 0x04, 0x04, 0x0f, 0x15, 
	0x0f, 0x09, 0x09, 0x1c, 0x1d, 0x1e, 0x1f, 0x1f, 
	0x11, 0x11, 0x10, 0x0b, 0x0a, 0x20, 0x18, 0x09, 
	0x19, 0x01, 0x04, 0x17, 0x0f, 0x01, 0x21, 0x22, 
	0x07, 0x07, 0x23, 0x07, 0x15, 0x24, 0x25, 0x08, 
	0x08, 0x26, 0x27, 0x28, 0x1c, 0x1c, 0x10, 0x1f, 
	0x03, 0x0a, 0x29, 0x1c, 0x1e, 0x2a, 0x18, 0x2b, 
	0x2b, 0x2c, 0x08, 0x17, 0x0f, 0x07, 0x22, 0x22, 
	0x08, 0x0f, 0x0f, 0x0f, 0x15, 0x07, 0x2d, 0x25, 
	0x17, 0x26, 0x27, 0x2b, 0x09, 0x08, 0x0f, 0x04, 
	0x1f, 0x08, 0x29, 0x29, 0x10, 0x20, 0x2c, 0x2c, 
	0x2c, 0x2c, 0x2c, 0x08, 0x08, 0x2e, 0x14, 0x14, 
	0x09, 0x04, 0x03, 0x1f, 0x17, 0x0f, 0x2c, 0x2d, 
	0x08, 0x07, 0x2c, 0x08, 0x09, 0x0f, 0x15, 0x15, 
	0x2d, 0x08, 0x09, 0x09, 0x0a, 0x0a, 0x2f, 0x2d, 
	0x2e, 0x30, 0x31, 0x09, 0x17, 0x2d, 0x2d, 0x08, 
	0x04, 0x0f, 0x04, 0x10, 0x1f, 0x15, 0x0f, 0x08, 
	0x2d, 0x31, 0x2e, 0x2e, 0x08, 0x17, 0x01, 0x05, 
	0x17, 0x08, 0x08, 0x10, 0x32, 0x09, 0x2f, 0x2c, 
	0x2d, 0x07, 0x2d, 0x09, 0x17, 0x08, 0x17, 0x0f, 
	0x24, 0x33, 0x08, 0x34, 0x35, 0x07, 0x26, 0x26, 
	0x08, 0x2c, 0x07, 0x08, 0x10, 0x0f, 0x06, 0x17, 
	0x0d, 0x10, 0x2d, 0x17, 0x2d, 0x07, 0x30, 0x36, 
	0x31, 0x07, 0x2c, 0x09, 0x26, 0x37, 0x37, 0x24, 
	0x14, 0x15, 0x04, 0x09, 0x08, 0x08, 0x08, 0x09, 
	0x09, 0x08, 0x2e, 0x2e, 0x08, 0x17, 0x38, 0x12, 
	0x11, 0x17, 0x0f, 0x0f, 0x04, 0x0f, 0x07, 0x30, 
	0x14, 0x07, 0x08, 0x10, 0x10, 0x08, 0x33, 0x14, 
	0x01, 0x02, 0x01, 0x03, 0x11, 0x1f, 0x11, 0x0e, 
	0x1f, 0x1f, 0x07, 0x2d, 0x08, 0x11, 0x39, 0x39, 
	0x0e, 0x17, 0x2d, 0x15, 0x3a, 0x1a, 0x05, 0x0f, 
	0x0f, 0x32, 0x2a, 0x10, 0x1f, 0x3b, 0x01, 0x00, 
	0x04, 0x1f, 0x0f, 0x17, 0x08, 0x3c, 0x17, 0x0e, 
	0x0e, 0x3d, 0x19, 0x2d, 0x09, 0x0c, 0x0e, 0x0d, 
	0x11, 0x17, 0x08, 0x2d, 0x06, 0x04, 0x04, 0x04, 
	0x1f, 0x1f, 0x0f, 0x0f, 0x04, 0x1a, 0x1a, 0x1a, 
	0x0f, 0x0f, 0x09, 0x09, 0x37, 0x24, 0x3c, 0x08, 
	0x10, 0x08, 0x2d, 0x07, 0x2e, 0x10, 0x11, 0x1f, 
	0x1f, 0x17, 0x08, 0x08, 0x0f, 0x1f, 0x29, 0x10, 
	0x17, 0x17, 0x15, 0x25, 0x08, 0x17, 0x04, 0x0f, 
	0x2d, 0x08, 0x2b, 0x09, 0x26, 0x08, 0x08, 0x08, 
	0x09, 0x09, 0x2d, 0x07, 0x2d, 0x08, 0x08, 0x17, 
	0x1f, 0x10, 0x26, 0x09, 0x3e, 0x17, 0x09, 0x33, 
	0x08, 0x17, 0x25, 0x3c, 0x2b, 0x3f, 0x09, 0x08, 
	0x32, 0x0a, 0x29, 0x29, 0x08, 0x17, 0x17, 0x09, 
	0x17, 0x17, 0x0f, 0x2d, 0x2d, 0x2b, 0x2d, 0x08, 
	0x17, 0x17, 0x29, 0x29, 0x10, 0x10, 0x09, 0x25, 
	0x08, 0x0f, 0x17, 0x09, 0x29, 0x09, 0x09, 0x32, 
	0x0b, 0x0b, 0x09, 0x17, 0x2d, 0x17, 0x10, 0x38, 
	0x17, 0x17, 0x15, 0x2d, 0x06, 0x15, 0x07, 0x06, 
	0x2d, 0x17, 0x10, 0x17, 0x04, 0x04, 0x03, 0x03, 
	0x01, 0x00, 0x01, 0x10, 0x29, 0x09, 0x08, 0x0b, 
	0x0a, 0x09, 0x08, 0x17, 0x17, 0x17, 0x04, 0x0f, 
	0x17, 0x04, 0x0f, 0x0f, 0x2d, 0x07, 0x14, 0x21, 
	0x07, 0x04, 0x04, 0x0f, 0x01, 0x04, 0x16, 0x02, 
	0x04, 0x0f, 0x1f, 0x08, 0x10, 0x10, 0x0a, 0x0d, 
	0x32, 0x32, 0x05, 0x11, 0x1f, 0x04, 0x1f, 0x0d, 
	0x39, 0x40, 0x1f, 0x11, 0x2d, 0x07, 0x06, 0x41, 
	0x41, 0x16, 0x00, 0x01, 0x02, 0x16, 0x00, 0x06, 
	0x04, 0x1f, 0x0d, 0x0d, 0x0d, 0x0e, 0x1a, 0x0e, 
	0x1a, 0x42, 0x05, 0x0e, 0x43, 0x0e, 0x0d, 0x11, 
	0x39, 0x3b, 0x04, 0x32, 0x2d, 0x44, 0x15, 0x41, 
	0x41, 0x41, 0x00, 0x45, 0x46, 0x3a, 0x42, 0x47, 
	0x42, 0x0e, 0x0e, 0x32, 0x05, 0x42, 0x3a, 0x48, 
	0x11, 0x0d, 0x0a, 0x10, 0x10, 0x2a, 0x29, 0x1d, 
	0x29, 0x2d, 0x08, 0x08, 0x09, 0x2d, 0x14, 0x06, 
	0x01, 0x15, 0x06, 0x01, 0x02, 0x21, 0x06, 0x0f, 
	0x04, 0x0f, 0x2d, 0x49, 0x2e, 0x08, 0x05, 0x0e, 
	0x19, 0x0a, 0x1d, 0x1c, 0x1c, 0x2b, 0x2b, 0x09, 
	0x26, 0x08, 0x0f, 0x0f, 0x0f, 0x09, 0x2e, 0x15, 
	0x15, 0x07, 0x13, 0x01, 0x00, 0x1b, 0x1b, 0x23, 
	0x2d, 0x2d, 0x2c, 0x49, 0x4a, 0x2b, 0x10, 0x17, 
	0x2d, 0x09, 0x09, 0x4b, 0x1e, 0x29, 0x26, 0x26, 
	0x2c, 0x08, 0x3e, 0x1f, 0x0f, 0x2e, 0x08, 0x0f, 
	0x0f, 0x23, 0x25, 0x04, 0x01, 0x23, 0x4c, 0x4c, 
	0x2c, 0x2c, 0x26, 0x4d, 0x26, 0x29, 0x2d, 0x07, 
	0x17, 0x17, 0x0a, 0x0b, 0x0a, 0x32, 0x07, 0x2d, 
	0x2d, 0x08, 0x09, 0x10, 0x07, 0x30, 0x08, 0x0f, 
	0x0f, 0x41, 0x15, 0x1f, 0x17, 0x38, 0x2d, 0x15, 
	0x25, 0x24, 0x2b, 0x2b, 0x29, 0x1f, 0x17, 0x0f, 
	0x08, 0x2c, 0x2c, 0x09, 0x2d, 0x15, 0x08, 0x08, 
	0x26, 0x09, 0x08, 0x1c, 0x2b, 0x2b, 0x26, 0x08, 
	0x0f, 0x15, 0x04, 0x10, 0x09, 0x1c, 0x29, 0x09, 
	0x26, 0x2c, 0x09, 0x1c, 0x09, 0x2d, 0x0f, 0x15, 
	0x09, 0x17, 0x2d, 0x01, 0x15, 0x0f, 0x2d, 0x09, 
	0x26, 0x09, 0x29, 0x29, 0x09, 0x09, 0x2e, 0x31, 
	0x06, 0x01, 0x2d, 0x08, 0x26, 0x29, 0x09, 0x2d, 
	0x15, 0x0f, 0x09, 0x1c, 0x1c, 0x29, 0x09, 0x08, 
	0x08, 0x10, 0x04, 0x00, 0x06, 0x06, 0x15, 0x15, 
	0x17, 0x17, 0x34, 0x10, 0x10, 0x04, 0x0f, 0x15, 
	0x0f, 0x04, 0x08, 0x2d, 0x08, 0x17, 0x2d, 0x22, 
	0x14, 0x15, 0x0f, 0x08, 0x08, 0x26, 0x4a, 0x2c, 
	0x2e, 0x0f, 0x03, 0x16, 0x00, 0x3a, 0x3d, 0x06, 
	0x07, 0x17, 0x3e, 0x10, 0x04, 0x42, 0x48, 0x48, 
	0x1a, 0x04, 0x0f, 0x2d, 0x38, 0x17, 0x0f, 0x00, 
	0x01, 0x15, 0x0f, 0x17, 0x2d, 0x07, 0x31, 0x24, 
	0x2d, 0x08, 0x17, 0x0f, 0x06, 0x15, 0x15, 0x07, 
	0x2e, 0x29, 0x09, 0x09, 0x2d, 0x15, 0x1f, 0x04, 
	0x1f, 0x10, 0x08, 0x2d, 0x25, 0x38, 0x0f, 0x17, 
	0x0f, 0x14, 0x2d, 0x2d, 0x2d, 0x14, 0x22, 0x1b, 
	0x38, 0x08, 0x0f, 0x2d, 0x1b, 0x06, 0x07, 0x14, 
	0x2d, 0x17, 0x17, 0x08, 0x2e, 0x31, 0x08, 0x09, 
	0x09, 0x29, 0x2c, 0x4e, 0x2e, 0x2d, 0x2d, 0x07, 
	0x2d, 0x2c, 0x2e, 0x4f, 0x4f, 0x30, 0x50, 0x22, 
	0x13, 0x13, 0x23, 0x13, 0x13, 0x14, 0x14, 0x22, 
	0x06, 0x06, 0x0f, 0x2d, 0x07, 0x07, 0x2e, 0x2e, 
	0x08, 0x17, 0x17, 0x07, 0x01, 0x15, 0x2d, 0x31, 
	0x2e, 0x09, 0x08, 0x2c, 0x26, 0x2e, 0x07, 0x13, 
	0x4c, 0x15, 0x1b, 0x51, 0x15, 0x1f, 0x17, 0x15, 
	0x41, 0x21, 0x15, 0x15, 0x15, 0x0f, 0x08, 0x49, 
	0x4f, 0x0f, 0x1a, 0x1a, 0x02, 0x02, 0x05, 0x32, 
	0x11, 0x10, 0x10, 0x29, 0x29, 0x09, 0x08, 0x23, 
	0x0f, 0x15, 0x52, 0x53, 0x15, 0x17, 0x07, 0x2d, 
	0x15, 0x01, 0x0f, 0x15, 0x07, 0x08, 0x26, 0x4a, 
	0x4a, 0x10, 0x1f, 0x04, 0x15, 0x14, 0x0f, 0x32, 
	0x0d, 0x3e, 0x0f, 0x15, 0x04, 0x04, 0x17, 0x15, 
	0x53, 0x15, 0x21, 0x41, 0x01, 0x01, 0x0f, 0x17, 
	0x54, 0x04, 0x0f, 0x07, 0x07, 0x2d, 0x08, 0x08, 
	0x2b, 0x0a, 0x11, 0x04, 0x15, 0x07, 0x15, 0x08, 
	0x29, 0x17, 0x0f, 0x07, 0x15, 0x04, 0x15, 0x21, 
	
};

Gfx lll_dl_tex1_256x256_5676e6ece32b778b_14_pal_rgba16_aligner[] = {gsSPEndDisplayList()};
u8 lll_dl_tex1_256x256_5676e6ece32b778b_14_pal_rgba16[] = {
	0x32, 0xc3, 0x2a, 0xc3, 0x22, 0x83, 0x1a, 0x83, 
	0x22, 0xc3, 0x22, 0xc1, 0x3b, 0x03, 0x3b, 0x43, 
	0x2b, 0x43, 0x23, 0x43, 0x1b, 0x01, 0x13, 0x01, 
	0x0a, 0xc1, 0x12, 0xc1, 0x12, 0x81, 0x2b, 0x03, 
	0x1b, 0x03, 0x1a, 0xc1, 0x23, 0x05, 0x3b, 0x45, 
	0x43, 0x43, 0x33, 0x03, 0x2a, 0x83, 0x23, 0x03, 
	0x2b, 0x41, 0x2b, 0x01, 0x1a, 0x81, 0x4b, 0x45, 
	0x1b, 0x83, 0x13, 0x41, 0x13, 0x43, 0x1a, 0xc3, 
	0x23, 0x41, 0x43, 0x03, 0x4b, 0x43, 0x43, 0x45, 
	0x43, 0x85, 0x33, 0x45, 0x2b, 0x83, 0x2b, 0xc3, 
	0x23, 0xc3, 0x1b, 0x43, 0x1b, 0x41, 0x23, 0x83, 
	0x33, 0x83, 0x33, 0x43, 0x3b, 0x83, 0x33, 0x41, 
	0x4b, 0x83, 0x43, 0x83, 0x23, 0x01, 0x3b, 0x85, 
	0x23, 0x45, 0x2b, 0x85, 0x4b, 0xc3, 0x3b, 0xc5, 
	0x2b, 0x45, 0x12, 0xc3, 0x2a, 0x81, 0x22, 0xc5, 
	0x33, 0x85, 0x2a, 0xc1, 0x13, 0x03, 0x23, 0x85, 
	0x1a, 0xc5, 0x3a, 0xc3, 0x22, 0x81, 0x0a, 0x81, 
	0x3b, 0x41, 0x32, 0x83, 0x22, 0x43, 0x32, 0xc1, 
	0x1a, 0x41, 0x43, 0xc3, 0x3b, 0xc3, 0x0b, 0x41, 
	0x4b, 0x85, 0x33, 0xc3, 0x4b, 0xc5, 0x43, 0xc5, 
	0x53, 0x85, 0x4b, 0x05, 0x4b, 0x03, 0x43, 0x05, 
	0x2b, 0x05, 
};

Gfx lll_dl_tex1_128x128_8a02a3b16dc8da6c_14_ci8_aligner[] = {gsSPEndDisplayList()};
u8 lll_dl_tex1_128x128_8a02a3b16dc8da6c_14_ci8[] = {
	0x00, 0x01, 0x02, 0x03, 0x04, 0x05, 0x06, 0x07, 
	0x08, 0x04, 0x09, 0x0a, 0x0b, 0x0c, 0x0d, 0x0e, 
	0x0f, 0x10, 0x11, 0x12, 0x13, 0x14, 0x15, 0x12, 
	0x16, 0x10, 0x12, 0x17, 0x18, 0x18, 0x19, 0x18, 
	0x0d, 0x1a, 0x0a, 0x1a, 0x04, 0x04, 0x1a, 0x1b, 
	0x15, 0x1c, 0x0c, 0x10, 0x10, 0x1d, 0x1d, 0x1d, 
	0x1d, 0x1e, 0x1f, 0x20, 0x18, 0x1f, 0x0a, 0x12, 
	0x1d, 0x15, 0x21, 0x22, 0x18, 0x23, 0x18, 0x24, 
	0x25, 0x1e, 0x26, 0x1a, 0x04, 0x0c, 0x01, 0x12, 
	0x09, 0x1d, 0x10, 0x10, 0x1d, 0x1a, 0x12, 0x0a, 
	0x1a, 0x1e, 0x18, 0x21, 0x18, 0x19, 0x27, 0x23, 
	0x27, 0x27, 0x23, 0x0b, 0x28, 0x19, 0x18, 0x18, 
	0x29, 0x10, 0x1e, 0x10, 0x02, 0x01, 0x0a, 0x10, 
	0x01, 0x0a, 0x1e, 0x1a, 0x1a, 0x02, 0x1f, 0x19, 
	0x09, 0x1e, 0x19, 0x19, 0x19, 0x2a, 0x18, 0x2b, 
	0x24, 0x2b, 0x23, 0x14, 0x0b, 0x19, 0x24, 0x2b, 
	0x10, 0x10, 0x2c, 0x1e, 0x0f, 0x2d, 0x15, 0x10, 
	0x05, 0x2e, 0x1e, 0x04, 0x1a, 0x12, 0x12, 0x1f, 
	0x1e, 0x00, 0x01, 0x12, 0x2f, 0x23, 0x30, 0x23, 
	0x18, 0x27, 0x18, 0x12, 0x30, 0x18, 0x21, 0x12, 
	0x10, 0x31, 0x1e, 0x1a, 0x04, 0x15, 0x04, 0x1e, 
	0x10, 0x32, 0x2e, 0x1e, 0x14, 0x1f, 0x11, 0x1f, 
	0x10, 0x07, 0x12, 0x19, 0x18, 0x18, 0x13, 0x27, 
	0x33, 0x21, 0x01, 0x12, 0x23, 0x19, 0x19, 0x12, 
	0x10, 0x31, 0x10, 0x10, 0x1a, 0x0e, 0x07, 0x04, 
	0x1e, 0x16, 0x34, 0x1d, 0x14, 0x19, 0x21, 0x11, 
	0x35, 0x10, 0x19, 0x19, 0x1f, 0x36, 0x23, 0x29, 
	0x14, 0x1a, 0x19, 0x19, 0x23, 0x18, 0x37, 0x38, 
	0x12, 0x39, 0x10, 0x3a, 0x1d, 0x0a, 0x14, 0x3b, 
	0x1d, 0x07, 0x0f, 0x1d, 0x01, 0x19, 0x18, 0x0a, 
	0x3c, 0x23, 0x17, 0x18, 0x04, 0x10, 0x3d, 0x19, 
	0x0a, 0x3e, 0x16, 0x19, 0x2a, 0x19, 0x19, 0x19, 
	0x18, 0x1a, 0x10, 0x2d, 0x1d, 0x1d, 0x12, 0x0a, 
	0x01, 0x3e, 0x1d, 0x1d, 0x04, 0x3f, 0x1a, 0x12, 
	0x19, 0x11, 0x2b, 0x12, 0x1a, 0x11, 0x10, 0x10, 
	0x19, 0x18, 0x0a, 0x23, 0x21, 0x19, 0x19, 0x18, 
	0x0b, 0x19, 0x26, 0x1e, 0x1e, 0x1d, 0x1a, 0x18, 
	0x0c, 0x0a, 0x12, 0x10, 0x04, 0x1a, 0x0a, 0x1a, 
	0x1e, 0x12, 0x0c, 0x19, 0x0c, 0x19, 0x1f, 0x12, 
	0x12, 0x3f, 0x31, 0x19, 0x12, 0x19, 0x33, 0x18, 
	0x19, 0x14, 0x10, 0x3d, 0x07, 0x12, 0x1f, 0x19, 
	0x12, 0x1e, 0x01, 0x10, 0x3b, 0x1d, 0x12, 0x10, 
	0x0d, 0x12, 0x18, 0x18, 0x10, 0x1d, 0x0c, 0x0a, 
	0x1a, 0x10, 0x1a, 0x19, 0x29, 0x1a, 0x3f, 0x18, 
	0x0a, 0x14, 0x3a, 0x1a, 0x0a, 0x12, 0x19, 0x19, 
	0x14, 0x01, 0x12, 0x12, 0x11, 0x0a, 0x1a, 0x0f, 
	0x1a, 0x18, 0x1a, 0x12, 0x10, 0x31, 0x2d, 0x1e, 
	0x02, 0x10, 0x40, 0x23, 0x18, 0x18, 0x20, 0x24, 
	0x31, 0x0e, 0x41, 0x42, 0x19, 0x12, 0x1d, 0x19, 
	0x19, 0x11, 0x3a, 0x3a, 0x01, 0x12, 0x12, 0x08, 
	0x02, 0x19, 0x02, 0x1a, 0x1a, 0x1d, 0x19, 0x0a, 
	0x02, 0x12, 0x19, 0x12, 0x19, 0x19, 0x0a, 0x10, 
	0x43, 0x43, 0x15, 0x19, 0x18, 0x44, 0x18, 0x14, 
	0x0b, 0x18, 0x1a, 0x1a, 0x3e, 0x1e, 0x1e, 0x1a, 
	0x12, 0x39, 0x1a, 0x12, 0x35, 0x18, 0x20, 0x18, 
	0x24, 0x12, 0x1a, 0x10, 0x15, 0x1e, 0x10, 0x40, 
	0x43, 0x3a, 0x1d, 0x10, 0x1e, 0x0c, 0x0c, 0x12, 
	0x19, 0x19, 0x1a, 0x12, 0x12, 0x07, 0x02, 0x1a, 
	0x3f, 0x12, 0x1e, 0x35, 0x1a, 0x0c, 0x2a, 0x19, 
	0x03, 0x12, 0x12, 0x1a, 0x1e, 0x0f, 0x1a, 0x02, 
	0x41, 0x07, 0x03, 0x3a, 0x1e, 0x0c, 0x1d, 0x10, 
	0x31, 0x1a, 0x13, 0x38, 0x12, 0x3e, 0x12, 0x18, 
	0x39, 0x10, 0x10, 0x01, 0x04, 0x1e, 0x18, 0x18, 
	0x10, 0x12, 0x1a, 0x0a, 0x12, 0x3d, 0x0d, 0x3a, 
	0x45, 0x46, 0x47, 0x0d, 0x47, 0x01, 0x1d, 0x1e, 
	0x2e, 0x31, 0x12, 0x1d, 0x1e, 0x19, 0x18, 0x19, 
	0x18, 0x12, 0x12, 0x19, 0x1d, 0x3a, 0x10, 0x04, 
	0x3f, 0x1e, 0x15, 0x10, 0x1a, 0x46, 0x3a, 0x1a, 
	0x1a, 0x1e, 0x0d, 0x46, 0x48, 0x1d, 0x1a, 0x0f, 
	0x0e, 0x04, 0x10, 0x14, 0x40, 0x42, 0x12, 0x0b, 
	0x23, 0x18, 0x39, 0x19, 0x19, 0x12, 0x10, 0x19, 
	0x12, 0x1e, 0x3a, 0x10, 0x1a, 0x10, 0x1e, 0x1e, 
	0x10, 0x10, 0x1a, 0x49, 0x08, 0x10, 0x1a, 0x02, 
	0x01, 0x09, 0x23, 0x2a, 0x20, 0x19, 0x21, 0x24, 
	0x19, 0x0c, 0x03, 0x38, 0x1f, 0x23, 0x11, 0x18, 
	0x18, 0x12, 0x1a, 0x36, 0x19, 0x35, 0x12, 0x19, 
	0x15, 0x3a, 0x0c, 0x3a, 0x07, 0x02, 0x1d, 0x1f, 
	0x11, 0x01, 0x44, 0x0b, 0x23, 0x0c, 0x18, 0x12, 
	0x12, 0x0c, 0x4a, 0x10, 0x12, 0x23, 0x12, 0x20, 
	0x18, 0x12, 0x12, 0x19, 0x24, 0x13, 0x3f, 0x12, 
	0x1f, 0x10, 0x3a, 0x0d, 0x04, 0x0a, 0x4b, 0x15, 
	0x1d, 0x1f, 0x20, 0x44, 0x18, 0x19, 0x0b, 0x1a, 
	0x07, 0x1e, 0x0f, 0x35, 0x1a, 0x12, 0x3f, 0x18, 
	0x18, 0x01, 0x1a, 0x3e, 0x03, 0x18, 0x1e, 0x39, 
	0x10, 0x3a, 0x02, 0x1a, 0x1d, 0x07, 0x02, 0x1e, 
	0x0f, 0x44, 0x23, 0x4c, 0x23, 0x18, 0x19, 0x07, 
	0x1e, 0x1a, 0x04, 0x04, 0x12, 0x10, 0x02, 0x19, 
	0x10, 0x10, 0x1e, 0x1e, 0x1e, 0x1e, 0x0d, 0x3a, 
	0x12, 0x10, 0x35, 0x38, 0x07, 0x07, 0x07, 0x08, 
	0x0f, 0x0a, 0x21, 0x19, 0x0a, 0x19, 0x1a, 0x15, 
	0x1d, 0x3a, 0x1e, 0x1a, 0x1a, 0x10, 0x4d, 0x0f, 
	0x3d, 0x4e, 0x1a, 0x1e, 0x0f, 0x1a, 0x0a, 0x19, 
	0x01, 0x1e, 0x1a, 0x1a, 0x15, 0x4f, 0x16, 0x07, 
	0x07, 0x1f, 0x18, 0x19, 0x1f, 0x1d, 0x4a, 0x02, 
	0x15, 0x04, 0x0f, 0x1e, 0x1a, 0x50, 0x4d, 0x49, 
	0x1e, 0x1e, 0x45, 0x1e, 0x3a, 0x12, 0x18, 0x14, 
	0x14, 0x1a, 0x1d, 0x1e, 0x08, 0x1e, 0x05, 0x1c, 
	0x0a, 0x14, 0x12, 0x11, 0x1f, 0x10, 0x1e, 0x50, 
	0x50, 0x31, 0x0f, 0x31, 0x1e, 0x10, 0x1a, 0x3a, 
	0x51, 0x0d, 0x1e, 0x35, 0x49, 0x0a, 0x12, 0x0a, 
	0x19, 0x1a, 0x07, 0x15, 0x0f, 0x43, 0x3a, 0x43, 
	0x10, 0x09, 0x12, 0x1a, 0x12, 0x03, 0x1e, 0x1a, 
	0x3d, 0x46, 0x52, 0x50, 0x46, 0x0d, 0x3d, 0x12, 
	0x03, 0x1a, 0x38, 0x4e, 0x07, 0x19, 0x18, 0x3f, 
	0x12, 0x12, 0x1e, 0x1a, 0x15, 0x43, 0x07, 0x1e, 
	0x0a, 0x1f, 0x15, 0x1a, 0x10, 0x0e, 0x1e, 0x2e, 
	0x43, 0x43, 0x1a, 0x53, 0x40, 0x12, 0x38, 0x38, 
	0x0a, 0x19, 0x12, 0x1d, 0x1a, 0x10, 0x12, 0x12, 
	0x13, 0x12, 0x04, 0x1a, 0x3a, 0x3a, 0x15, 0x43, 
	0x3a, 0x0d, 0x3a, 0x3a, 0x49, 0x0d, 0x41, 0x2e, 
	0x04, 0x3a, 0x1a, 0x42, 0x1e, 0x12, 0x19, 0x4e, 
	0x12, 0x1a, 0x31, 0x1a, 0x3e, 0x0d, 0x10, 0x1d, 
	0x01, 0x0c, 0x10, 0x15, 0x43, 0x43, 0x54, 0x3a, 
	0x0f, 0x04, 0x1e, 0x3a, 0x43, 0x3a, 0x2d, 0x3a, 
	0x3a, 0x1e, 0x13, 0x25, 0x38, 0x3f, 0x1d, 0x1e, 
	0x03, 0x10, 0x10, 0x1a, 0x3f, 0x10, 0x0d, 0x40, 
	0x1a, 0x1a, 0x10, 0x0d, 0x07, 0x0f, 0x08, 0x16, 
	0x0f, 0x1e, 0x16, 0x04, 0x10, 0x1e, 0x10, 0x15, 
	0x10, 0x03, 0x31, 0x24, 0x0c, 0x1a, 0x10, 0x31, 
	0x10, 0x03, 0x1a, 0x12, 0x19, 0x10, 0x32, 0x12, 
	0x0d, 0x55, 0x4d, 0x2e, 0x04, 0x07, 0x07, 0x0f, 
	0x07, 0x1a, 0x1d, 0x10, 0x26, 0x12, 0x04, 0x1e, 
	0x12, 0x3a, 0x03, 0x12, 0x56, 0x1a, 0x26, 0x1e, 
	0x1d, 0x03, 0x19, 0x19, 0x12, 0x1a, 0x3a, 0x0d, 
	0x57, 0x47, 0x1e, 0x1e, 0x15, 0x07, 0x4f, 0x1c, 
	0x04, 0x1d, 0x3b, 0x09, 0x14, 0x1f, 0x43, 0x2e, 
	0x38, 0x02, 0x0e, 0x04, 0x0d, 0x58, 0x10, 0x1e, 
	0x10, 0x04, 0x19, 0x10, 0x10, 0x10, 0x1a, 0x1e, 
	
};

Gfx lll_dl_tex1_128x128_8a02a3b16dc8da6c_14_pal_rgba16_aligner[] = {gsSPEndDisplayList()};
u8 lll_dl_tex1_128x128_8a02a3b16dc8da6c_14_pal_rgba16[] = {
	0x5a, 0xd9, 0x83, 0xdf, 0x7b, 0x9d, 0x73, 0x9f, 
	0x73, 0x9b, 0x7b, 0x9b, 0x73, 0x99, 0x6b, 0x59, 
	0x6b, 0x17, 0x83, 0xdd, 0x84, 0x1f, 0x9c, 0xa5, 
	0x7c, 0x1f, 0x5a, 0xd7, 0x5b, 0x17, 0x63, 0x17, 
	0x73, 0x9d, 0x94, 0x63, 0x84, 0x21, 0x84, 0x23, 
	0x8c, 0x21, 0x73, 0x5b, 0x6b, 0x19, 0xa4, 0xe9, 
	0x94, 0xa5, 0x8c, 0x63, 0x7b, 0xdf, 0x8b, 0xdd, 
	0x73, 0x59, 0x7b, 0xdd, 0x6b, 0x5b, 0x8c, 0x61, 
	0xa5, 0x29, 0x94, 0xa3, 0x9d, 0x29, 0x9c, 0xe7, 
	0x94, 0x65, 0x8c, 0x65, 0x73, 0x5d, 0x94, 0xa7, 
	0x9c, 0xe9, 0x8c, 0xa5, 0xa4, 0xe7, 0x9c, 0xa7, 
	0x4a, 0x93, 0x63, 0x59, 0x62, 0xd7, 0x8c, 0xa3, 
	0x94, 0xe7, 0x6b, 0x9b, 0x4a, 0x53, 0x94, 0xe5, 
	0x63, 0x15, 0x7b, 0x9f, 0x84, 0x63, 0x84, 0x61, 
	0x7b, 0xe1, 0x83, 0xe1, 0x63, 0x19, 0x8c, 0x1f, 
	0x94, 0x61, 0x6b, 0x5d, 0x73, 0xdd, 0x8c, 0x23, 
	0x6b, 0x9d, 0x52, 0x93, 0x7c, 0x21, 0x5a, 0xd5, 
	0x9c, 0xe5, 0x52, 0x97, 0x63, 0x1b, 0x5a, 0x95, 
	0x5a, 0xd3, 0x52, 0x95, 0x63, 0x5b, 0x7b, 0xdb, 
	0xad, 0x6b, 0x52, 0xd5, 0x73, 0xdf, 0x6b, 0x57, 
	0x52, 0xd7, 0x52, 0x53, 0x42, 0x51, 0x73, 0xe1, 
	0x5b, 0x15, 0x52, 0x55, 0x6b, 0x9f, 0x4a, 0x51, 
	0x5b, 0x19, 
};

Gfx lll_dl_tex1_128x128_b53e167bdc655fa5_14_ci8_copy_copy_aligner[] = {gsSPEndDisplayList()};
u8 lll_dl_tex1_128x128_b53e167bdc655fa5_14_ci8_copy_copy[] = {
	0x00, 0x00, 0x01, 0x02, 0x03, 0x04, 0x05, 0x05, 
	0x06, 0x07, 0x08, 0x09, 0x0a, 0x01, 0x0b, 0x08, 
	0x0a, 0x0c, 0x0d, 0x0e, 0x0f, 0x10, 0x11, 0x12, 
	0x13, 0x14, 0x15, 0x16, 0x17, 0x18, 0x19, 0x1a, 
	0x1b, 0x1c, 0x1d, 0x1d, 0x1d, 0x1e, 0x1e, 0x05, 
	0x1f, 0x1f, 0x03, 0x02, 0x1d, 0x20, 0x08, 0x21, 
	0x22, 0x23, 0x24, 0x25, 0x26, 0x27, 0x25, 0x19, 
	0x28, 0x19, 0x29, 0x28, 0x2a, 0x2b, 0x2c, 0x2d, 
	0x2e, 0x11, 0x2f, 0x2f, 0x30, 0x0b, 0x1d, 0x31, 
	0x32, 0x33, 0x02, 0x34, 0x35, 0x02, 0x2f, 0x36, 
	0x0b, 0x37, 0x38, 0x28, 0x39, 0x22, 0x15, 0x1a, 
	0x3a, 0x2f, 0x19, 0x3b, 0x3c, 0x29, 0x3d, 0x2a, 
	0x3e, 0x28, 0x22, 0x02, 0x19, 0x3f, 0x15, 0x08, 
	0x40, 0x41, 0x08, 0x1d, 0x42, 0x43, 0x15, 0x44, 
	0x45, 0x46, 0x12, 0x2a, 0x00, 0x24, 0x3e, 0x28, 
	0x43, 0x47, 0x24, 0x48, 0x49, 0x4a, 0x17, 0x4b, 
	0x12, 0x1c, 0x00, 0x25, 0x4c, 0x3c, 0x12, 0x2e, 
	0x15, 0x28, 0x29, 0x03, 0x4d, 0x4e, 0x4f, 0x50, 
	0x40, 0x1f, 0x46, 0x09, 0x01, 0x51, 0x2c, 0x52, 
	0x24, 0x51, 0x3a, 0x36, 0x36, 0x52, 0x53, 0x54, 
	0x22, 0x55, 0x56, 0x57, 0x29, 0x52, 0x54, 0x2d, 
	0x2d, 0x11, 0x01, 0x08, 0x58, 0x08, 0x0b, 0x24, 
	0x46, 0x59, 0x31, 0x5a, 0x21, 0x50, 0x29, 0x0b, 
	0x37, 0x5b, 0x5c, 0x5d, 0x5e, 0x4e, 0x52, 0x28, 
	0x5f, 0x51, 0x04, 0x28, 0x29, 0x60, 0x15, 0x14, 
	0x61, 0x3e, 0x40, 0x15, 0x36, 0x62, 0x37, 0x63, 
	0x00, 0x00, 0x64, 0x1f, 0x33, 0x65, 0x58, 0x66, 
	0x67, 0x68, 0x69, 0x6a, 0x58, 0x00, 0x00, 0x15, 
	0x15, 0x47, 0x47, 0x08, 0x2d, 0x29, 0x15, 0x2a, 
	0x6b, 0x6c, 0x51, 0x51, 0x4e, 0x6d, 0x6e, 0x50, 
	0x6d, 0x63, 0x37, 0x36, 0x38, 0x58, 0x36, 0x4e, 
	0x5d, 0x36, 0x4e, 0x68, 0x24, 0x33, 0x09, 0x16, 
	0x6f, 0x47, 0x39, 0x12, 0x11, 0x70, 0x11, 0x71, 
	0x72, 0x73, 0x51, 0x22, 0x29, 0x74, 0x07, 0x65, 
	0x75, 0x76, 0x22, 0x77, 0x5b, 0x5e, 0x5b, 0x0b, 
	0x36, 0x78, 0x0b, 0x24, 0x79, 0x29, 0x39, 0x22, 
	0x41, 0x15, 0x12, 0x7a, 0x7b, 0x7c, 0x7d, 0x7e, 
	0x7f, 0x6f, 0x80, 0x81, 0x28, 0x4e, 0x06, 0x31, 
	0x82, 0x83, 0x78, 0x36, 0x84, 0x53, 0x38, 0x85, 
	0x4f, 0x24, 0x14, 0x12, 0x62, 0x4e, 0x41, 0x11, 
	0x52, 0x86, 0x15, 0x11, 0x28, 0x12, 0x87, 0x88, 
	0x89, 0x8a, 0x12, 0x3a, 0x11, 0x0b, 0x59, 0x8b, 
	0x05, 0x8c, 0x02, 0x3c, 0x1c, 0x7a, 0x58, 0x09, 
	0x09, 0x52, 0x55, 0x16, 0x8d, 0x41, 0x41, 0x62, 
	0x8e, 0x2a, 0x2a, 0x8f, 0x90, 0x18, 0x91, 0x92, 
	0x93, 0x15, 0x7b, 0x47, 0x51, 0x3c, 0x40, 0x8b, 
	0x94, 0x1f, 0x02, 0x3c, 0x50, 0x0b, 0x4e, 0x8d, 
	0x1b, 0x95, 0x96, 0x97, 0x98, 0x8d, 0x41, 0x99, 
	0x54, 0x17, 0x9a, 0x2d, 0x6f, 0x9b, 0x9c, 0x7a, 
	0x60, 0x9d, 0x60, 0x39, 0x56, 0x9d, 0x15, 0x41, 
	0x8b, 0x0a, 0x0a, 0x25, 0x57, 0x81, 0x85, 0x55, 
	0x9e, 0x95, 0x98, 0x87, 0x17, 0x9e, 0x9f, 0xa0, 
	0x2a, 0xa1, 0xa2, 0xa0, 0x56, 0xa1, 0x9a, 0xa3, 
	0x7b, 0x6f, 0x3f, 0xa4, 0x6f, 0x11, 0x85, 0x29, 
	0x0b, 0x5f, 0x2b, 0x02, 0x41, 0x0b, 0x22, 0xa5, 
	0x99, 0x84, 0x16, 0xa6, 0xa7, 0xa0, 0x9c, 0x3e, 
	0xa4, 0x41, 0xa8, 0xa9, 0xa1, 0x6c, 0xaa, 0xab, 
	0x18, 0x97, 0xac, 0x17, 0x52, 0x2c, 0x15, 0x3b, 
	0x08, 0x50, 0x08, 0xad, 0x46, 0x04, 0x57, 0x51, 
	0x98, 0x53, 0x1c, 0xa7, 0x17, 0x17, 0x3e, 0x18, 
	0x56, 0x70, 0x6b, 0xae, 0xaf, 0xb0, 0xb1, 0x11, 
	0xb2, 0xb3, 0xb3, 0x3e, 0xb4, 0x13, 0x1a, 0xaa, 
	0x15, 0x17, 0x15, 0x56, 0x5f, 0x46, 0x01, 0x2f, 
	0x43, 0x52, 0x7c, 0x9a, 0x3e, 0xb5, 0xb6, 0x2a, 
	0xb7, 0x2d, 0x91, 0xb8, 0xb9, 0xb3, 0xa0, 0x7a, 
	0xba, 0x91, 0xa5, 0xbb, 0xa5, 0xbc, 0xbd, 0xbe, 
	0xba, 0xbe, 0x17, 0x02, 0x3c, 0x09, 0x29, 0x47, 
	0xab, 0x9d, 0x52, 0xbf, 0x6f, 0x3d, 0xc0, 0xc1, 
	0x8f, 0xaa, 0xc2, 0xc3, 0xc4, 0x9e, 0x3d, 0x3d, 
	0x9e, 0xc5, 0xc6, 0xc0, 0x91, 0x6b, 0xa7, 0xc7, 
	0x9b, 0x18, 0x3a, 0x01, 0xc8, 0x01, 0x3b, 0x56, 
	0xc9, 0x7b, 0x15, 0xbe, 0xba, 0xba, 0xa5, 0x91, 
	0xa7, 0x81, 0xca, 0x3d, 0xb8, 0x9a, 0x88, 0xac, 
	0x55, 0xcb, 0xcc, 0x7a, 0x6f, 0x7b, 0xcd, 0x91, 
	0x3e, 0x51, 0x01, 0x0a, 0xce, 0x2f, 0xcf, 0x0d, 
	0xd0, 0x3b, 0xaa, 0x10, 0x81, 0xd1, 0xd2, 0x2c, 
	0xd3, 0xd3, 0x8e, 0x91, 0x98, 0x3e, 0x1a, 0xd0, 
	0xa3, 0xa3, 0xd4, 0xa5, 0x6f, 0x41, 0x2d, 0x8d, 
	0xd5, 0xab, 0x01, 0x0d, 0xd6, 0x03, 0xd6, 0x30, 
	0xd7, 0x92, 0x70, 0xd8, 0xd9, 0xda, 0xdb, 0x6f, 
	0xbd, 0xac, 0x3e, 0x2d, 0x2a, 0x8d, 0x52, 0x70, 
	0x81, 0x3b, 0x29, 0x54, 0x7b, 0x29, 0x6f, 0x1a, 
	0x08, 0x14, 0x51, 0x43, 0x0d, 0x4c, 0x0f, 0x27, 
	0xdb, 0xdc, 0xdd, 0xde, 0xdf, 0x92, 0x8a, 0xe0, 
	0xb4, 0x56, 0x39, 0x22, 0x12, 0x14, 0x8d, 0x24, 
	0x2a, 0x2a, 0x2d, 0x4a, 0x29, 0x28, 0x11, 0xd9, 
	0x51, 0x01, 0x51, 0x43, 0x4c, 0xe1, 0xe2, 0xcf, 
	0x2f, 0x43, 0x34, 0xcf, 0x70, 0x92, 0xe3, 0x2d, 
	0x18, 0x86, 0x41, 0x52, 0x8d, 0x39, 0x04, 0x24, 
	0x19, 0x11, 0x2a, 0x1b, 0x1c, 0x0b, 0x3a, 0x41, 
	0x5f, 0x04, 0x0a, 0x5f, 0x35, 0xe4, 0xe2, 0x34, 
	0x0d, 0xab, 0x25, 0xdd, 0xd0, 0x6f, 0x3b, 0xe5, 
	0x39, 0xe6, 0x13, 0x77, 0x28, 0x3a, 0xab, 0x43, 
	0x04, 0x51, 0x1d, 0xb4, 0x2a, 0x50, 0x08, 0x5f, 
	0x28, 0x5f, 0xe7, 0x08, 0x93, 0xc9, 0xe8, 0x0f, 
	0xd6, 0xd6, 0xe9, 0xd9, 0xcd, 0x11, 0xab, 0x29, 
	0x08, 0x47, 0x0c, 0x5f, 0xea, 0xeb, 0x2f, 0x03, 
	0x01, 0x43, 0x2f, 0x08, 0x0b, 0x0a, 0x08, 0x3a, 
	0x39, 0x41, 0x11, 0x28, 0x29, 0x01, 0x0c, 0x57, 
	0x34, 0xdc, 0xec, 0xd9, 0x3e, 0xab, 0x25, 0x0d, 
	0x47, 0x0d, 0x43, 0x2f, 0x43, 0x02, 0x8c, 0x43, 
	0xed, 0x1e, 0x8c, 0x8c, 0x3c, 0x43, 0x2b, 0x22, 
	0x41, 0x7a, 0x3b, 0x0d, 0x2b, 0xdc, 0xee, 0x88, 
	0xef, 0xd7, 0x35, 0x0d, 0xe9, 0xc9, 0x4d, 0x0d, 
	0x0d, 0xab, 0x30, 0x8c, 0x8c, 0x1d, 0x1d, 0x02, 
	0x04, 0x5a, 0xf0, 0x8c, 0x3c, 0x4d, 0xd6, 0xe6, 
	0x19, 0x0b, 0x22, 0xab, 0x27, 0x7a, 0xf1, 0x55, 
	0xf2, 0xdc, 0x35, 0xd0, 0x35, 0xf3, 0xd7, 0x47, 
	0x2f, 0xc8, 0x08, 0x1d, 0x1e, 0x03, 0x1e, 0x03, 
	0xf4, 0x08, 0x50, 0x40, 0x83, 0x22, 0x02, 0x43, 
	0x03, 0x25, 0x11, 0xa3, 0x6f, 0xc2, 0xa1, 0x6b, 
	0x56, 0xe2, 0xf5, 0x0d, 0x35, 0x0d, 0x0d, 0x3a, 
	0xab, 0x0d, 0x09, 0x09, 0x8b, 0x1e, 0x1e, 0x0a, 
	0x05, 0x20, 0xf6, 0x94, 0x20, 0x0a, 0x47, 0x03, 
	0x34, 0x0d, 0x3b, 0x7a, 0xf7, 0x8f, 0x8f, 0x18, 
	0x81, 0x35, 0xab, 0xd0, 0xd6, 0x0d, 0x30, 0x43, 
	0x0d, 0x34, 0x02, 0x08, 0x5f, 0x30, 0xf8, 0x40, 
	0xf9, 0xf6, 0x31, 0x1d, 0x20, 0xfa, 0x16, 0x59, 
	0x7b, 0x16, 0x12, 0xcf, 0x11, 0xfb, 0x52, 0x4a, 
	0xa3, 0xdd, 0xdd, 0x4d, 0xd6, 0x0d, 0x57, 0xcf, 
	0x02, 0x1e, 0x02, 0x59, 0x40, 0x1e, 0x1d, 0x32, 
	0xfc, 0xfc, 0x69, 0x69, 0x50, 0x00, 0x49, 0x3a, 
	0x22, 0x2d, 0x56, 0xe9, 0x7b, 0x41, 0x3f, 0x28, 
	0x60, 0x12, 0x9b, 0x70, 0xd7, 0x47, 0xab, 0x2b, 
	0x2f, 0x02, 0x01, 0x08, 0xeb, 0xf8, 0x1d, 0x1f, 
	0x50, 0x68, 0xfd, 0x40, 0x08, 0x0b, 0x08, 0x39, 
	0x51, 0xfe, 0x11, 0x28, 0x28, 0x2d, 0x15, 0x3b, 
	0x18, 0xff, 0xcf, 0xa7, 0x18, 0x29, 0x0d, 0x0d, 
	
};

Gfx lll_dl_tex1_128x128_b53e167bdc655fa5_14_pal_rgba16_copy_copy_aligner[] = {gsSPEndDisplayList()};
u8 lll_dl_tex1_128x128_b53e167bdc655fa5_14_pal_rgba16_copy_copy[] = {
	0xe1, 0xc3, 0xb9, 0x41, 0xa9, 0x01, 0x90, 0xc1, 
	0xc1, 0x41, 0xa8, 0xc1, 0xd9, 0x41, 0xe9, 0xc5, 
	0xc9, 0x83, 0xd1, 0x83, 0xc1, 0x43, 0xd9, 0xc3, 
	0xa1, 0x03, 0x91, 0x01, 0xba, 0x45, 0x68, 0x81, 
	0xba, 0x03, 0xc1, 0xc3, 0xca, 0x03, 0xca, 0x05, 
	0xd1, 0xc1, 0xd2, 0x03, 0xda, 0x45, 0xe2, 0x85, 
	0xc2, 0x03, 0xb9, 0x83, 0xb1, 0x81, 0xe2, 0x87, 
	0xe2, 0x45, 0xb1, 0x01, 0x98, 0xc1, 0xc1, 0x01, 
	0xb1, 0x03, 0xe2, 0x05, 0xc1, 0x83, 0xfb, 0x09, 
	0xe2, 0x03, 0xa1, 0x43, 0x48, 0x81, 0x99, 0x43, 
	0xc9, 0xc3, 0xd1, 0xc3, 0xe2, 0x43, 0xb1, 0x43, 
	0xe2, 0x83, 0xda, 0x43, 0xf3, 0x8b, 0xa1, 0x01, 
	0x88, 0xc1, 0xd9, 0x43, 0xe9, 0x83, 0xf1, 0xc3, 
	0x80, 0xc1, 0x70, 0xc1, 0xea, 0x45, 0xf2, 0x45, 
	0xf2, 0x87, 0xb9, 0x81, 0xc1, 0x81, 0xb1, 0x83, 
	0xb9, 0x43, 0xf3, 0x87, 0xea, 0xc5, 0xc2, 0x05, 
	0xc9, 0x41, 0xda, 0x03, 0x90, 0x81, 0x99, 0x01, 
	0xfa, 0x43, 0xe9, 0xc1, 0xd9, 0x81, 0xa9, 0x41, 
	0xc9, 0xc5, 0xd2, 0x05, 0xeb, 0x07, 0xfc, 0x09, 
	0x70, 0x81, 0x91, 0x03, 0xea, 0x03, 0xf2, 0x43, 
	0xd9, 0x83, 0xb1, 0x41, 0xea, 0x85, 0xfb, 0x07, 
	0xf3, 0x47, 0xeb, 0x49, 0xb9, 0xc3, 0xa9, 0x43, 
	0xe9, 0xc3, 0xd1, 0x81, 0xb9, 0x03, 0xfa, 0xc7, 
	0xe3, 0x4f, 0xf2, 0x47, 0xfa, 0x87, 0xc9, 0x81, 
	0xd2, 0x01, 0xf2, 0xc7, 0xf2, 0x85, 0xf2, 0x05, 
	0xd1, 0x43, 0xf1, 0xc5, 0xe2, 0xc7, 0xf3, 0x09, 
	0xea, 0x05, 0xfa, 0x03, 0xea, 0x47, 0xe3, 0x47, 
	0xda, 0xc7, 0xe1, 0x83, 0xe1, 0x85, 0xd2, 0x43, 
	0xb1, 0xc3, 0x79, 0x83, 0xd3, 0xcb, 0xe4, 0x0d, 
	0xda, 0x47, 0xda, 0x07, 0xc9, 0x85, 0xfa, 0x85, 
	0xd9, 0xc5, 0xda, 0x01, 0xda, 0x85, 0xc9, 0xc1, 
	0xe3, 0x89, 0xca, 0x87, 0xb3, 0x09, 0x82, 0x89, 
	0xdb, 0x09, 0xa1, 0x83, 0xe1, 0x41, 0xe1, 0xc5, 
	0xfb, 0x49, 0xda, 0x05, 0xea, 0xc7, 0xdb, 0x07, 
	0xc2, 0x45, 0xc2, 0x43, 0x99, 0x81, 0xb9, 0x01, 
	0xa0, 0xc1, 0xea, 0x43, 0xfb, 0x47, 0xda, 0xc5, 
	0xcb, 0x05, 0xeb, 0x05, 0xb2, 0x03, 0xca, 0x43, 
	0xb0, 0xc1, 0xfb, 0xcb, 0xf3, 0x49, 0xf3, 0x07, 
	0xf2, 0xc5, 0xfb, 0xc9, 0xf3, 0xc9, 0xda, 0x83, 
	0xf3, 0x89, 0xc1, 0xc1, 0xf4, 0x0b, 0xeb, 0xc9, 
	0xf4, 0x09, 0xeb, 0x89, 0xfd, 0x51, 0xca, 0x45, 
	0xca, 0x01, 0xeb, 0x47, 0xda, 0x87, 0xe3, 0x07, 
	0xdc, 0x4d, 0xff, 0x19, 0xb9, 0xc1, 0xa1, 0x41, 
	0xd2, 0xc7, 0xfb, 0x05, 0xfd, 0xd1, 0xfe, 0x13, 
	0xf4, 0x4d, 0xca, 0xc7, 0xa9, 0xc3, 0xeb, 0x87, 
	0xd2, 0x45, 0xea, 0xc3, 0xf2, 0xc3, 0xe2, 0x01, 
	0xfc, 0x8b, 0xec, 0x4b, 0xe2, 0xc5, 0xfa, 0xc5, 
	0xd3, 0x05, 0xd2, 0xc5, 0xd2, 0x85, 0xf3, 0x05, 
	0xea, 0x83, 0xf2, 0x81, 0xc2, 0x85, 0xe4, 0xd1, 
	0xd3, 0x89, 0xfe, 0x59, 0xdb, 0xcb, 0xe3, 0x05, 
	0xa9, 0x03, 0xa9, 0x83, 0x91, 0x83, 0xfd, 0x53, 
	0xf4, 0xcf, 0xca, 0x85, 0x99, 0x03, 0x89, 0x01, 
	0x99, 0x41, 0x9a, 0x45, 0xc3, 0x05, 0xfc, 0xcd, 
	0xec, 0x8f, 0xdb, 0x05, 0x78, 0xc1, 0x81, 0x01, 
	0xaa, 0x03, 0xa1, 0xc3, 0x71, 0x01, 0x91, 0x41, 
	0x91, 0x43, 0x79, 0x01, 0xa2, 0x45, 0xd2, 0x83, 
	0xba, 0x05, 0x58, 0x41, 0x60, 0x81, 0xd2, 0x41, 
	0x10, 0x01, 0xe2, 0x41, 0x89, 0x03, 0xd9, 0xc1, 
	0x58, 0xc1, 0xa9, 0x81, 0xd1, 0xc5, 0xc9, 0x43, 
	0x71, 0x43, 0x88, 0x81, 0x79, 0xc5, 0xa9, 0xc5, 
	0xc9, 0x45, 0xf4, 0x4b, 0xd2, 0x87, 0x79, 0x03, 
	0x80, 0x81, 0x68, 0xc1, 0xf1, 0x83, 0xda, 0xc3, 
	0xc1, 0x03, 0xe9, 0x85, 0xf3, 0x0b, 0xfb, 0x87, 
	0xfa, 0x07, 0xf2, 0x03, 0xb1, 0xc1, 0xc2, 0x01, 
	
};

Gfx lll_dl_tex1_128x128_b53e167bdc655fa5_14_ci8_copy_copy_copy_aligner[] = {gsSPEndDisplayList()};
u8 lll_dl_tex1_128x128_b53e167bdc655fa5_14_ci8_copy_copy_copy[] = {
	0x00, 0x00, 0x01, 0x02, 0x03, 0x04, 0x05, 0x05, 
	0x06, 0x07, 0x08, 0x09, 0x0a, 0x01, 0x0b, 0x08, 
	0x0a, 0x0c, 0x0d, 0x0e, 0x0f, 0x10, 0x11, 0x12, 
	0x13, 0x14, 0x15, 0x16, 0x17, 0x18, 0x19, 0x1a, 
	0x1b, 0x1c, 0x1d, 0x1d, 0x1d, 0x1e, 0x1e, 0x05, 
	0x1f, 0x1f, 0x03, 0x02, 0x1d, 0x20, 0x08, 0x21, 
	0x22, 0x23, 0x24, 0x25, 0x26, 0x27, 0x25, 0x19, 
	0x28, 0x19, 0x29, 0x28, 0x2a, 0x2b, 0x2c, 0x2d, 
	0x2e, 0x11, 0x2f, 0x2f, 0x30, 0x0b, 0x1d, 0x31, 
	0x32, 0x33, 0x02, 0x34, 0x35, 0x02, 0x2f, 0x36, 
	0x0b, 0x37, 0x38, 0x28, 0x39, 0x22, 0x15, 0x1a, 
	0x3a, 0x2f, 0x19, 0x3b, 0x3c, 0x29, 0x3d, 0x2a, 
	0x3e, 0x28, 0x22, 0x02, 0x19, 0x3f, 0x15, 0x08, 
	0x40, 0x41, 0x08, 0x1d, 0x42, 0x43, 0x15, 0x44, 
	0x45, 0x46, 0x12, 0x2a, 0x00, 0x24, 0x3e, 0x28, 
	0x43, 0x47, 0x24, 0x48, 0x49, 0x4a, 0x17, 0x4b, 
	0x12, 0x1c, 0x00, 0x25, 0x4c, 0x3c, 0x12, 0x2e, 
	0x15, 0x28, 0x29, 0x03, 0x4d, 0x4e, 0x4f, 0x50, 
	0x40, 0x1f, 0x46, 0x09, 0x01, 0x51, 0x2c, 0x52, 
	0x24, 0x51, 0x3a, 0x36, 0x36, 0x52, 0x53, 0x54, 
	0x22, 0x55, 0x56, 0x57, 0x29, 0x52, 0x54, 0x2d, 
	0x2d, 0x11, 0x01, 0x08, 0x58, 0x08, 0x0b, 0x24, 
	0x46, 0x59, 0x31, 0x5a, 0x21, 0x50, 0x29, 0x0b, 
	0x37, 0x5b, 0x5c, 0x5d, 0x5e, 0x4e, 0x52, 0x28, 
	0x5f, 0x51, 0x04, 0x28, 0x29, 0x60, 0x15, 0x14, 
	0x61, 0x3e, 0x40, 0x15, 0x36, 0x62, 0x37, 0x63, 
	0x00, 0x00, 0x64, 0x1f, 0x33, 0x65, 0x58, 0x66, 
	0x67, 0x68, 0x69, 0x6a, 0x58, 0x00, 0x00, 0x15, 
	0x15, 0x47, 0x47, 0x08, 0x2d, 0x29, 0x15, 0x2a, 
	0x6b, 0x6c, 0x51, 0x51, 0x4e, 0x6d, 0x6e, 0x50, 
	0x6d, 0x63, 0x37, 0x36, 0x38, 0x58, 0x36, 0x4e, 
	0x5d, 0x36, 0x4e, 0x68, 0x24, 0x33, 0x09, 0x16, 
	0x6f, 0x47, 0x39, 0x12, 0x11, 0x70, 0x11, 0x71, 
	0x72, 0x73, 0x51, 0x22, 0x29, 0x74, 0x07, 0x65, 
	0x75, 0x76, 0x22, 0x77, 0x5b, 0x5e, 0x5b, 0x0b, 
	0x36, 0x78, 0x0b, 0x24, 0x79, 0x29, 0x39, 0x22, 
	0x41, 0x15, 0x12, 0x7a, 0x7b, 0x7c, 0x7d, 0x7e, 
	0x7f, 0x6f, 0x80, 0x81, 0x28, 0x4e, 0x06, 0x31, 
	0x82, 0x83, 0x78, 0x36, 0x84, 0x53, 0x38, 0x85, 
	0x4f, 0x24, 0x14, 0x12, 0x62, 0x4e, 0x41, 0x11, 
	0x52, 0x86, 0x15, 0x11, 0x28, 0x12, 0x87, 0x88, 
	0x89, 0x8a, 0x12, 0x3a, 0x11, 0x0b, 0x59, 0x8b, 
	0x05, 0x8c, 0x02, 0x3c, 0x1c, 0x7a, 0x58, 0x09, 
	0x09, 0x52, 0x55, 0x16, 0x8d, 0x41, 0x41, 0x62, 
	0x8e, 0x2a, 0x2a, 0x8f, 0x90, 0x18, 0x91, 0x92, 
	0x93, 0x15, 0x7b, 0x47, 0x51, 0x3c, 0x40, 0x8b, 
	0x94, 0x1f, 0x02, 0x3c, 0x50, 0x0b, 0x4e, 0x8d, 
	0x1b, 0x95, 0x96, 0x97, 0x98, 0x8d, 0x41, 0x99, 
	0x54, 0x17, 0x9a, 0x2d, 0x6f, 0x9b, 0x9c, 0x7a, 
	0x60, 0x9d, 0x60, 0x39, 0x56, 0x9d, 0x15, 0x41, 
	0x8b, 0x0a, 0x0a, 0x25, 0x57, 0x81, 0x85, 0x55, 
	0x9e, 0x95, 0x98, 0x87, 0x17, 0x9e, 0x9f, 0xa0, 
	0x2a, 0xa1, 0xa2, 0xa0, 0x56, 0xa1, 0x9a, 0xa3, 
	0x7b, 0x6f, 0x3f, 0xa4, 0x6f, 0x11, 0x85, 0x29, 
	0x0b, 0x5f, 0x2b, 0x02, 0x41, 0x0b, 0x22, 0xa5, 
	0x99, 0x84, 0x16, 0xa6, 0xa7, 0xa0, 0x9c, 0x3e, 
	0xa4, 0x41, 0xa8, 0xa9, 0xa1, 0x6c, 0xaa, 0xab, 
	0x18, 0x97, 0xac, 0x17, 0x52, 0x2c, 0x15, 0x3b, 
	0x08, 0x50, 0x08, 0xad, 0x46, 0x04, 0x57, 0x51, 
	0x98, 0x53, 0x1c, 0xa7, 0x17, 0x17, 0x3e, 0x18, 
	0x56, 0x70, 0x6b, 0xae, 0xaf, 0xb0, 0xb1, 0x11, 
	0xb2, 0xb3, 0xb3, 0x3e, 0xb4, 0x13, 0x1a, 0xaa, 
	0x15, 0x17, 0x15, 0x56, 0x5f, 0x46, 0x01, 0x2f, 
	0x43, 0x52, 0x7c, 0x9a, 0x3e, 0xb5, 0xb6, 0x2a, 
	0xb7, 0x2d, 0x91, 0xb8, 0xb9, 0xb3, 0xa0, 0x7a, 
	0xba, 0x91, 0xa5, 0xbb, 0xa5, 0xbc, 0xbd, 0xbe, 
	0xba, 0xbe, 0x17, 0x02, 0x3c, 0x09, 0x29, 0x47, 
	0xab, 0x9d, 0x52, 0xbf, 0x6f, 0x3d, 0xc0, 0xc1, 
	0x8f, 0xaa, 0xc2, 0xc3, 0xc4, 0x9e, 0x3d, 0x3d, 
	0x9e, 0xc5, 0xc6, 0xc0, 0x91, 0x6b, 0xa7, 0xc7, 
	0x9b, 0x18, 0x3a, 0x01, 0xc8, 0x01, 0x3b, 0x56, 
	0xc9, 0x7b, 0x15, 0xbe, 0xba, 0xba, 0xa5, 0x91, 
	0xa7, 0x81, 0xca, 0x3d, 0xb8, 0x9a, 0x88, 0xac, 
	0x55, 0xcb, 0xcc, 0x7a, 0x6f, 0x7b, 0xcd, 0x91, 
	0x3e, 0x51, 0x01, 0x0a, 0xce, 0x2f, 0xcf, 0x0d, 
	0xd0, 0x3b, 0xaa, 0x10, 0x81, 0xd1, 0xd2, 0x2c, 
	0xd3, 0xd3, 0x8e, 0x91, 0x98, 0x3e, 0x1a, 0xd0, 
	0xa3, 0xa3, 0xd4, 0xa5, 0x6f, 0x41, 0x2d, 0x8d, 
	0xd5, 0xab, 0x01, 0x0d, 0xd6, 0x03, 0xd6, 0x30, 
	0xd7, 0x92, 0x70, 0xd8, 0xd9, 0xda, 0xdb, 0x6f, 
	0xbd, 0xac, 0x3e, 0x2d, 0x2a, 0x8d, 0x52, 0x70, 
	0x81, 0x3b, 0x29, 0x54, 0x7b, 0x29, 0x6f, 0x1a, 
	0x08, 0x14, 0x51, 0x43, 0x0d, 0x4c, 0x0f, 0x27, 
	0xdb, 0xdc, 0xdd, 0xde, 0xdf, 0x92, 0x8a, 0xe0, 
	0xb4, 0x56, 0x39, 0x22, 0x12, 0x14, 0x8d, 0x24, 
	0x2a, 0x2a, 0x2d, 0x4a, 0x29, 0x28, 0x11, 0xd9, 
	0x51, 0x01, 0x51, 0x43, 0x4c, 0xe1, 0xe2, 0xcf, 
	0x2f, 0x43, 0x34, 0xcf, 0x70, 0x92, 0xe3, 0x2d, 
	0x18, 0x86, 0x41, 0x52, 0x8d, 0x39, 0x04, 0x24, 
	0x19, 0x11, 0x2a, 0x1b, 0x1c, 0x0b, 0x3a, 0x41, 
	0x5f, 0x04, 0x0a, 0x5f, 0x35, 0xe4, 0xe2, 0x34, 
	0x0d, 0xab, 0x25, 0xdd, 0xd0, 0x6f, 0x3b, 0xe5, 
	0x39, 0xe6, 0x13, 0x77, 0x28, 0x3a, 0xab, 0x43, 
	0x04, 0x51, 0x1d, 0xb4, 0x2a, 0x50, 0x08, 0x5f, 
	0x28, 0x5f, 0xe7, 0x08, 0x93, 0xc9, 0xe8, 0x0f, 
	0xd6, 0xd6, 0xe9, 0xd9, 0xcd, 0x11, 0xab, 0x29, 
	0x08, 0x47, 0x0c, 0x5f, 0xea, 0xeb, 0x2f, 0x03, 
	0x01, 0x43, 0x2f, 0x08, 0x0b, 0x0a, 0x08, 0x3a, 
	0x39, 0x41, 0x11, 0x28, 0x29, 0x01, 0x0c, 0x57, 
	0x34, 0xdc, 0xec, 0xd9, 0x3e, 0xab, 0x25, 0x0d, 
	0x47, 0x0d, 0x43, 0x2f, 0x43, 0x02, 0x8c, 0x43, 
	0xed, 0x1e, 0x8c, 0x8c, 0x3c, 0x43, 0x2b, 0x22, 
	0x41, 0x7a, 0x3b, 0x0d, 0x2b, 0xdc, 0xee, 0x88, 
	0xef, 0xd7, 0x35, 0x0d, 0xe9, 0xc9, 0x4d, 0x0d, 
	0x0d, 0xab, 0x30, 0x8c, 0x8c, 0x1d, 0x1d, 0x02, 
	0x04, 0x5a, 0xf0, 0x8c, 0x3c, 0x4d, 0xd6, 0xe6, 
	0x19, 0x0b, 0x22, 0xab, 0x27, 0x7a, 0xf1, 0x55, 
	0xf2, 0xdc, 0x35, 0xd0, 0x35, 0xf3, 0xd7, 0x47, 
	0x2f, 0xc8, 0x08, 0x1d, 0x1e, 0x03, 0x1e, 0x03, 
	0xf4, 0x08, 0x50, 0x40, 0x83, 0x22, 0x02, 0x43, 
	0x03, 0x25, 0x11, 0xa3, 0x6f, 0xc2, 0xa1, 0x6b, 
	0x56, 0xe2, 0xf5, 0x0d, 0x35, 0x0d, 0x0d, 0x3a, 
	0xab, 0x0d, 0x09, 0x09, 0x8b, 0x1e, 0x1e, 0x0a, 
	0x05, 0x20, 0xf6, 0x94, 0x20, 0x0a, 0x47, 0x03, 
	0x34, 0x0d, 0x3b, 0x7a, 0xf7, 0x8f, 0x8f, 0x18, 
	0x81, 0x35, 0xab, 0xd0, 0xd6, 0x0d, 0x30, 0x43, 
	0x0d, 0x34, 0x02, 0x08, 0x5f, 0x30, 0xf8, 0x40, 
	0xf9, 0xf6, 0x31, 0x1d, 0x20, 0xfa, 0x16, 0x59, 
	0x7b, 0x16, 0x12, 0xcf, 0x11, 0xfb, 0x52, 0x4a, 
	0xa3, 0xdd, 0xdd, 0x4d, 0xd6, 0x0d, 0x57, 0xcf, 
	0x02, 0x1e, 0x02, 0x59, 0x40, 0x1e, 0x1d, 0x32, 
	0xfc, 0xfc, 0x69, 0x69, 0x50, 0x00, 0x49, 0x3a, 
	0x22, 0x2d, 0x56, 0xe9, 0x7b, 0x41, 0x3f, 0x28, 
	0x60, 0x12, 0x9b, 0x70, 0xd7, 0x47, 0xab, 0x2b, 
	0x2f, 0x02, 0x01, 0x08, 0xeb, 0xf8, 0x1d, 0x1f, 
	0x50, 0x68, 0xfd, 0x40, 0x08, 0x0b, 0x08, 0x39, 
	0x51, 0xfe, 0x11, 0x28, 0x28, 0x2d, 0x15, 0x3b, 
	0x18, 0xff, 0xcf, 0xa7, 0x18, 0x29, 0x0d, 0x0d, 
	
};

Gfx lll_dl_tex1_128x128_b53e167bdc655fa5_14_pal_rgba16_copy_copy_copy_aligner[] = {gsSPEndDisplayList()};
u8 lll_dl_tex1_128x128_b53e167bdc655fa5_14_pal_rgba16_copy_copy_copy[] = {
	0xe1, 0xc3, 0xb9, 0x41, 0xa9, 0x01, 0x90, 0xc1, 
	0xc1, 0x41, 0xa8, 0xc1, 0xd9, 0x41, 0xe9, 0xc5, 
	0xc9, 0x83, 0xd1, 0x83, 0xc1, 0x43, 0xd9, 0xc3, 
	0xa1, 0x03, 0x91, 0x01, 0xba, 0x45, 0x68, 0x81, 
	0xba, 0x03, 0xc1, 0xc3, 0xca, 0x03, 0xca, 0x05, 
	0xd1, 0xc1, 0xd2, 0x03, 0xda, 0x45, 0xe2, 0x85, 
	0xc2, 0x03, 0xb9, 0x83, 0xb1, 0x81, 0xe2, 0x87, 
	0xe2, 0x45, 0xb1, 0x01, 0x98, 0xc1, 0xc1, 0x01, 
	0xb1, 0x03, 0xe2, 0x05, 0xc1, 0x83, 0xfb, 0x09, 
	0xe2, 0x03, 0xa1, 0x43, 0x48, 0x81, 0x99, 0x43, 
	0xc9, 0xc3, 0xd1, 0xc3, 0xe2, 0x43, 0xb1, 0x43, 
	0xe2, 0x83, 0xda, 0x43, 0xf3, 0x8b, 0xa1, 0x01, 
	0x88, 0xc1, 0xd9, 0x43, 0xe9, 0x83, 0xf1, 0xc3, 
	0x80, 0xc1, 0x70, 0xc1, 0xea, 0x45, 0xf2, 0x45, 
	0xf2, 0x87, 0xb9, 0x81, 0xc1, 0x81, 0xb1, 0x83, 
	0xb9, 0x43, 0xf3, 0x87, 0xea, 0xc5, 0xc2, 0x05, 
	0xc9, 0x41, 0xda, 0x03, 0x90, 0x81, 0x99, 0x01, 
	0xfa, 0x43, 0xe9, 0xc1, 0xd9, 0x81, 0xa9, 0x41, 
	0xc9, 0xc5, 0xd2, 0x05, 0xeb, 0x07, 0xfc, 0x09, 
	0x70, 0x81, 0x91, 0x03, 0xea, 0x03, 0xf2, 0x43, 
	0xd9, 0x83, 0xb1, 0x41, 0xea, 0x85, 0xfb, 0x07, 
	0xf3, 0x47, 0xeb, 0x49, 0xb9, 0xc3, 0xa9, 0x43, 
	0xe9, 0xc3, 0xd1, 0x81, 0xb9, 0x03, 0xfa, 0xc7, 
	0xe3, 0x4f, 0xf2, 0x47, 0xfa, 0x87, 0xc9, 0x81, 
	0xd2, 0x01, 0xf2, 0xc7, 0xf2, 0x85, 0xf2, 0x05, 
	0xd1, 0x43, 0xf1, 0xc5, 0xe2, 0xc7, 0xf3, 0x09, 
	0xea, 0x05, 0xfa, 0x03, 0xea, 0x47, 0xe3, 0x47, 
	0xda, 0xc7, 0xe1, 0x83, 0xe1, 0x85, 0xd2, 0x43, 
	0xb1, 0xc3, 0x79, 0x83, 0xd3, 0xcb, 0xe4, 0x0d, 
	0xda, 0x47, 0xda, 0x07, 0xc9, 0x85, 0xfa, 0x85, 
	0xd9, 0xc5, 0xda, 0x01, 0xda, 0x85, 0xc9, 0xc1, 
	0xe3, 0x89, 0xca, 0x87, 0xb3, 0x09, 0x82, 0x89, 
	0xdb, 0x09, 0xa1, 0x83, 0xe1, 0x41, 0xe1, 0xc5, 
	0xfb, 0x49, 0xda, 0x05, 0xea, 0xc7, 0xdb, 0x07, 
	0xc2, 0x45, 0xc2, 0x43, 0x99, 0x81, 0xb9, 0x01, 
	0xa0, 0xc1, 0xea, 0x43, 0xfb, 0x47, 0xda, 0xc5, 
	0xcb, 0x05, 0xeb, 0x05, 0xb2, 0x03, 0xca, 0x43, 
	0xb0, 0xc1, 0xfb, 0xcb, 0xf3, 0x49, 0xf3, 0x07, 
	0xf2, 0xc5, 0xfb, 0xc9, 0xf3, 0xc9, 0xda, 0x83, 
	0xf3, 0x89, 0xc1, 0xc1, 0xf4, 0x0b, 0xeb, 0xc9, 
	0xf4, 0x09, 0xeb, 0x89, 0xfd, 0x51, 0xca, 0x45, 
	0xca, 0x01, 0xeb, 0x47, 0xda, 0x87, 0xe3, 0x07, 
	0xdc, 0x4d, 0xff, 0x19, 0xb9, 0xc1, 0xa1, 0x41, 
	0xd2, 0xc7, 0xfb, 0x05, 0xfd, 0xd1, 0xfe, 0x13, 
	0xf4, 0x4d, 0xca, 0xc7, 0xa9, 0xc3, 0xeb, 0x87, 
	0xd2, 0x45, 0xea, 0xc3, 0xf2, 0xc3, 0xe2, 0x01, 
	0xfc, 0x8b, 0xec, 0x4b, 0xe2, 0xc5, 0xfa, 0xc5, 
	0xd3, 0x05, 0xd2, 0xc5, 0xd2, 0x85, 0xf3, 0x05, 
	0xea, 0x83, 0xf2, 0x81, 0xc2, 0x85, 0xe4, 0xd1, 
	0xd3, 0x89, 0xfe, 0x59, 0xdb, 0xcb, 0xe3, 0x05, 
	0xa9, 0x03, 0xa9, 0x83, 0x91, 0x83, 0xfd, 0x53, 
	0xf4, 0xcf, 0xca, 0x85, 0x99, 0x03, 0x89, 0x01, 
	0x99, 0x41, 0x9a, 0x45, 0xc3, 0x05, 0xfc, 0xcd, 
	0xec, 0x8f, 0xdb, 0x05, 0x78, 0xc1, 0x81, 0x01, 
	0xaa, 0x03, 0xa1, 0xc3, 0x71, 0x01, 0x91, 0x41, 
	0x91, 0x43, 0x79, 0x01, 0xa2, 0x45, 0xd2, 0x83, 
	0xba, 0x05, 0x58, 0x41, 0x60, 0x81, 0xd2, 0x41, 
	0x10, 0x01, 0xe2, 0x41, 0x89, 0x03, 0xd9, 0xc1, 
	0x58, 0xc1, 0xa9, 0x81, 0xd1, 0xc5, 0xc9, 0x43, 
	0x71, 0x43, 0x88, 0x81, 0x79, 0xc5, 0xa9, 0xc5, 
	0xc9, 0x45, 0xf4, 0x4b, 0xd2, 0x87, 0x79, 0x03, 
	0x80, 0x81, 0x68, 0xc1, 0xf1, 0x83, 0xda, 0xc3, 
	0xc1, 0x03, 0xe9, 0x85, 0xf3, 0x0b, 0xfb, 0x87, 
	0xfa, 0x07, 0xf2, 0x03, 0xb1, 0xc1, 0xc2, 0x01, 
	
};

Gfx lll_dl_tex1_128x128_8a7523641776e10e_14_ci8_aligner[] = {gsSPEndDisplayList()};
u8 lll_dl_tex1_128x128_8a7523641776e10e_14_ci8[] = {
	0x00, 0x01, 0x02, 0x00, 0x03, 0x00, 0x04, 0x05, 
	0x06, 0x00, 0x01, 0x04, 0x04, 0x07, 0x00, 0x08, 
	0x09, 0x0a, 0x0b, 0x09, 0x09, 0x0c, 0x05, 0x0d, 
	0x08, 0x00, 0x00, 0x04, 0x03, 0x0e, 0x08, 0x00, 
	0x07, 0x06, 0x04, 0x00, 0x00, 0x00, 0x01, 0x07, 
	0x09, 0x0a, 0x0f, 0x06, 0x00, 0x07, 0x00, 0x08, 
	0x00, 0x00, 0x0a, 0x09, 0x09, 0x10, 0x11, 0x04, 
	0x0f, 0x07, 0x05, 0x01, 0x06, 0x01, 0x07, 0x04, 
	0x03, 0x08, 0x00, 0x10, 0x08, 0x00, 0x04, 0x01, 
	0x0f, 0x08, 0x12, 0x10, 0x06, 0x08, 0x04, 0x0f, 
	0x04, 0x04, 0x09, 0x0a, 0x06, 0x0c, 0x06, 0x00, 
	0x08, 0x07, 0x05, 0x01, 0x04, 0x00, 0x01, 0x13, 
	0x01, 0x07, 0x04, 0x00, 0x04, 0x00, 0x04, 0x04, 
	0x09, 0x00, 0x00, 0x14, 0x09, 0x06, 0x00, 0x00, 
	0x04, 0x04, 0x15, 0x09, 0x09, 0x06, 0x00, 0x06, 
	0x0f, 0x16, 0x01, 0x07, 0x00, 0x00, 0x07, 0x05, 
	0x01, 0x17, 0x01, 0x01, 0x00, 0x04, 0x01, 0x04, 
	0x00, 0x09, 0x00, 0x08, 0x0a, 0x01, 0x00, 0x04, 
	0x04, 0x00, 0x09, 0x09, 0x03, 0x06, 0x00, 0x00, 
	0x06, 0x00, 0x00, 0x00, 0x18, 0x01, 0x01, 0x04, 
	0x16, 0x16, 0x01, 0x05, 0x00, 0x00, 0x00, 0x04, 
	0x09, 0x12, 0x08, 0x08, 0x08, 0x01, 0x00, 0x00, 
	0x01, 0x19, 0x04, 0x09, 0x14, 0x08, 0x06, 0x08, 
	0x06, 0x07, 0x00, 0x01, 0x05, 0x01, 0x1a, 0x01, 
	0x05, 0x05, 0x04, 0x00, 0x00, 0x00, 0x04, 0x10, 
	0x14, 0x08, 0x08, 0x0a, 0x14, 0x08, 0x00, 0x04, 
	0x00, 0x0f, 0x08, 0x00, 0x09, 0x10, 0x00, 0x09, 
	0x07, 0x01, 0x04, 0x02, 0x04, 0x05, 0x0d, 0x04, 
	0x08, 0x00, 0x00, 0x08, 0x08, 0x09, 0x09, 0x08, 
	0x08, 0x14, 0x1b, 0x08, 0x08, 0x1c, 0x00, 0x06, 
	0x04, 0x01, 0x01, 0x00, 0x00, 0x04, 0x00, 0x00, 
	0x04, 0x01, 0x01, 0x04, 0x16, 0x0d, 0x05, 0x09, 
	0x08, 0x08, 0x12, 0x00, 0x00, 0x00, 0x00, 0x04, 
	0x02, 0x14, 0x06, 0x0f, 0x08, 0x04, 0x00, 0x00, 
	0x04, 0x00, 0x16, 0x01, 0x04, 0x01, 0x08, 0x08, 
	0x08, 0x09, 0x00, 0x01, 0x01, 0x04, 0x06, 0x00, 
	0x08, 0x06, 0x00, 0x04, 0x00, 0x07, 0x13, 0x00, 
	0x04, 0x14, 0x10, 0x01, 0x02, 0x00, 0x04, 0x08, 
	0x04, 0x01, 0x05, 0x05, 0x01, 0x0c, 0x06, 0x14, 
	0x09, 0x0f, 0x00, 0x00, 0x00, 0x04, 0x00, 0x07, 
	0x08, 0x07, 0x04, 0x04, 0x04, 0x00, 0x00, 0x07, 
	0x01, 0x01, 0x16, 0x04, 0x00, 0x07, 0x00, 0x00, 
	0x07, 0x01, 0x0f, 0x05, 0x05, 0x07, 0x00, 0x04, 
	0x04, 0x09, 0x00, 0x00, 0x04, 0x04, 0x08, 0x00, 
	0x08, 0x09, 0x09, 0x04, 0x00, 0x01, 0x16, 0x00, 
	0x05, 0x01, 0x16, 0x05, 0x07, 0x00, 0x0a, 0x06, 
	0x04, 0x07, 0x00, 0x07, 0x01, 0x06, 0x04, 0x04, 
	0x00, 0x09, 0x09, 0x04, 0x00, 0x00, 0x01, 0x04, 
	0x08, 0x08, 0x0f, 0x08, 0x00, 0x05, 0x01, 0x05, 
	0x05, 0x16, 0x17, 0x01, 0x00, 0x04, 0x08, 0x00, 
	0x07, 0x09, 0x04, 0x04, 0x06, 0x04, 0x04, 0x07, 
	0x07, 0x00, 0x04, 0x01, 0x04, 0x06, 0x07, 0x0e, 
	0x1c, 0x08, 0x09, 0x00, 0x0f, 0x00, 0x07, 0x06, 
	0x01, 0x04, 0x09, 0x04, 0x01, 0x04, 0x08, 0x08, 
	0x04, 0x08, 0x08, 0x00, 0x00, 0x04, 0x01, 0x00, 
	0x00, 0x08, 0x04, 0x04, 0x00, 0x06, 0x04, 0x08, 
	0x00, 0x08, 0x08, 0x12, 0x10, 0x08, 0x08, 0x08, 
	0x04, 0x16, 0x00, 0x00, 0x04, 0x00, 0x00, 0x08, 
	0x00, 0x09, 0x00, 0x04, 0x09, 0x04, 0x04, 0x06, 
	0x00, 0x04, 0x00, 0x00, 0x04, 0x06, 0x04, 0x09, 
	0x09, 0x08, 0x08, 0x08, 0x19, 0x09, 0x1d, 0x08, 
	0x00, 0x0c, 0x04, 0x05, 0x08, 0x08, 0x00, 0x04, 
	0x00, 0x07, 0x00, 0x12, 0x08, 0x04, 0x00, 0x0e, 
	0x00, 0x06, 0x04, 0x09, 0x00, 0x06, 0x04, 0x00, 
	0x08, 0x08, 0x00, 0x00, 0x09, 0x06, 0x10, 0x08, 
	0x01, 0x04, 0x01, 0x00, 0x00, 0x00, 0x06, 0x00, 
	0x06, 0x06, 0x06, 0x08, 0x10, 0x04, 0x00, 0x03, 
	0x09, 0x00, 0x04, 0x07, 0x12, 0x06, 0x00, 0x06, 
	0x12, 0x09, 0x09, 0x08, 0x08, 0x09, 0x09, 0x10, 
	0x0e, 0x07, 0x0e, 0x01, 0x07, 0x00, 0x00, 0x04, 
	0x05, 0x06, 0x08, 0x08, 0x08, 0x04, 0x01, 0x08, 
	0x14, 0x05, 0x04, 0x07, 0x07, 0x07, 0x04, 0x04, 
	0x00, 0x09, 0x08, 0x08, 0x06, 0x04, 0x09, 0x08, 
	0x0a, 0x0f, 0x00, 0x00, 0x00, 0x00, 0x09, 0x00, 
	0x01, 0x03, 0x03, 0x06, 0x08, 0x04, 0x06, 0x10, 
	0x00, 0x05, 0x00, 0x08, 0x06, 0x00, 0x04, 0x00, 
	0x01, 0x02, 0x00, 0x09, 0x09, 0x00, 0x06, 0x03, 
	0x08, 0x08, 0x09, 0x04, 0x00, 0x00, 0x00, 0x09, 
	0x10, 0x00, 0x00, 0x00, 0x04, 0x02, 0x09, 0x00, 
	0x00, 0x04, 0x09, 0x03, 0x06, 0x09, 0x0f, 0x00, 
	0x00, 0x00, 0x06, 0x00, 0x1e, 0x04, 0x00, 0x03, 
	0x00, 0x08, 0x00, 0x01, 0x07, 0x00, 0x1f, 0x0f, 
	0x09, 0x00, 0x0f, 0x12, 0x00, 0x13, 0x13, 0x04, 
	0x00, 0x00, 0x09, 0x08, 0x00, 0x08, 0x04, 0x04, 
	0x08, 0x08, 0x12, 0x08, 0x00, 0x03, 0x08, 0x07, 
	0x0e, 0x01, 0x06, 0x05, 0x00, 0x08, 0x08, 0x06, 
	0x04, 0x04, 0x01, 0x00, 0x04, 0x00, 0x04, 0x04, 
	0x01, 0x08, 0x20, 0x09, 0x09, 0x14, 0x08, 0x0f, 
	0x00, 0x0e, 0x03, 0x03, 0x01, 0x07, 0x09, 0x08, 
	0x09, 0x06, 0x04, 0x08, 0x19, 0x08, 0x06, 0x00, 
	0x04, 0x00, 0x06, 0x04, 0x00, 0x09, 0x00, 0x00, 
	0x00, 0x19, 0x0b, 0x09, 0x08, 0x08, 0x14, 0x08, 
	0x02, 0x08, 0x08, 0x06, 0x00, 0x00, 0x08, 0x0a, 
	0x21, 0x08, 0x09, 0x08, 0x06, 0x00, 0x00, 0x00, 
	0x00, 0x09, 0x00, 0x04, 0x00, 0x04, 0x07, 0x00, 
	0x00, 0x08, 0x09, 0x00, 0x08, 0x0f, 0x08, 0x0f, 
	0x04, 0x04, 0x04, 0x09, 0x04, 0x00, 0x08, 0x14, 
	0x14, 0x08, 0x06, 0x0e, 0x00, 0x00, 0x01, 0x13, 
	0x09, 0x00, 0x04, 0x0d, 0x04, 0x00, 0x04, 0x00, 
	0x06, 0x08, 0x08, 0x12, 0x08, 0x09, 0x00, 0x00, 
	0x07, 0x05, 0x09, 0x06, 0x07, 0x07, 0x04, 0x09, 
	0x08, 0x14, 0x0e, 0x0f, 0x08, 0x18, 0x01, 0x01, 
	0x04, 0x08, 0x09, 0x04, 0x11, 0x00, 0x04, 0x04, 
	0x00, 0x10, 0x08, 0x00, 0x00, 0x09, 0x07, 0x07, 
	0x01, 0x07, 0x04, 0x01, 0x01, 0x05, 0x02, 0x00, 
	0x00, 0x08, 0x04, 0x06, 0x08, 0x08, 0x00, 0x08, 
	0x12, 0x19, 0x08, 0x09, 0x0d, 0x04, 0x00, 0x01, 
	0x04, 0x09, 0x12, 0x09, 0x00, 0x05, 0x05, 0x01, 
	0x07, 0x05, 0x01, 0x05, 0x07, 0x01, 0x01, 0x00, 
	0x08, 0x06, 0x08, 0x08, 0x19, 0x14, 0x08, 0x00, 
	0x04, 0x00, 0x09, 0x10, 0x07, 0x04, 0x06, 0x08, 
	0x19, 0x09, 0x07, 0x00, 0x05, 0x07, 0x16, 0x13, 
	0x0f, 0x01, 0x04, 0x01, 0x01, 0x07, 0x00, 0x0f, 
	0x08, 0x04, 0x0f, 0x08, 0x08, 0x08, 0x08, 0x00, 
	0x01, 0x04, 0x09, 0x07, 0x07, 0x08, 0x09, 0x10, 
	0x09, 0x04, 0x04, 0x06, 0x06, 0x00, 0x00, 0x08, 
	0x00, 0x01, 0x01, 0x07, 0x04, 0x00, 0x18, 0x00, 
	0x04, 0x05, 0x07, 0x04, 0x04, 0x10, 0x00, 0x08, 
	0x00, 0x04, 0x08, 0x09, 0x00, 0x09, 0x08, 0x0a, 
	0x08, 0x12, 0x08, 0x1e, 0x07, 0x09, 0x14, 0x08, 
	0x00, 0x01, 0x00, 0x07, 0x00, 0x00, 0x04, 0x07, 
	0x01, 0x01, 0x01, 0x07, 0x01, 0x00, 0x06, 0x04, 
	0x04, 0x0f, 0x09, 0x0a, 0x22, 0x10, 0x10, 0x08, 
	0x10, 0x08, 0x00, 0x00, 0x01, 0x00, 0x08, 0x08, 
	0x06, 0x00, 0x08, 0x04, 0x00, 0x00, 0x00, 0x04, 
	0x07, 0x07, 0x00, 0x05, 0x01, 0x04, 0x14, 0x00, 
	0x00, 0x08, 0x23, 0x24, 0x04, 0x00, 0x06, 0x09, 
	0x08, 0x00, 0x04, 0x06, 0x06, 0x12, 0x00, 0x00, 
	
};

Gfx lll_dl_tex1_128x128_8a7523641776e10e_14_pal_rgba16_aligner[] = {gsSPEndDisplayList()};
u8 lll_dl_tex1_128x128_8a7523641776e10e_14_pal_rgba16[] = {
	0xd6, 0x6f, 0xde, 0xb1, 0xde, 0x71, 0xd6, 0x6d, 
	0xd6, 0x71, 0xde, 0xb3, 0xce, 0x6f, 0xd6, 0xb1, 
	0xce, 0x2d, 0xce, 0x2f, 0xc5, 0xed, 0xbd, 0xa9, 
	0xce, 0x71, 0xd6, 0xb3, 0xce, 0x6d, 0xd6, 0x2f, 
	0xc6, 0x2d, 0xde, 0xf5, 0xd6, 0x2d, 0xde, 0x6f, 
	0xc5, 0xeb, 0xbd, 0xeb, 0xde, 0xf3, 0xe6, 0xf5, 
	0xd6, 0xaf, 0xcd, 0xed, 0xe6, 0xf3, 0xc5, 0xa9, 
	0xc6, 0x2b, 0xbd, 0xab, 0xce, 0x2b, 0xcd, 0xeb, 
	0xb5, 0x27, 0xb5, 0xa9, 0xce, 0x31, 0xb5, 0x69, 
	0xbd, 0xed, 
};

Gfx lll_dl_blue_lava_ci8_aligner[] = {gsSPEndDisplayList()};
u8 lll_dl_blue_lava_ci8[] = {
	0x00, 0x01, 0x02, 0x02, 0x02, 0x03, 0x04, 0x05, 
	0x06, 0x00, 0x07, 0x08, 0x09, 0x03, 0x0a, 0x0b, 
	0x03, 0x0a, 0x0a, 0x0c, 0x0d, 0x0e, 0x0c, 0x0f, 
	0x0c, 0x09, 0x0a, 0x0a, 0x0a, 0x09, 0x0a, 0x02, 
	0x00, 0x02, 0x06, 0x02, 0x0b, 0x0a, 0x10, 0x11, 
	0x06, 0x12, 0x07, 0x05, 0x03, 0x0a, 0x06, 0x00, 
	0x07, 0x07, 0x03, 0x13, 0x14, 0x0e, 0x10, 0x0c, 
	0x05, 0x03, 0x0a, 0x03, 0x09, 0x0a, 0x0b, 0x02, 
	0x02, 0x0a, 0x05, 0x05, 0x0b, 0x0a, 0x0c, 0x0f, 
	0x06, 0x02, 0x02, 0x0a, 0x03, 0x15, 0x02, 0x07, 
	0x00, 0x00, 0x08, 0x16, 0x17, 0x08, 0x03, 0x03, 
	0x09, 0x05, 0x09, 0x09, 0x02, 0x07, 0x0b, 0x06, 
	0x0a, 0x05, 0x15, 0x18, 0x15, 0x09, 0x10, 0x09, 
	0x06, 0x06, 0x07, 0x07, 0x05, 0x11, 0x0a, 0x0a, 
	0x00, 0x00, 0x0e, 0x14, 0x13, 0x09, 0x03, 0x05, 
	0x05, 0x05, 0x03, 0x0a, 0x07, 0x02, 0x0b, 0x09, 
	0x03, 0x05, 0x15, 0x19, 0x0c, 0x0a, 0x0a, 0x06, 
	0x0b, 0x06, 0x00, 0x00, 0x05, 0x04, 0x08, 0x05, 
	0x09, 0x05, 0x13, 0x19, 0x08, 0x09, 0x05, 0x05, 
	0x05, 0x08, 0x02, 0x0b, 0x02, 0x06, 0x0b, 0x08, 
	0x09, 0x08, 0x11, 0x19, 0x03, 0x02, 0x15, 0x0a, 
	0x0b, 0x03, 0x02, 0x00, 0x08, 0x0d, 0x13, 0x0f, 
	0x0c, 0x0c, 0x0c, 0x05, 0x05, 0x05, 0x09, 0x09, 
	0x05, 0x09, 0x0b, 0x07, 0x07, 0x08, 0x08, 0x03, 
	0x08, 0x18, 0x04, 0x0c, 0x02, 0x06, 0x18, 0x05, 
	0x02, 0x06, 0x02, 0x06, 0x11, 0x16, 0x13, 0x15, 
	0x08, 0x08, 0x02, 0x1a, 0x18, 0x0a, 0x02, 0x06, 
	0x09, 0x0b, 0x03, 0x02, 0x02, 0x08, 0x05, 0x06, 
	0x0f, 0x0e, 0x08, 0x07, 0x00, 0x08, 0x10, 0x03, 
	0x0b, 0x07, 0x02, 0x0c, 0x19, 0x17, 0x08, 0x07, 
	0x08, 0x11, 0x09, 0x03, 0x07, 0x07, 0x02, 0x02, 
	0x09, 0x09, 0x03, 0x03, 0x05, 0x0a, 0x06, 0x03, 
	0x11, 0x18, 0x09, 0x00, 0x00, 0x09, 0x11, 0x10, 
	0x0a, 0x07, 0x0b, 0x04, 0x17, 0x0d, 0x09, 0x07, 
	0x11, 0x13, 0x05, 0x02, 0x1b, 0x00, 0x0b, 0x0b, 
	0x08, 0x08, 0x0b, 0x08, 0x08, 0x06, 0x09, 0x08, 
	0x11, 0x0f, 0x0b, 0x07, 0x02, 0x03, 0x15, 0x0f, 
	0x11, 0x08, 0x0c, 0x13, 0x0f, 0x05, 0x06, 0x03, 
	0x08, 0x08, 0x03, 0x1c, 0x00, 0x02, 0x03, 0x09, 
	0x09, 0x03, 0x07, 0x05, 0x0c, 0x0a, 0x09, 0x10, 
	0x18, 0x10, 0x07, 0x02, 0x0b, 0x06, 0x05, 0x04, 
	0x1d, 0x1d, 0x0e, 0x08, 0x0a, 0x02, 0x00, 0x0c, 
	0x0f, 0x09, 0x0a, 0x1e, 0x07, 0x06, 0x0a, 0x08, 
	0x09, 0x02, 0x02, 0x03, 0x18, 0x15, 0x09, 0x10, 
	0x10, 0x02, 0x07, 0x06, 0x06, 0x02, 0x08, 0x13, 
	0x1f, 0x14, 0x10, 0x0a, 0x0a, 0x02, 0x07, 0x0f, 
	0x0d, 0x05, 0x03, 0x12, 0x00, 0x0b, 0x03, 0x05, 
	0x06, 0x0b, 0x02, 0x0b, 0x11, 0x11, 0x03, 0x05, 
	0x02, 0x07, 0x02, 0x06, 0x0a, 0x0b, 0x05, 0x0e, 
	0x1f, 0x16, 0x08, 0x06, 0x0a, 0x06, 0x0a, 0x0c, 
	0x15, 0x03, 0x06, 0x1e, 0x02, 0x06, 0x03, 0x09, 
	0x0a, 0x0a, 0x00, 0x02, 0x0c, 0x0f, 0x0a, 0x09, 
	0x02, 0x07, 0x02, 0x06, 0x0a, 0x06, 0x0c, 0x0d, 
	0x16, 0x18, 0x0a, 0x06, 0x0a, 0x0a, 0x03, 0x09, 
	0x0b, 0x0a, 0x06, 0x02, 0x06, 0x0b, 0x03, 0x09, 
	0x05, 0x09, 0x07, 0x02, 0x0c, 0x0a, 0x06, 0x10, 
	0x0a, 0x07, 0x07, 0x02, 0x06, 0x10, 0x19, 0x1f, 
	0x18, 0x02, 0x15, 0x08, 0x06, 0x02, 0x0a, 0x09, 
	0x02, 0x09, 0x18, 0x08, 0x0a, 0x09, 0x03, 0x09, 
	0x10, 0x09, 0x02, 0x0a, 0x15, 0x07, 0x0b, 0x15, 
	0x06, 0x00, 0x01, 0x02, 0x08, 0x0e, 0x1f, 0x13, 
	0x02, 0x00, 0x04, 0x0d, 0x07, 0x20, 0x03, 0x05, 
	0x0a, 0x0c, 0x19, 0x0c, 0x05, 0x0c, 0x05, 0x05, 
	0x15, 0x03, 0x0b, 0x08, 0x15, 0x06, 0x09, 0x15, 
	0x02, 0x01, 0x01, 0x0a, 0x04, 0x17, 0x16, 0x05, 
	0x02, 0x02, 0x0e, 0x19, 0x1e, 0x21, 0x05, 0x15, 
	0x08, 0x0e, 0x1d, 0x10, 0x08, 0x10, 0x10, 0x03, 
	0x03, 0x09, 0x09, 0x05, 0x11, 0x18, 0x03, 0x18, 
	0x0b, 0x02, 0x07, 0x09, 0x13, 0x16, 0x0e, 0x0a, 
	0x03, 0x09, 0x0c, 0x15, 0x07, 0x02, 0x08, 0x15, 
	0x18, 0x13, 0x19, 0x15, 0x0c, 0x04, 0x0c, 0x05, 
	0x0a, 0x08, 0x0f, 0x15, 0x0f, 0x19, 0x03, 0x08, 
	0x03, 0x06, 0x02, 0x05, 0x13, 0x16, 0x0e, 0x09, 
	0x05, 0x05, 0x09, 0x09, 0x00, 0x02, 0x03, 0x10, 
	0x13, 0x0d, 0x10, 0x08, 0x0f, 0x0d, 0x18, 0x15, 
	0x08, 0x0c, 0x04, 0x13, 0x1d, 0x18, 0x09, 0x08, 
	0x06, 0x03, 0x08, 0x0f, 0x0d, 0x13, 0x15, 0x05, 
	0x08, 0x09, 0x02, 0x09, 0x0a, 0x07, 0x02, 0x0f, 
	0x0d, 0x1d, 0x09, 0x10, 0x0e, 0x1d, 0x0d, 0x11, 
	0x10, 0x04, 0x1d, 0x1d, 0x0d, 0x08, 0x08, 0x10, 
	0x05, 0x15, 0x04, 0x0d, 0x0f, 0x05, 0x05, 0x08, 
	0x08, 0x02, 0x02, 0x0c, 0x0e, 0x0b, 0x03, 0x13, 
	0x17, 0x04, 0x10, 0x0f, 0x13, 0x1d, 0x0d, 0x11, 
	0x08, 0x0d, 0x14, 0x17, 0x11, 0x15, 0x10, 0x15, 
	0x11, 0x0f, 0x0e, 0x11, 0x08, 0x08, 0x15, 0x15, 
	0x0b, 0x20, 0x09, 0x18, 0x0d, 0x18, 0x15, 0x19, 
	0x0d, 0x05, 0x11, 0x04, 0x15, 0x04, 0x19, 0x04, 
	0x0c, 0x1d, 0x14, 0x1d, 0x11, 0x0c, 0x15, 0x15, 
	0x15, 0x15, 0x08, 0x15, 0x0c, 0x0c, 0x10, 0x15, 
	0x21, 0x02, 0x11, 0x0e, 0x1d, 0x11, 0x0f, 0x0f, 
	0x0f, 0x08, 0x04, 0x0c, 0x0b, 0x18, 0x13, 0x13, 
	0x0e, 0x17, 0x14, 0x16, 0x18, 0x0c, 0x10, 0x08, 
	0x07, 0x06, 0x08, 0x10, 0x18, 0x0c, 0x0c, 0x0a, 
	0x1e, 0x06, 0x0e, 0x0d, 0x18, 0x06, 0x19, 0x0e, 
	0x04, 0x18, 0x04, 0x15, 0x06, 0x15, 0x0f, 0x0d, 
	0x16, 0x1f, 0x22, 0x17, 0x18, 0x10, 0x08, 0x05, 
	0x00, 0x05, 0x15, 0x0c, 0x11, 0x0c, 0x10, 0x02, 
	0x07, 0x09, 0x18, 0x04, 0x15, 0x09, 0x0d, 0x0e, 
	0x0f, 0x0f, 0x0f, 0x05, 0x06, 0x08, 0x04, 0x1d, 
	0x14, 0x22, 0x22, 0x13, 0x18, 0x09, 0x05, 0x08, 
	0x02, 0x09, 0x0c, 0x18, 0x10, 0x09, 0x0b, 0x0b, 
	0x09, 0x08, 0x05, 0x15, 0x11, 0x0c, 0x11, 0x15, 
	0x0e, 0x0e, 0x0f, 0x11, 0x03, 0x03, 0x04, 0x1d, 
	0x16, 0x22, 0x22, 0x0e, 0x11, 0x05, 0x05, 0x0b, 
	0x03, 0x15, 0x11, 0x10, 0x03, 0x20, 0x02, 0x11, 
	0x0c, 0x05, 0x08, 0x15, 0x18, 0x10, 0x02, 0x03, 
	0x13, 0x13, 0x19, 0x0e, 0x02, 0x0a, 0x04, 0x0d, 
	0x1d, 0x14, 0x23, 0x17, 0x0c, 0x05, 0x02, 0x00, 
	0x03, 0x09, 0x08, 0x09, 0x1b, 0x24, 0x06, 0x04, 
	0x0f, 0x05, 0x15, 0x0c, 0x0c, 0x10, 0x09, 0x05, 
	0x0f, 0x0f, 0x1d, 0x17, 0x02, 0x05, 0x0f, 0x0d, 
	0x1f, 0x22, 0x25, 0x0d, 0x15, 0x03, 0x00, 0x06, 
	0x0a, 0x05, 0x15, 0x03, 0x12, 0x01, 0x03, 0x13, 
	0x0f, 0x08, 0x15, 0x10, 0x10, 0x11, 0x08, 0x0a, 
	0x0c, 0x0f, 0x1d, 0x1f, 0x10, 0x08, 0x0e, 0x17, 
	0x14, 0x25, 0x1f, 0x18, 0x09, 0x02, 0x02, 0x06, 
	0x03, 0x08, 0x0a, 0x07, 0x00, 0x07, 0x0a, 0x18, 
	0x04, 0x09, 0x06, 0x0c, 0x18, 0x11, 0x0b, 0x00, 
	0x11, 0x04, 0x19, 0x1f, 0x19, 0x0c, 0x19, 0x16, 
	0x22, 0x14, 0x11, 0x03, 0x02, 0x07, 0x0b, 0x0a, 
	0x09, 0x03, 0x06, 0x0b, 0x02, 0x07, 0x0b, 0x10, 
	0x0e, 0x0b, 0x02, 0x11, 0x0f, 0x15, 0x0a, 0x05, 
	0x10, 0x0c, 0x04, 0x17, 0x22, 0x16, 0x1d, 0x0e, 
	0x16, 0x18, 0x06, 0x0a, 0x07, 0x07, 0x06, 0x03, 
	0x07, 0x07, 0x03, 0x06, 0x0b, 0x07, 0x02, 0x15, 
	0x18, 0x02, 0x02, 0x10, 0x0c, 0x08, 0x05, 0x09, 
	0x08, 0x05, 0x0c, 0x13, 0x23, 0x17, 0x0e, 0x11, 
	0x0f, 0x10, 0x09, 0x06, 0x0b, 0x07, 0x0b, 0x02, 
	
};

Gfx lll_dl_blue_lava_pal_rgba16_aligner[] = {gsSPEndDisplayList()};
u8 lll_dl_blue_lava_pal_rgba16[] = {
	0x78, 0x3f, 0x80, 0x3f, 0x68, 0x3f, 0x60, 0x37, 
	0x38, 0x23, 0x58, 0x33, 0x68, 0x3b, 0x70, 0x3f, 
	0x50, 0x31, 0x58, 0x35, 0x60, 0x39, 0x68, 0x3d, 
	0x48, 0x2b, 0x30, 0x1b, 0x38, 0x21, 0x40, 0x25, 
	0x48, 0x2d, 0x48, 0x29, 0x90, 0x3f, 0x30, 0x1f, 
	0x20, 0x11, 0x50, 0x2f, 0x20, 0x15, 0x28, 0x17, 
	0x40, 0x27, 0x30, 0x1d, 0x70, 0x3b, 0x90, 0x7f, 
	0x88, 0x3f, 0x28, 0x19, 0x88, 0x7f, 0x20, 0x13, 
	0x78, 0x7f, 0x80, 0x7f, 0x18, 0x0f, 0x10, 0x0b, 
	0xa0, 0x7f, 0x18, 0x0d, 
};

Gfx lll_dl_tex1_128x128_7dfd7f15e58a6517_14_rgba16_aligner[] = {gsSPEndDisplayList()};
u8 lll_dl_tex1_128x128_7dfd7f15e58a6517_14_rgba16[] = {
	0x29, 0x49, 0x31, 0x49, 0x31, 0x49, 0x31, 0x49, 
	0x31, 0x49, 0x31, 0x49, 0x31, 0x49, 0x39, 0x89, 
	0x31, 0x89, 0x39, 0x8b, 0x31, 0x8b, 0x31, 0x49, 
	0x29, 0x47, 0x29, 0x07, 0x29, 0x07, 0x29, 0x07, 
	0x29, 0x47, 0x31, 0x47, 0x31, 0x49, 0x31, 0x49, 
	0x31, 0x49, 0x31, 0x49, 0x31, 0x49, 0x39, 0x8b, 
	0x39, 0x8b, 0x39, 0x89, 0x39, 0x8b, 0x39, 0x8b, 
	0x39, 0x8b, 0x31, 0x4b, 0x31, 0x49, 0x31, 0x49, 
	0x39, 0x89, 0x31, 0x89, 0x31, 0x89, 0x31, 0x89, 
	0x31, 0x49, 0x31, 0x49, 0x31, 0x89, 0x31, 0x49, 
	0x31, 0x49, 0x31, 0x89, 0x39, 0x89, 0x31, 0x89, 
	0x31, 0x89, 0x31, 0x8b, 0x39, 0xcb, 0x39, 0xcb, 
	0x41, 0xcb, 0x41, 0xcd, 0x41, 0xcb, 0x39, 0xcb, 
	0x41, 0xcb, 0x41, 0xcb, 0x39, 0x89, 0x31, 0x89, 
	0x31, 0x49, 0x31, 0x49, 0x31, 0x49, 0x31, 0x8b, 
	0x39, 0x8b, 0x39, 0x8b, 0x39, 0x8b, 0x39, 0x8b, 
	0x39, 0xcb, 0x41, 0xcd, 0x42, 0x0d, 0x4a, 0x0d, 
	0x4a, 0x4f, 0x31, 0x8b, 0x31, 0x8b, 0x4a, 0x0d, 
	0x42, 0x0d, 0x42, 0x0d, 0x4a, 0x0d, 0x42, 0x0d, 
	0x42, 0x0d, 0x42, 0x0d, 0x41, 0xcd, 0x39, 0xcb, 
	0x39, 0x8b, 0x39, 0xcb, 0x41, 0xcb, 0x39, 0xcb, 
	0x42, 0x0d, 0x42, 0x0d, 0x41, 0xcd, 0x41, 0xcb, 
	0x39, 0x8b, 0x41, 0xcd, 0x39, 0xcb, 0x39, 0xcb, 
	0x41, 0xcb, 0x39, 0xcb, 0x39, 0xcb, 0x39, 0xcb, 
	0x39, 0x89, 0x39, 0x89, 0x31, 0x49, 0x31, 0x89, 
	0x29, 0x49, 0x68, 0x83, 0x68, 0x83, 0x29, 0x49, 
	0x39, 0x8b, 0x39, 0x8b, 0x39, 0xcb, 0x41, 0xcb, 
	0x41, 0xcb, 0x41, 0xcb, 0x39, 0x8b, 0x39, 0x8b, 
	0x39, 0x89, 0x41, 0xcb, 0x39, 0x8b, 0x39, 0x89, 
	0x31, 0x49, 0x29, 0x49, 0x31, 0x89, 0x29, 0x49, 
	0x51, 0x09, 0x39, 0xcb, 0x41, 0xcd, 0x41, 0xcb, 
	0x41, 0xcd, 0x41, 0xcd, 0x41, 0xcb, 0x41, 0xcb, 
	0x31, 0x49, 0x31, 0x49, 0x31, 0x47, 0x21, 0x09, 
	0x70, 0x85, 0x99, 0x09, 0x98, 0x43, 0x78, 0x43, 
	0x31, 0x09, 0x39, 0x8b, 0x31, 0x49, 0x31, 0x49, 
	0x42, 0x0b, 0x6b, 0x13, 0x6b, 0x15, 0x73, 0x15, 
	0x73, 0x15, 0x5a, 0x91, 0x39, 0xcb, 0x31, 0x89, 
	0x31, 0x49, 0x31, 0x49, 0x21, 0x09, 0x68, 0xc5, 
	0x90, 0xc5, 0x78, 0x85, 0x31, 0x07, 0x29, 0x47, 
	0x31, 0x49, 0x31, 0x49, 0x31, 0x49, 0x29, 0x47, 
	0x49, 0xcd, 0x4a, 0x0f, 0x29, 0x4b, 0x88, 0xc7, 
	0xa0, 0xc7, 0xa0, 0xc7, 0xa1, 0x49, 0x98, 0x87, 
	0x78, 0x01, 0x31, 0x07, 0x62, 0xd3, 0x9c, 0x9f, 
	0xc5, 0xe9, 0xcd, 0xeb, 0xce, 0x2b, 0xd6, 0x2d, 
	0xd6, 0x2d, 0xce, 0x2b, 0xb5, 0x21, 0x9c, 0x5d, 
	0x4a, 0x0f, 0x21, 0x09, 0x80, 0x43, 0xa1, 0x09, 
	0xa0, 0xc5, 0xb0, 0x85, 0x98, 0x83, 0x58, 0xc7, 
	0x4a, 0x0f, 0x42, 0x0d, 0x4a, 0x0d, 0x42, 0x0b, 
	0x4a, 0x4f, 0x52, 0x4f, 0x41, 0xcb, 0x79, 0x09, 
	0xa8, 0x85, 0xb0, 0x41, 0xb0, 0xc7, 0xb0, 0xc7, 
	0xb0, 0x43, 0xba, 0x0f, 0xce, 0x6d, 0xde, 0xaf, 
	0xde, 0xb1, 0xd6, 0x6d, 0xcd, 0xe9, 0xc5, 0xa7, 
	0xc5, 0xa7, 0xbd, 0xa7, 0xbd, 0x65, 0xbd, 0xa5, 
	0xb5, 0x61, 0xa9, 0xcd, 0xa9, 0x09, 0xa8, 0xc7, 
	0xa9, 0x05, 0xb0, 0x83, 0xb0, 0xc5, 0x98, 0xc7, 
	0x41, 0xcd, 0x4a, 0x4f, 0x4a, 0x51, 0x4a, 0x4f, 
	0x52, 0x51, 0x52, 0x91, 0x52, 0x51, 0x39, 0x8b, 
	0xa0, 0x85, 0xb0, 0xc7, 0xb0, 0xc7, 0xb0, 0x85, 
	0xba, 0x51, 0xdd, 0xa7, 0xd5, 0xa5, 0xd6, 0x6f, 
	0xd6, 0x71, 0xd6, 0x2d, 0xd6, 0x2b, 0xd6, 0x2b, 
	0xd6, 0x6d, 0xd6, 0x6f, 0xd6, 0x29, 0xd6, 0x2d, 
	0xcd, 0xa7, 0xd4, 0x1b, 0xb9, 0x49, 0xb0, 0xc5, 
	0xb9, 0x03, 0xb1, 0x49, 0xb1, 0x49, 0x49, 0x09, 
	0x4a, 0x0d, 0x52, 0x51, 0x52, 0x51, 0x52, 0x51, 
	0x4a, 0x0f, 0x4a, 0x4d, 0x4a, 0x4f, 0x52, 0x4f, 
	0x51, 0x49, 0xa9, 0x07, 0xb1, 0x09, 0xb9, 0x8b, 
	0xcd, 0xa5, 0xcd, 0x65, 0xc5, 0x25, 0xc5, 0x67, 
	0xc5, 0xed, 0xc5, 0xeb, 0xc5, 0xeb, 0xc5, 0xa9, 
	0xc5, 0xeb, 0xce, 0x2b, 0xd6, 0x6f, 0xcd, 0xe9, 
	0xdd, 0xa9, 0xde, 0x2b, 0xcc, 0x1b, 0xb9, 0x05, 
	0xb1, 0x05, 0xb1, 0x49, 0x60, 0xc7, 0x42, 0x0f, 
	0x4a, 0x4f, 0x4a, 0x0f, 0x4a, 0x4f, 0x4a, 0x0f, 
	0x39, 0x8b, 0x39, 0xcb, 0x39, 0xcb, 0x39, 0xcb, 
	0x39, 0xcb, 0x40, 0xc5, 0x99, 0x49, 0xb4, 0x1f, 
	0xc5, 0x23, 0xc5, 0x23, 0xc5, 0x65, 0xc5, 0x69, 
	0xc5, 0x67, 0xc5, 0xed, 0xce, 0x2b, 0xcd, 0xe7, 
	0xcd, 0xe9, 0xc5, 0xed, 0xcd, 0xab, 0xcd, 0x67, 
	0xcd, 0x67, 0xc5, 0x23, 0xcd, 0xa5, 0xbb, 0x15, 
	0xb1, 0x09, 0x70, 0x85, 0x39, 0xcd, 0x4a, 0x0f, 
	0x4a, 0x0d, 0x41, 0xcd, 0x39, 0xcb, 0x39, 0x8b, 
	0x41, 0xcd, 0x42, 0x0d, 0x41, 0xcd, 0x4a, 0x0d, 
	0x4a, 0x0f, 0x4a, 0x4f, 0x52, 0x51, 0xd5, 0xa9, 
	0xd5, 0xa7, 0xd5, 0xed, 0xbc, 0x1d, 0xa1, 0x09, 
	0xa0, 0xc7, 0x81, 0x09, 0xb5, 0xab, 0xd6, 0x6f, 
	0xce, 0x2d, 0xcd, 0xe9, 0xc5, 0xab, 0xcd, 0xad, 
	0xcd, 0xab, 0xcd, 0x65, 0xd5, 0xa9, 0xac, 0xe1, 
	0x99, 0xcb, 0x41, 0x8b, 0x42, 0x0f, 0x4a, 0x0f, 
	0x42, 0x0d, 0x41, 0xcd, 0x41, 0xcd, 0x39, 0xcb, 
	0x31, 0x49, 0x31, 0x49, 0x39, 0x89, 0x39, 0x89, 
	0x39, 0x89, 0x39, 0x8b, 0x73, 0x59, 0xb5, 0x25, 
	0xb4, 0xa1, 0x9b, 0xdf, 0x88, 0x85, 0x90, 0xc5, 
	0x88, 0x43, 0x88, 0x83, 0x69, 0x8b, 0xb5, 0x69, 
	0xb5, 0x67, 0xb4, 0xe5, 0x9a, 0x11, 0x88, 0xc5, 
	0x9a, 0x93, 0xac, 0xe3, 0xac, 0xa3, 0x9c, 0xa1, 
	0x6b, 0x15, 0x21, 0x07, 0x29, 0x07, 0x31, 0x49, 
	0x31, 0x49, 0x31, 0x49, 0x39, 0x89, 0x31, 0x89, 
	0x4a, 0x0d, 0x4a, 0x0f, 0x4a, 0x0f, 0x4a, 0x0f, 
	0x4a, 0x4f, 0x4a, 0x0f, 0x83, 0xdb, 0xc5, 0xeb, 
	0xcd, 0xe9, 0xa2, 0x11, 0xa9, 0x09, 0xb1, 0x07, 
	0xb1, 0x07, 0xa9, 0x09, 0xa9, 0xcf, 0xb5, 0xab, 
	0xcd, 0x69, 0xa1, 0x07, 0xa0, 0x43, 0x98, 0x83, 
	0x98, 0x43, 0xaa, 0x51, 0xc5, 0xeb, 0xbd, 0x65, 
	0x73, 0x57, 0x39, 0xcb, 0x41, 0xcd, 0x4a, 0x0d, 
	0x4a, 0x0f, 0x42, 0x0d, 0x4a, 0x0d, 0x4a, 0x0d, 
	0x21, 0x09, 0x29, 0x47, 0x31, 0x49, 0x31, 0x89, 
	0x31, 0x89, 0x39, 0x8b, 0x6b, 0x15, 0xb5, 0x65, 
	0xbd, 0x67, 0x59, 0xcf, 0x80, 0xc5, 0xa0, 0x85, 
	0xa0, 0x43, 0xa1, 0x09, 0xa1, 0xcd, 0xc5, 0x27, 
	0xbc, 0x5d, 0x98, 0x43, 0x99, 0x07, 0x98, 0xc7, 
	0x88, 0x85, 0x61, 0x07, 0xad, 0x27, 0xac, 0xe3, 
	0x62, 0x93, 0x31, 0x89, 0x31, 0x49, 0x31, 0x49, 
	0x31, 0x49, 0x31, 0x49, 0x31, 0x49, 0x29, 0x07, 
	0x52, 0x4f, 0x52, 0x51, 0x52, 0x4f, 0x52, 0x4f, 
	0x4a, 0x4f, 0x4a, 0x4f, 0x52, 0x4f, 0xc5, 0xa7, 
	0xc5, 0xe7, 0x7b, 0xdd, 0x49, 0xcd, 0x98, 0xc7, 
	0xa0, 0x43, 0xb1, 0x09, 0xc3, 0x59, 0xc5, 0x23, 
	0xc5, 0x25, 0xb1, 0x09, 0xa9, 0x09, 0xa9, 0x09, 
	0x80, 0xc5, 0x52, 0x51, 0xc5, 0xed, 0xb5, 0x23, 
	0x5a, 0xd1, 0x52, 0x51, 0x52, 0x4f, 0x52, 0x51, 
	0x52, 0x51, 0x52, 0x51, 0x4a, 0x4f, 0x4a, 0x51, 
	0x39, 0xcb, 0x39, 0xcb, 0x41, 0xcb, 0x41, 0xcb, 
	0x41, 0xcb, 0x42, 0x0d, 0x4a, 0x0f, 0x8c, 0x5b, 
	0xbd, 0xa5, 0xbd, 0x67, 0x52, 0x93, 0x41, 0x49, 
	0x80, 0x41, 0xaa, 0x53, 0xb4, 0xa1, 0xbc, 0xe1, 
	0xbd, 0x23, 0xbc, 0xe7, 0xb1, 0x49, 0x80, 0x85, 
	0x41, 0xcb, 0x83, 0xdd, 0xc5, 0xeb, 0x94, 0x5d, 
	0x42, 0x0b, 0x41, 0xcd, 0x41, 0xcb, 0x39, 0xcb, 
	0x41, 0xcb, 0x41, 0xcd, 0x39, 0xcb, 0x39, 0xcb, 
	0x31, 0x49, 0x39, 0x8b, 0x31, 0x8b, 0x31, 0x89, 
	0x31, 0x49, 0x39, 0x8b, 0x39, 0x8b, 0x62, 0x91, 
	0xb5, 0x21, 0xbd, 0x63, 0xb5, 0xa9, 0x73, 0x9b, 
	0x7b, 0x99, 0xbd, 0x27, 0xc4, 0x9f, 0xbc, 0xe1, 
	0xbc, 0xe3, 0xbd, 0x25, 0xb4, 0x63, 0x73, 0x17, 
	0x8c, 0x1d, 0xbd, 0xa9, 0xbd, 0x63, 0x5a, 0x93, 
	0x39, 0x8b, 0x39, 0xcb, 0x39, 0xcb, 0x39, 0x8b, 
	0x31, 0x89, 0x31, 0x49, 0x31, 0x49, 0x29, 0x49, 
	0x4a, 0x0f, 0x4a, 0x0f, 0x4a, 0x4f, 0x4a, 0x4f, 
	0x4a, 0x4f, 0x4a, 0x4f, 0x4a, 0x4f, 0x42, 0x0d, 
	0xa4, 0xe3, 0xc5, 0xa7, 0xcd, 0xe7, 0xcd, 0xa9, 
	0xcd, 0x63, 0xcd, 0x25, 0xc3, 0x9b, 0xc5, 0xab, 
	0xb3, 0x9b, 0xc4, 0xa1, 0xc5, 0x25, 0xc5, 0x6b, 
	0xc5, 0xe7, 0xbd, 0xa5, 0x94, 0x5b, 0x39, 0xcb, 
	0x42, 0x0d, 0x41, 0xcd, 0x41, 0xcd, 0x41, 0xcd, 
	0x42, 0x0d, 0x4a, 0x0d, 0x4a, 0x0d, 0x4a, 0x0d, 
	0x42, 0x0d, 0x4a, 0x0f, 0x52, 0x4f, 0x4a, 0x4f, 
	0x4a, 0x51, 0x4a, 0x4f, 0x4a, 0x4f, 0x4a, 0x4f, 
	0x52, 0x51, 0x9c, 0xe5, 0xc5, 0xa9, 0xc5, 0x23, 
	0xc5, 0x6b, 0xb2, 0x53, 0x80, 0x43, 0xc4, 0xa1, 
	0x88, 0x85, 0xa9, 0xcf, 0xd5, 0xed, 0xd5, 0xa5, 
	0xd6, 0x6b, 0xbd, 0xa5, 0x42, 0x0f, 0x52, 0x51, 
	0x52, 0x51, 0x52, 0x91, 0x52, 0x4f, 0x52, 0x91, 
	0x52, 0x4f, 0x52, 0x4f, 0x4a, 0x4f, 0x4a, 0x0d, 
	0x52, 0x51, 0x52, 0x91, 0x52, 0x4f, 0x52, 0x4f, 
	0x4a, 0x4f, 0x4a, 0x51, 0x52, 0x51, 0x52, 0x91, 
	0x51, 0xcd, 0xba, 0x11, 0xdd, 0xeb, 0xdd, 0xe7, 
	0xdd, 0xe9, 0xdd, 0xa5, 0xdd, 0x67, 0xd6, 0x29, 
	0xcc, 0x9f, 0xd5, 0x63, 0xd5, 0xa5, 0xcd, 0xa7, 
	0xcd, 0xa5, 0xc3, 0x97, 0x39, 0x49, 0x4a, 0x51, 
	0x52, 0x91, 0x52, 0x51, 0x52, 0x8f, 0x52, 0x91, 
	0x52, 0x91, 0x52, 0x93, 0x5a, 0x91, 0x52, 0x91, 
	0x4a, 0x4f, 0x52, 0x51, 0x52, 0x51, 0x52, 0x51, 
	0x4a, 0x4f, 0x52, 0x4f, 0x4a, 0x0f, 0x49, 0xcd, 
	0x88, 0xc7, 0xa9, 0x07, 0xc2, 0x91, 0xcc, 0xe5, 
	0xd5, 0x67, 0xd5, 0xa7, 0xd5, 0x67, 0xd5, 0x65, 
	0xcd, 0x65, 0xd4, 0x9f, 0xd4, 0x5d, 0xc3, 0xd9, 
	0xc2, 0xd3, 0x98, 0x83, 0x88, 0x43, 0x4a, 0x0d, 
	0x5a, 0x93, 0x52, 0x91, 0x52, 0x51, 0x4a, 0x51, 
	0x52, 0x51, 0x4a, 0x0f, 0x4a, 0x4f, 0x4a, 0x0f, 
	0x4a, 0x0d, 0x42, 0x0d, 0x42, 0x0d, 0x41, 0xcb, 
	0x41, 0xcb, 0x39, 0xcb, 0x39, 0x8b, 0x78, 0x83, 
	0xa1, 0x05, 0xa0, 0xc5, 0xa1, 0x49, 0xbb, 0x15, 
	0xaa, 0x11, 0x98, 0x43, 0xa2, 0xd5, 0xa2, 0xd5, 
	0x98, 0xc7, 0xa1, 0x05, 0xa8, 0xc5, 0x99, 0x09, 
	0x92, 0x11, 0x98, 0x43, 0x90, 0x01, 0x70, 0x43, 
	0x39, 0x89, 0x39, 0x8b, 0x39, 0x8b, 0x39, 0xcb, 
	0x41, 0xcd, 0x41, 0xcb, 0x41, 0xcd, 0x42, 0x0d, 
	0x41, 0xcb, 0x41, 0xcd, 0x42, 0x0d, 0x42, 0x0d, 
	0x4a, 0x4f, 0x41, 0xcd, 0x80, 0x85, 0xb1, 0x09, 
	0xb1, 0x07, 0xb1, 0x07, 0xcc, 0xa3, 0xce, 0x29, 
	0xcd, 0xeb, 0x7b, 0x9b, 0xce, 0x6f, 0xc6, 0x2f, 
	0x73, 0x59, 0xcc, 0xa3, 0xba, 0x0f, 0xcd, 0x25, 
	0xcd, 0xe9, 0xc3, 0x17, 0xa0, 0x01, 0xa8, 0x41, 
	0x68, 0x85, 0x4a, 0x0d, 0x5a, 0x93, 0x5a, 0x93, 
	0x5a, 0x93, 0x52, 0x91, 0x4a, 0x4f, 0x42, 0x0d, 
	0x31, 0x49, 0x31, 0x89, 0x31, 0x49, 0x31, 0x49, 
	0x31, 0x07, 0x78, 0x83, 0x98, 0xc5, 0x91, 0x07, 
	0x98, 0xc7, 0x91, 0x05, 0xb3, 0x99, 0xb5, 0x23, 
	0x94, 0x5f, 0x62, 0xd5, 0xbd, 0x65, 0xad, 0x23, 
	0x8c, 0x1b, 0xb5, 0x25, 0xb3, 0xdf, 0xaa, 0x95, 
	0xac, 0xa1, 0xb4, 0x1d, 0x90, 0xc7, 0x88, 0x45, 
	0x90, 0x41, 0x58, 0x85, 0x31, 0x49, 0x31, 0x49, 
	0x29, 0x49, 0x29, 0x49, 0x29, 0x49, 0x31, 0x49, 
	0x41, 0xcd, 0x42, 0x0d, 0x42, 0x0d, 0x39, 0xcb, 
	0x78, 0xc3, 0xb1, 0x09, 0xa8, 0xc5, 0xa9, 0x49, 
	0xa9, 0x07, 0xa9, 0x49, 0xa1, 0x07, 0x6a, 0x95, 
	0x4a, 0x4f, 0x41, 0xcd, 0x73, 0x57, 0x7b, 0x97, 
	0x6b, 0x15, 0xbd, 0xa7, 0xa4, 0x1d, 0x98, 0x43, 
	0xaa, 0x0f, 0xb2, 0x11, 0xa9, 0x05, 0xa8, 0xc3, 
	0xa0, 0xc7, 0xa0, 0x81, 0x68, 0x85, 0x39, 0xcb, 
	0x41, 0xcb, 0x39, 0x8b, 0x39, 0xcb, 0x39, 0xcb, 
	0x42, 0x0d, 0x4a, 0x0d, 0x41, 0xcd, 0x41, 0xcb, 
	0x39, 0x05, 0x98, 0xc7, 0xa9, 0x4b, 0xa9, 0x09, 
	0xa9, 0x07, 0xa0, 0xc7, 0x58, 0xc7, 0x31, 0x8b, 
	0x42, 0x0d, 0x41, 0xcd, 0x41, 0xcd, 0x41, 0xcd, 
	0x41, 0xcb, 0x5a, 0x91, 0x4a, 0x0d, 0x39, 0x49, 
	0x58, 0x41, 0x98, 0xc5, 0xa1, 0x05, 0xa0, 0xc3, 
	0xa9, 0x07, 0xa1, 0x05, 0x70, 0x41, 0x39, 0xcd, 
	0x41, 0xcd, 0x42, 0x0d, 0x41, 0xcd, 0x42, 0x0d, 
	0x4a, 0x4f, 0x4a, 0x0f, 0x4a, 0x0f, 0x42, 0x0d, 
	0x42, 0x0d, 0x41, 0x07, 0x98, 0x85, 0xb1, 0x4b, 
	0xa9, 0x09, 0x60, 0xc7, 0x39, 0x8b, 0x41, 0xcd, 
	0x41, 0xcb, 0x39, 0xcb, 0x39, 0xcb, 0x41, 0xcb, 
	0x42, 0x0d, 0x41, 0xcb, 0x41, 0xcb, 0x39, 0xcd, 
	0x39, 0x49, 0x60, 0x41, 0xa0, 0x85, 0xa9, 0x4b, 
	0xa9, 0x09, 0x68, 0x41, 0x41, 0xcd, 0x4a, 0x4f, 
	0x4a, 0x4f, 0x4a, 0x51, 0x4a, 0x0f, 0x4a, 0x0f, 
	0x41, 0xcb, 0x42, 0x0d, 0x42, 0x0d, 0x4a, 0x0d, 
	0x42, 0x0d, 0x42, 0x0d, 0x39, 0x89, 0x70, 0x85, 
	0x50, 0xc5, 0x39, 0xcd, 0x41, 0xcd, 0x41, 0xcd, 
	0x41, 0xcd, 0x42, 0x0d, 0x4a, 0x0f, 0x4a, 0x0f, 
	0x4a, 0x4f, 0x52, 0x4f, 0x4a, 0x4f, 0x4a, 0x0d, 
	0x4a, 0x0f, 0x41, 0x8b, 0x68, 0x41, 0xa0, 0x43, 
	0x48, 0x85, 0x39, 0xcd, 0x39, 0xcb, 0x31, 0x89, 
	0x31, 0x89, 0x39, 0x8b, 0x41, 0xcb, 0x41, 0xcd, 
	0x39, 0x89, 0x31, 0x8b, 0x39, 0xcb, 0x41, 0xcd, 
	0x41, 0xcb, 0x41, 0xcb, 0x41, 0xcd, 0x31, 0x49, 
	0x31, 0x8b, 0x41, 0xcd, 0x39, 0xcb, 0x39, 0x8b, 
	0x39, 0x8b, 0x41, 0xcb, 0x41, 0xcb, 0x41, 0xcb, 
	0x41, 0xcd, 0x41, 0xcd, 0x41, 0xcd, 0x41, 0xcd, 
	0x41, 0xcd, 0x41, 0xcd, 0x39, 0x07, 0x30, 0xc5, 
	0x41, 0xcb, 0x41, 0xcd, 0x42, 0x0d, 0x42, 0x0d, 
	0x41, 0xcb, 0x39, 0xcb, 0x39, 0x8b, 0x39, 0x89, 
	0x41, 0xcb, 0x41, 0xcd, 0x39, 0x8b, 0x39, 0x8b, 
	0x39, 0x8b, 0x31, 0x8b, 0x39, 0x8b, 0x39, 0x8b, 
	0x39, 0x8b, 0x39, 0x89, 0x29, 0x49, 0x29, 0x49, 
	0x31, 0x49, 0x31, 0x49, 0x29, 0x49, 0x29, 0x47, 
	0x29, 0x47, 0x29, 0x49, 0x31, 0x49, 0x31, 0x89, 
	0x39, 0x8b, 0x39, 0xcb, 0x39, 0xcb, 0x41, 0xcd, 
	0x42, 0x0d, 0x42, 0x0d, 0x41, 0xcd, 0x41, 0xcd, 
	0x41, 0xcd, 0x41, 0xcd, 0x39, 0xcb, 0x39, 0xcb, 
	0x39, 0x8b, 0x39, 0x8b, 0x39, 0xcb, 0x41, 0xcb, 
	0x41, 0xcb, 0x4a, 0x0d, 0x4a, 0x0d, 0x4a, 0x0d, 
	0x4a, 0x4f, 0x4a, 0x4f, 0x4a, 0x0f, 0x4a, 0x0d, 
	0x4a, 0x4f, 0x4a, 0x4d, 0x52, 0x4f, 0x4a, 0x4f, 
	0x4a, 0x4f, 0x4a, 0x4f, 0x52, 0x4f, 0x4a, 0x0d, 
	0x42, 0x0d, 0x41, 0xcd, 0x41, 0xcb, 0x41, 0xcd, 
	0x41, 0xcd, 0x42, 0x0d, 0x4a, 0x0d, 0x42, 0x0d, 
	0x4a, 0x4d, 0x4a, 0x0f, 0x42, 0x0d, 0x41, 0xcb, 
	0x31, 0x49, 0x39, 0x89, 0x39, 0x89, 0x31, 0x89, 
	0x39, 0x8b, 0x39, 0x8b, 0x39, 0x8b, 0x39, 0x8b, 
	0x39, 0x89, 0x39, 0x8b, 0x39, 0x8b, 0x39, 0x8b, 
	0x31, 0x89, 0x31, 0x89, 0x39, 0x8b, 0x31, 0x49, 
	0x31, 0x49, 0x31, 0x49, 0x31, 0x49, 0x39, 0x89, 
	0x39, 0x8b, 0x39, 0x8b, 0x41, 0xcb, 0x39, 0x8b, 
	0x31, 0x89, 0x39, 0x89, 0x31, 0x89, 0x31, 0x49, 
	0x31, 0x49, 0x31, 0x49, 0x31, 0x49, 0x31, 0x49, 
	
};

Gfx lll_dl_SUPER_MARIO_64_6AA1BE26_0_2_all_rgba16_aligner[] = {gsSPEndDisplayList()};
u8 lll_dl_SUPER_MARIO_64_6AA1BE26_0_2_all_rgba16[] = {
	0x53, 0x15, 0x4a, 0x57, 0x6a, 0xd9, 0x5a, 0x99, 
	0x63, 0x1b, 0x6b, 0x99, 0x6b, 0x19, 0x7b, 0xdd, 
	0x7b, 0x5b, 0x83, 0x9b, 0x63, 0x17, 0x6b, 0x9d, 
	0x8c, 0x21, 0x73, 0x9d, 0x83, 0xdf, 0x7b, 0x9b, 
	0xef, 0x75, 0xdf, 0x37, 0xe6, 0xb7, 0xd6, 0xb5, 
	0xd6, 0xf5, 0xe7, 0xb7, 0xe6, 0xfb, 0xe6, 0xfb, 
	0xee, 0xf5, 0xf7, 0x39, 0xef, 0xfb, 0xef, 0xf9, 
	0xe7, 0x77, 0xdf, 0xbd, 0xd7, 0x37, 0xdf, 0x3b, 
	0x52, 0xd7, 0x5a, 0xd5, 0x62, 0x97, 0x63, 0x57, 
	0x63, 0x57, 0x5a, 0xd9, 0x6b, 0x5d, 0x73, 0x9b, 
	0x73, 0x9d, 0x83, 0xdb, 0x7b, 0x5d, 0x6b, 0x59, 
	0x83, 0x9b, 0x74, 0x1b, 0x7c, 0x1f, 0x7b, 0x19, 
	0xe7, 0x3d, 0xef, 0xbb, 0xe7, 0x3b, 0xd6, 0xb7, 
	0xd6, 0xf7, 0xef, 0x77, 0xf7, 0xfd, 0xe7, 0x79, 
	0xef, 0x3f, 0xff, 0xfb, 0xef, 0x3d, 0xef, 0x39, 
	0xde, 0xf9, 0xdf, 0x35, 0xe7, 0x3b, 0xde, 0xb9, 
	0x63, 0x19, 0x52, 0xd3, 0x5b, 0x17, 0x63, 0x59, 
	0x6b, 0x1b, 0x63, 0x57, 0x7b, 0x9d, 0x73, 0x5f, 
	0x6b, 0x9d, 0x84, 0x21, 0x83, 0xdd, 0x7b, 0x5d, 
	0x6b, 0x57, 0x73, 0x5d, 0x7b, 0xdd, 0x6b, 0x59, 
	0xe7, 0x3b, 0xef, 0x7d, 0xff, 0x7d, 0xe7, 0x7b, 
	0xdf, 0x7b, 0xe7, 0x3b, 0xef, 0x7d, 0xf7, 0xfb, 
	0xf7, 0xff, 0xff, 0xbb, 0xef, 0xfd, 0xf7, 0x39, 
	0xdf, 0x35, 0xe6, 0xf9, 0xdf, 0x35, 0xef, 0x3b, 
	0x53, 0x15, 0x52, 0x95, 0x5a, 0x97, 0x53, 0x59, 
	0x5b, 0x19, 0x73, 0x9b, 0x7b, 0x59, 0x6b, 0x9f, 
	0x74, 0x1d, 0x8b, 0xdd, 0x8b, 0xdf, 0x73, 0x9d, 
	0x74, 0x1d, 0x6b, 0xd9, 0x8b, 0xdf, 0x6b, 0xdd, 
	0xef, 0xfd, 0xe7, 0x77, 0xf7, 0x7d, 0xf7, 0x7d, 
	0xe7, 0x79, 0xef, 0xb9, 0xff, 0xbf, 0xff, 0xfb, 
	0xef, 0xfb, 0xf7, 0xfb, 0xff, 0xbb, 0xff, 0xbb, 
	0xe7, 0xbb, 0xd7, 0x73, 0xd6, 0xb7, 0xe6, 0xb3, 
	0x4b, 0x17, 0x53, 0x15, 0x52, 0xd9, 0x5b, 0x57, 
	0x63, 0x15, 0x5b, 0x19, 0x73, 0x9d, 0x63, 0x1d, 
	0x73, 0x5d, 0x7b, 0xdb, 0x7c, 0x23, 0x8c, 0x5d, 
	0x73, 0x9d, 0x6b, 0x9d, 0x7b, 0xd9, 0x7b, 0x9b, 
	0xef, 0x7f, 0xef, 0xbb, 0xef, 0x35, 0xe6, 0xf9, 
	0xef, 0xb9, 0xf7, 0x7b, 0xf7, 0x7b, 0xf7, 0xfd, 
	0xef, 0x3d, 0xff, 0xb9, 0xef, 0xfb, 0xff, 0xbf, 
	0xef, 0x79, 0xe7, 0x7b, 0xce, 0x35, 0xde, 0xf5, 
	0x5b, 0x5b, 0x62, 0xd5, 0x6b, 0x15, 0x5b, 0x59, 
	0x72, 0xd7, 0x6b, 0x57, 0x5a, 0xdb, 0x73, 0xd9, 
	0x7b, 0x9f, 0x73, 0x5f, 0x8b, 0xdd, 0x7b, 0xdd, 
	0x7b, 0xd9, 0x6b, 0x9f, 0x6b, 0xdb, 0x6b, 0x1d, 
	0xe7, 0x7b, 0xe7, 0x79, 0xef, 0x77, 0xde, 0x73, 
	0xdf, 0x73, 0xee, 0xf9, 0xe6, 0xfb, 0xef, 0x77, 
	0xe7, 0x7b, 0xff, 0xf7, 0xf7, 0x79, 0xff, 0xbd, 
	0xf7, 0x7d, 0xde, 0xf3, 0xd7, 0x33, 0xde, 0x73, 
	0x6b, 0x1b, 0x53, 0x17, 0x62, 0x99, 0x62, 0x99, 
	0x53, 0x17, 0x6b, 0x19, 0x5b, 0x13, 0x6b, 0x17, 
	0x6b, 0x9d, 0x7b, 0x5b, 0x73, 0x5d, 0x7c, 0x1d, 
	0x73, 0xdf, 0x7b, 0x5d, 0x73, 0x5f, 0x63, 0x9b, 
	0xef, 0xff, 0xff, 0xfb, 0xef, 0xbf, 0xe7, 0x75, 
	0xde, 0xf5, 0xef, 0x37, 0xef, 0xb9, 0xff, 0x7b, 
	0xff, 0xff, 0xff, 0xfd, 0xff, 0xfd, 0xef, 0x7f, 
	0xef, 0xbd, 0xf7, 0x7b, 0xef, 0x7b, 0xde, 0xf7, 
	0x6a, 0xd9, 0x4a, 0x99, 0x6b, 0x57, 0x52, 0xd7, 
	0x5b, 0x15, 0x53, 0x17, 0x5b, 0x13, 0x52, 0x93, 
	0x62, 0x59, 0x62, 0xd7, 0x6b, 0x19, 0x73, 0x17, 
	0x73, 0x17, 0x6a, 0xd5, 0x62, 0xdb, 0x7b, 0x5d, 
	0xff, 0xbd, 0xff, 0xbf, 0xf7, 0xbd, 0xe7, 0xbd, 
	0xe7, 0x39, 0xf7, 0xbb, 0xff, 0x7b, 0xf7, 0xb9, 
	0xf7, 0xbb, 0xf7, 0xfd, 0xff, 0xbb, 0xef, 0x39, 
	0xf7, 0xbb, 0xef, 0x7b, 0xef, 0xb7, 0xf7, 0x79, 
	0x73, 0x59, 0x63, 0x59, 0x63, 0x15, 0x52, 0x95, 
	0x4b, 0x17, 0x5a, 0x93, 0x52, 0xd3, 0x62, 0x93, 
	0x6a, 0x97, 0x63, 0x57, 0x6b, 0x19, 0x52, 0xd5, 
	0x6a, 0xd7, 0x5b, 0x57, 0x6b, 0x15, 0x73, 0x1d, 
	0xef, 0xbd, 0xff, 0x3d, 0xff, 0x7b, 0xf7, 0xf9, 
	0xdf, 0x3b, 0xff, 0xb9, 0xf7, 0x39, 0xef, 0x7f, 
	0xff, 0xbf, 0xff, 0xfd, 0xf7, 0xfd, 0xff, 0xfb, 
	0xef, 0xf7, 0xe7, 0x39, 0xef, 0xb9, 0xf7, 0x77, 
	0x7b, 0x5d, 0x5b, 0x5b, 0x5a, 0xd5, 0x6b, 0x99, 
	0x6b, 0x55, 0x63, 0x15, 0x6b, 0x57, 0x4a, 0xd5, 
	0x5b, 0x17, 0x4b, 0x17, 0x5a, 0x95, 0x52, 0x97, 
	0x5a, 0x99, 0x63, 0x19, 0x62, 0x99, 0x5a, 0xd7, 
	0xe7, 0x77, 0xef, 0x35, 0xf7, 0x39, 0xf7, 0x39, 
	0xe7, 0x77, 0xef, 0x3d, 0xef, 0x79, 0xef, 0xbb, 
	0xef, 0xbf, 0xef, 0xff, 0xff, 0xfd, 0xef, 0x79, 
	0xef, 0xbb, 0xf7, 0x77, 0xee, 0xfb, 0xf7, 0xff, 
	0x6b, 0xd9, 0x5b, 0x5b, 0x62, 0xd5, 0x63, 0x19, 
	0x53, 0x55, 0x62, 0x99, 0x6b, 0x99, 0x6a, 0x95, 
	0x62, 0x99, 0x5a, 0x97, 0x5a, 0xd9, 0x5a, 0xd7, 
	0x5b, 0x17, 0x63, 0x55, 0x53, 0x57, 0x5b, 0x5b, 
	0xdf, 0x79, 0xee, 0xf5, 0xe6, 0xf9, 0xdf, 0x39, 
	0xf7, 0x7d, 0xf7, 0xbb, 0xf7, 0xfb, 0xf7, 0xbd, 
	0xf7, 0x79, 0xf7, 0xbf, 0xff, 0xfd, 0xf7, 0xff, 
	0xf7, 0x79, 0xdf, 0x37, 0xe7, 0x77, 0xef, 0xbf, 
	0x5b, 0x19, 0x6b, 0x97, 0x5a, 0xd7, 0x52, 0x99, 
	0x5a, 0xd7, 0x5a, 0xd9, 0x52, 0xd7, 0x5b, 0x15, 
	0x5a, 0x9b, 0x4b, 0x19, 0x5b, 0x5b, 0x6b, 0x5b, 
	0x72, 0xd7, 0x53, 0x19, 0x6b, 0x15, 0x5a, 0xd7, 
	0xe7, 0x77, 0xe6, 0xb3, 0xde, 0xb3, 0xce, 0xb5, 
	0xe6, 0xf7, 0xee, 0xf5, 0xef, 0x7d, 0xe7, 0x79, 
	0xf7, 0xbb, 0xff, 0xbd, 0xef, 0xbf, 0xff, 0xff, 
	0xf7, 0xf9, 0xde, 0xf9, 0xf7, 0x3b, 0xf7, 0xb9, 
	0x62, 0xdb, 0x5b, 0x99, 0x5b, 0x59, 0x5a, 0xd3, 
	0x5a, 0xd7, 0x62, 0xd9, 0x5b, 0x15, 0x62, 0x95, 
	0x62, 0x95, 0x5a, 0xdb, 0x6a, 0xd9, 0x6b, 0x5b, 
	0x62, 0x99, 0x5a, 0xdb, 0x6b, 0x55, 0x73, 0x9d, 
	0xe6, 0xfb, 0xdf, 0x37, 0xdf, 0xb9, 0xdf, 0x79, 
	0xf7, 0x3b, 0xf7, 0x77, 0xe6, 0xf9, 0xe7, 0x77, 
	0xd6, 0xb9, 0xff, 0x77, 0xf7, 0xbd, 0xf7, 0xff, 
	0xe7, 0xbd, 0xe7, 0x39, 0xe7, 0x39, 0xef, 0x79, 
	0x6b, 0x99, 0x5b, 0x5b, 0x6b, 0x17, 0x52, 0x93, 
	0x5a, 0x95, 0x52, 0x99, 0x5a, 0xdb, 0x62, 0xd9, 
	0x5a, 0xd9, 0x62, 0xdb, 0x62, 0x97, 0x5a, 0xd7, 
	0x5b, 0x15, 0x5a, 0x95, 0x5b, 0x59, 0x6b, 0x59, 
	0xef, 0xbb, 0xff, 0x7d, 0xef, 0x7b, 0xef, 0x39, 
	0xef, 0xb9, 0xef, 0x7b, 0xe7, 0x3d, 0xf7, 0x77, 
	0xef, 0x77, 0xf7, 0xf9, 0xff, 0xfd, 0xff, 0xb9, 
	0xf7, 0x7f, 0xef, 0x7d, 0xde, 0xbb, 0xd6, 0xf5, 
	0x73, 0x1d, 0x6b, 0x97, 0x6b, 0x15, 0x63, 0x5b, 
	0x52, 0xd9, 0x5a, 0xd5, 0x62, 0xdb, 0x62, 0xd9, 
	0x6b, 0x17, 0x62, 0xd7, 0x63, 0x9b, 0x63, 0x57, 
	0x62, 0xd5, 0x62, 0x99, 0x6b, 0x17, 0x6b, 0x1b, 
	0xee, 0xb9, 0xe6, 0xf7, 0xd6, 0xf7, 0xe6, 0x73, 
	0xe6, 0x77, 0xdf, 0xb7, 0xe7, 0x77, 0xf7, 0xb9, 
	0xf6, 0xf9, 0xee, 0xf7, 0xe7, 0x79, 0xf7, 0x39, 
	0xf7, 0x3b, 0xff, 0x37, 0xf7, 0x77, 0xef, 0x35, 
	0x6b, 0xdb, 0x5b, 0x57, 0x63, 0x15, 0x73, 0x57, 
	0x6a, 0x95, 0x5b, 0x55, 0x6b, 0x5b, 0x62, 0x95, 
	0x72, 0xd9, 0x63, 0x57, 0x62, 0xdb, 0x6a, 0xd9, 
	0x53, 0x57, 0x62, 0x99, 0x5a, 0x95, 0x5a, 0x93, 
	0xce, 0x6f, 0xce, 0xb5, 0xc6, 0xb3, 0xde, 0xb5, 
	0xc6, 0x73, 0xe6, 0xb5, 0xef, 0x39, 0xff, 0xbb, 
	0xf7, 0x39, 0xd7, 0x3b, 0xdf, 0x39, 0xff, 0x39, 
	0xe7, 0x3b, 0xef, 0xbb, 0xdf, 0x39, 0xe7, 0x39, 
	0xde, 0xb9, 0xce, 0xf5, 0xdf, 0x7b, 0xe7, 0x7b, 
	0xf7, 0x39, 0xee, 0xf9, 0xe7, 0x39, 0xdf, 0x79, 
	0xe6, 0xf7, 0xdf, 0x37, 0xde, 0xf7, 0xe7, 0x7b, 
	0xdf, 0x79, 0xee, 0xf5, 0xce, 0xf5, 0xce, 0xb3, 
	0x53, 0x17, 0x5a, 0xd3, 0x5a, 0x59, 0x5a, 0x97, 
	0x4a, 0xd5, 0x6b, 0x19, 0x6a, 0xd5, 0x63, 0x17, 
	0x63, 0x19, 0x6b, 0x17, 0x63, 0x57, 0x63, 0xdd, 
	0x63, 0x99, 0x63, 0x99, 0x63, 0x97, 0x5a, 0x97, 
	0xd7, 0x39, 0xce, 0xb5, 0xdf, 0x39, 0xdf, 0x7b, 
	0xef, 0xb9, 0xef, 0x79, 0xef, 0x7f, 0xf6, 0xf9, 
	0xe7, 0x35, 0xe7, 0x75, 0xde, 0xf7, 0xee, 0xf7, 
	0xee, 0xf7, 0xcf, 0x31, 0xde, 0xf7, 0xce, 0xf1, 
	0x4a, 0xd7, 0x63, 0x13, 0x62, 0x53, 0x53, 0x55, 
	0x63, 0x57, 0x6a, 0xd7, 0x63, 0x19, 0x6b, 0x59, 
	0x73, 0x99, 0x72, 0xdb, 0x5a, 0xd5, 0x63, 0x19, 
	0x73, 0x5b, 0x62, 0xdb, 0x6b, 0x5b, 0x63, 0x97, 
	0xdf, 0x35, 0xe6, 0xf5, 0xe7, 0xbb, 0xee, 0xf9, 
	0xe7, 0x79, 0xe7, 0x7f, 0xe7, 0xbd, 0xef, 0x79, 
	0xde, 0xf9, 0xe6, 0xf5, 0xe7, 0x35, 0xe6, 0xfb, 
	0xff, 0xb7, 0xef, 0x3b, 0xd6, 0xb9, 0xce, 0xf3, 
	0x52, 0xd5, 0x52, 0x97, 0x5b, 0x13, 0x5a, 0x97, 
	0x52, 0x97, 0x62, 0xdb, 0x6a, 0x99, 0x53, 0x55, 
	0x6b, 0x1b, 0x6b, 0x5b, 0x72, 0xd5, 0x52, 0xd7, 
	0x53, 0x15, 0x6b, 0x57, 0x5a, 0x95, 0x6b, 0xd7, 
	0xce, 0xb5, 0xe6, 0x79, 0xe7, 0x79, 0xe7, 0x3d, 
	0xf7, 0xf9, 0xef, 0xfd, 0xef, 0x3b, 0xe7, 0x7d, 
	0xd6, 0xf7, 0xe6, 0xb3, 0xce, 0xf7, 0xce, 0xb3, 
	0xee, 0xf5, 0xdf, 0x79, 0xe6, 0xf5, 0xe6, 0xf3, 
	0x53, 0x59, 0x63, 0x17, 0x53, 0x59, 0x5a, 0xd9, 
	0x4a, 0xd5, 0x5b, 0x13, 0x63, 0x13, 0x53, 0x15, 
	0x63, 0x59, 0x6b, 0x17, 0x6b, 0xd7, 0x62, 0xd7, 
	0x52, 0xd9, 0x52, 0xd9, 0x5a, 0xd5, 0x6b, 0x5b, 
	0xce, 0x75, 0xd6, 0xb9, 0xe7, 0x39, 0xde, 0xf7, 
	0xe7, 0xbb, 0xf7, 0xfd, 0xef, 0xfd, 0xe7, 0x39, 
	0xd6, 0xf7, 0xdf, 0x39, 0xe6, 0x31, 0xd6, 0xb3, 
	0xce, 0x75, 0xd7, 0x33, 0xe6, 0xf9, 0xce, 0x71, 
	0x63, 0x53, 0x62, 0xd5, 0x6a, 0xd7, 0x6a, 0xdb, 
	0x6a, 0xd9, 0x5a, 0x97, 0x6a, 0xd9, 0x53, 0x17, 
	0x6b, 0x57, 0x63, 0x1b, 0x73, 0x97, 0x63, 0x97, 
	0x5b, 0x55, 0x5b, 0x17, 0x5a, 0xd9, 0x63, 0x57, 
	0xd6, 0xb5, 0xee, 0xb9, 0xee, 0xf7, 0xe7, 0x3b, 
	0xf6, 0xfb, 0xef, 0xbd, 0xf7, 0xfb, 0xff, 0xbf, 
	0xef, 0xff, 0xee, 0xf9, 0xd6, 0xf5, 0xde, 0xb5, 
	0xce, 0x33, 0xe6, 0xf3, 0xde, 0x75, 0xc6, 0x73, 
	0x52, 0xd9, 0x63, 0x17, 0x62, 0x95, 0x5b, 0x1b, 
	0x63, 0x55, 0x6b, 0x59, 0x5b, 0x5b, 0x63, 0x19, 
	0x53, 0x15, 0x63, 0x19, 0x73, 0x5b, 0x63, 0xdd, 
	0x6b, 0x19, 0x63, 0x19, 0x6b, 0x15, 0x62, 0xd7, 
	0xdf, 0x37, 0xee, 0xb3, 0xe7, 0x3b, 0xe7, 0x3b, 
	0xf7, 0x3b, 0xf7, 0x7d, 0xef, 0xbd, 0xff, 0x3b, 
	0xff, 0xbf, 0xef, 0xb9, 0xe6, 0xb7, 0xde, 0x77, 
	0xce, 0x71, 0xd6, 0x71, 0xe6, 0x73, 0xd6, 0xb3, 
	0x62, 0x95, 0x52, 0x97, 0x62, 0x99, 0x6b, 0x15, 
	0x73, 0x9b, 0x6b, 0x57, 0x63, 0x19, 0x5a, 0xd9, 
	0x5b, 0x99, 0x63, 0x17, 0x73, 0xdb, 0x73, 0xdd, 
	0x83, 0xd9, 0x73, 0xdd, 0x7b, 0xd9, 0x73, 0x5b, 
	0xf7, 0xbd, 0xf7, 0xbb, 0xff, 0xbd, 0xdf, 0x7b, 
	0xff, 0xbd, 0xef, 0x3b, 0xff, 0x7f, 0xf7, 0xbd, 
	0xff, 0xff, 0xef, 0x7f, 0xef, 0x39, 0xd7, 0x77, 
	0xe7, 0x33, 0xde, 0xb5, 0xe7, 0x35, 0xd7, 0x35, 
	0x5a, 0x57, 0x52, 0x59, 0x6b, 0x5b, 0x6b, 0x17, 
	0x62, 0xd7, 0x62, 0xd9, 0x6b, 0x1b, 0x63, 0x1b, 
	0x6b, 0x1d, 0x6b, 0x1b, 0x74, 0x21, 0x7b, 0x5f, 
	0x7c, 0x5f, 0x83, 0x5d, 0x83, 0x5f, 0x73, 0x5f, 
	0xff, 0xbf, 0xef, 0x7d, 0xff, 0xfd, 0xff, 0x7b, 
	0xff, 0x7b, 0xe7, 0x7b, 0xff, 0xbb, 0xef, 0xfb, 
	0xf7, 0xbf, 0xef, 0xbf, 0xef, 0xf9, 0xf7, 0x79, 
	0xde, 0xf9, 0xd6, 0xf3, 0xcf, 0x37, 0xdf, 0x35, 
	0x62, 0xd5, 0x52, 0xd7, 0x63, 0x57, 0x72, 0xd9, 
	0x73, 0x1b, 0x73, 0x17, 0x63, 0x17, 0x73, 0x99, 
	0x62, 0xd9, 0x62, 0xdd, 0x7b, 0x5f, 0x8b, 0xe1, 
	0x74, 0x5b, 0x73, 0xdd, 0x73, 0x9f, 0x7b, 0x9d, 
	0xf7, 0xbf, 0xf7, 0xfb, 0xf7, 0x7b, 0xf7, 0x7d, 
	0xe7, 0xb9, 0xe7, 0xbb, 0xef, 0xbb, 0xf7, 0xbd, 
	0xf7, 0xbd, 0xef, 0x3f, 0xff, 0xbb, 0xef, 0xbd, 
	0xe6, 0xfb, 0xd6, 0xf5, 0xde, 0x75, 0xd6, 0x75, 
	0x6b, 0x59, 0x52, 0x93, 0x52, 0xd7, 0x63, 0x19, 
	0x73, 0x5d, 0x7b, 0x5f, 0x7b, 0xdb, 0x73, 0x99, 
	0x62, 0xd9, 0x63, 0x19, 0x63, 0x9d, 0x73, 0xe1, 
	0x8b, 0xdf, 0x8c, 0x21, 0x73, 0x9d, 0x73, 0x1d, 
	0xf7, 0x7d, 0xff, 0x7d, 0xff, 0xfb, 0xe7, 0xbd, 
	0xff, 0x7d, 0xe7, 0xbd, 0xef, 0x3b, 0xef, 0xb9, 
	0xff, 0xff, 0xe7, 0xbb, 0xff, 0xb9, 0xf7, 0x7d, 
	0xef, 0x79, 0xe7, 0x7b, 0xe7, 0x39, 0xdf, 0x37, 
	0x53, 0x19, 0x52, 0xd7, 0x52, 0xd7, 0x4a, 0x59, 
	0x73, 0x17, 0x6b, 0x19, 0x84, 0x1d, 0x74, 0x1d, 
	0x74, 0x19, 0x73, 0x1b, 0x6b, 0x5d, 0x6b, 0x1d, 
	0x73, 0x9b, 0x7b, 0x9b, 0x73, 0x9b, 0x6b, 0x19, 
	0xef, 0x7d, 0xdf, 0x79, 0xe7, 0x79, 0xde, 0xf7, 
	0xff, 0xfd, 0xff, 0x7d, 0xe7, 0x39, 0xef, 0xfd, 
	0xff, 0xbd, 0xf7, 0xfb, 0xff, 0xfb, 0xff, 0xbf, 
	0xff, 0x7d, 0xff, 0x79, 0xde, 0xf7, 0xde, 0xb3, 
	0x4a, 0xd3, 0x53, 0x13, 0x52, 0xd9, 0x42, 0x55, 
	0x5a, 0x97, 0x5a, 0x95, 0x83, 0x9b, 0x8b, 0xdf, 
	0x74, 0x1d, 0x7c, 0x1b, 0x6b, 0x99, 0x6b, 0x5b, 
	0x73, 0x5b, 0x5b, 0x5b, 0x63, 0x57, 0x73, 0x99, 
	0xff, 0xbf, 0xef, 0x37, 0xff, 0x7b, 0xf7, 0xbd, 
	0xff, 0xfd, 0xff, 0x3d, 0xff, 0xf9, 0xff, 0x7d, 
	0xf7, 0x7d, 0xef, 0x7b, 0xef, 0xfb, 0xf7, 0x7b, 
	0xf7, 0xbb, 0xef, 0xf9, 0xff, 0xbb, 0xdf, 0x79, 
	0x62, 0xd5, 0x62, 0x97, 0x5a, 0x93, 0x52, 0x95, 
	0x52, 0xd3, 0x5a, 0xd7, 0x6a, 0xd9, 0x7b, 0xdd, 
	0x8c, 0x63, 0x7c, 0x1b, 0x84, 0x1f, 0x73, 0xd9, 
	0x6a, 0xd7, 0x73, 0x9d, 0x73, 0x9d, 0x6b, 0x1d, 
	0xee, 0xb5, 0xde, 0xb7, 0xee, 0xf9, 0xef, 0xf9, 
	0xf7, 0x79, 0xf7, 0x7b, 0xff, 0xbf, 0xff, 0x3d, 
	0xff, 0xbf, 0xff, 0xbb, 0xf7, 0x7b, 0xe7, 0x79, 
	0xf7, 0xb9, 0xf7, 0xb7, 0xef, 0x77, 0xef, 0xbb, 
	0x63, 0x15, 0x63, 0x57, 0x63, 0x5b, 0x5a, 0xd9, 
	0x5a, 0xd7, 0x6a, 0xd5, 0x63, 0x19, 0x63, 0x17, 
	0x7b, 0xe1, 0x8c, 0x63, 0x7c, 0x5d, 0x84, 0x21, 
	0x8c, 0x1f, 0x7b, 0x9d, 0x73, 0x5b, 0x62, 0xd7, 
	0xe6, 0xf7, 0xe7, 0x39, 0xee, 0xf7, 0xde, 0xf5, 
	0xef, 0x3b, 0xf7, 0x39, 0xef, 0x79, 0xef, 0xbb, 
	0xff, 0xbd, 0xef, 0xbf, 0xf7, 0xbb, 0xf7, 0xbf, 
	0xf7, 0xbf, 0xef, 0x7b, 0xef, 0x7b, 0xef, 0x39, 
	0x73, 0x9b, 0x63, 0x17, 0x62, 0xd7, 0x62, 0xd5, 
	0x6b, 0x19, 0x63, 0x17, 0x5b, 0x17, 0x6b, 0x19, 
	0x73, 0x1b, 0x7b, 0x9d, 0x73, 0x59, 0x73, 0xa1, 
	0x7c, 0x1d, 0x7c, 0x1d, 0x73, 0x1b, 0x63, 0x15, 
	0xde, 0xb3, 0xd6, 0xf5, 0xdf, 0x3b, 0xe7, 0x3d, 
	0xe6, 0xf7, 0xe7, 0x79, 0xf7, 0xbd, 0xef, 0xfb, 
	0xef, 0x7d, 0xef, 0xfb, 0xf7, 0xff, 0xff, 0xbf, 
	0xff, 0x7f, 0xef, 0xfb, 0xe7, 0xbb, 0xff, 0x7d, 
	0x6b, 0xd7, 0x73, 0x57, 0x6b, 0x17, 0x73, 0x1b, 
	0x63, 0x17, 0x62, 0x99, 0x5a, 0x53, 0x6b, 0x19, 
	0x5b, 0x59, 0x7b, 0xd9, 0x6b, 0xd9, 0x83, 0x9b, 
	0x73, 0xdf, 0x6b, 0x5d, 0x63, 0x5b, 0x5a, 0xd7, 
	
};

Gfx lll_dl_tex1_128x128_f97a49bad09c112d_14_ci8_aligner[] = {gsSPEndDisplayList()};
u8 lll_dl_tex1_128x128_f97a49bad09c112d_14_ci8[] = {
	0x00, 0x01, 0x02, 0x01, 0x02, 0x01, 0x03, 0x01, 
	0x04, 0x01, 0x05, 0x02, 0x01, 0x02, 0x01, 0x01, 
	0x00, 0x01, 0x01, 0x06, 0x00, 0x07, 0x08, 0x04, 
	0x01, 0x01, 0x01, 0x01, 0x01, 0x02, 0x01, 0x01, 
	0x01, 0x01, 0x01, 0x01, 0x09, 0x0a, 0x09, 0x05, 
	0x01, 0x0a, 0x0b, 0x01, 0x02, 0x0a, 0x0b, 0x02, 
	0x01, 0x01, 0x01, 0x04, 0x07, 0x0c, 0x0d, 0x00, 
	0x01, 0x01, 0x01, 0x01, 0x02, 0x0a, 0x0b, 0x01, 
	0x01, 0x01, 0x02, 0x01, 0x01, 0x01, 0x01, 0x01, 
	0x01, 0x0a, 0x0a, 0x0b, 0x0b, 0x0a, 0x0d, 0x0c, 
	0x01, 0x01, 0x01, 0x0a, 0x01, 0x02, 0x01, 0x01, 
	0x0a, 0x0e, 0x09, 0x03, 0x0a, 0x03, 0x00, 0x0c, 
	0x06, 0x01, 0x01, 0x04, 0x0a, 0x0f, 0x02, 0x01, 
	0x01, 0x0e, 0x01, 0x03, 0x0a, 0x01, 0x10, 0x0c, 
	0x06, 0x01, 0x11, 0x09, 0x12, 0x04, 0x01, 0x01, 
	0x03, 0x0a, 0x0e, 0x0a, 0x0a, 0x01, 0x10, 0x0c, 
	0x09, 0x01, 0x01, 0x04, 0x0a, 0x0e, 0x0a, 0x0a, 
	0x0a, 0x13, 0x0b, 0x01, 0x0a, 0x01, 0x00, 0x01, 
	0x09, 0x01, 0x12, 0x09, 0x01, 0x01, 0x01, 0x01, 
	0x02, 0x01, 0x0c, 0x0a, 0x0b, 0x01, 0x00, 0x01, 
	0x03, 0x09, 0x01, 0x02, 0x13, 0x0a, 0x0a, 0x0f, 
	0x13, 0x13, 0x0a, 0x0b, 0x02, 0x0b, 0x02, 0x0a, 
	0x03, 0x09, 0x09, 0x09, 0x14, 0x01, 0x12, 0x01, 
	0x01, 0x01, 0x01, 0x0a, 0x0b, 0x0b, 0x02, 0x0a, 
	0x02, 0x02, 0x02, 0x02, 0x0a, 0x0a, 0x15, 0x13, 
	0x16, 0x13, 0x0a, 0x03, 0x06, 0x01, 0x0b, 0x0b, 
	0x02, 0x02, 0x01, 0x01, 0x0d, 0x0d, 0x0b, 0x02, 
	0x06, 0x0d, 0x0d, 0x01, 0x01, 0x01, 0x0b, 0x0b, 
	0x01, 0x0b, 0x03, 0x09, 0x0a, 0x0a, 0x0e, 0x0a, 
	0x17, 0x0a, 0x0f, 0x0f, 0x0a, 0x02, 0x01, 0x01, 
	0x01, 0x0b, 0x01, 0x0c, 0x00, 0x0a, 0x17, 0x0a, 
	0x0d, 0x0d, 0x0d, 0x01, 0x02, 0x02, 0x01, 0x01, 
	0x0d, 0x01, 0x12, 0x0a, 0x09, 0x0a, 0x0a, 0x0a, 
	0x0e, 0x01, 0x0a, 0x0a, 0x09, 0x01, 0x01, 0x18, 
	0x0d, 0x01, 0x08, 0x01, 0x0b, 0x13, 0x0a, 0x0e, 
	0x17, 0x13, 0x01, 0x01, 0x0a, 0x01, 0x01, 0x18, 
	0x01, 0x01, 0x01, 0x0a, 0x19, 0x0a, 0x02, 0x03, 
	0x09, 0x01, 0x01, 0x01, 0x01, 0x01, 0x01, 0x00, 
	0x01, 0x01, 0x02, 0x0a, 0x09, 0x0a, 0x0a, 0x17, 
	0x0e, 0x15, 0x0e, 0x01, 0x01, 0x03, 0x01, 0x00, 
	0x02, 0x02, 0x04, 0x04, 0x12, 0x0a, 0x0a, 0x09, 
	0x0a, 0x02, 0x0a, 0x01, 0x04, 0x0a, 0x0a, 0x01, 
	0x02, 0x02, 0x0a, 0x15, 0x0b, 0x0b, 0x01, 0x01, 
	0x01, 0x12, 0x0a, 0x0a, 0x01, 0x0a, 0x0a, 0x01, 
	0x01, 0x0b, 0x03, 0x01, 0x01, 0x0a, 0x0a, 0x0a, 
	0x0b, 0x01, 0x02, 0x02, 0x19, 0x09, 0x0a, 0x0a, 
	0x01, 0x0b, 0x13, 0x0a, 0x01, 0x01, 0x01, 0x01, 
	0x0a, 0x02, 0x01, 0x01, 0x0a, 0x0a, 0x0a, 0x0a, 
	0x02, 0x0b, 0x01, 0x0a, 0x0a, 0x0a, 0x0a, 0x0b, 
	0x06, 0x01, 0x00, 0x01, 0x01, 0x0a, 0x02, 0x09, 
	0x02, 0x0b, 0x09, 0x0a, 0x01, 0x02, 0x02, 0x0a, 
	0x02, 0x01, 0x19, 0x01, 0x02, 0x0a, 0x02, 0x09, 
	0x06, 0x01, 0x02, 0x01, 0x03, 0x03, 0x12, 0x01, 
	0x04, 0x04, 0x00, 0x01, 0x01, 0x01, 0x02, 0x01, 
	0x06, 0x01, 0x0b, 0x06, 0x00, 0x05, 0x01, 0x02, 
	0x04, 0x01, 0x02, 0x01, 0x01, 0x01, 0x02, 0x01, 
	0x01, 0x01, 0x01, 0x01, 0x0a, 0x12, 0x01, 0x06, 
	0x01, 0x0a, 0x01, 0x01, 0x02, 0x0a, 0x0b, 0x01, 
	0x01, 0x01, 0x01, 0x00, 0x07, 0x07, 0x0c, 0x00, 
	0x01, 0x01, 0x0d, 0x0d, 0x01, 0x0a, 0x0b, 0x01, 
	0x02, 0x01, 0x01, 0x01, 0x01, 0x03, 0x01, 0x01, 
	0x01, 0x0a, 0x12, 0x0a, 0x02, 0x0a, 0x0a, 0x01, 
	0x02, 0x01, 0x01, 0x01, 0x00, 0x01, 0x00, 0x1a, 
	0x01, 0x01, 0x01, 0x01, 0x01, 0x02, 0x0a, 0x01, 
	0x02, 0x03, 0x1b, 0x0a, 0x0a, 0x0b, 0x02, 0x01, 
	0x01, 0x15, 0x0a, 0x13, 0x0a, 0x0a, 0x0a, 0x01, 
	0x02, 0x03, 0x0a, 0x01, 0x01, 0x0b, 0x0b, 0x00, 
	0x01, 0x06, 0x00, 0x01, 0x01, 0x03, 0x0a, 0x01, 
	0x01, 0x0a, 0x0a, 0x0a, 0x01, 0x0a, 0x0b, 0x0f, 
	0x01, 0x0a, 0x0f, 0x13, 0x0a, 0x0a, 0x0b, 0x01, 
	0x01, 0x0a, 0x09, 0x0c, 0x01, 0x0b, 0x0a, 0x0d, 
	0x00, 0x05, 0x00, 0x01, 0x01, 0x01, 0x0b, 0x01, 
	0x0b, 0x04, 0x01, 0x0b, 0x02, 0x0b, 0x0b, 0x0c, 
	0x07, 0x00, 0x05, 0x12, 0x0a, 0x0a, 0x02, 0x02, 
	0x0b, 0x04, 0x01, 0x01, 0x01, 0x0d, 0x00, 0x0d, 
	0x00, 0x00, 0x04, 0x01, 0x01, 0x01, 0x02, 0x02, 
	0x03, 0x0d, 0x0a, 0x0a, 0x0a, 0x01, 0x02, 0x00, 
	0x00, 0x06, 0x01, 0x01, 0x0a, 0x01, 0x01, 0x01, 
	0x03, 0x01, 0x01, 0x03, 0x0a, 0x08, 0x00, 0x00, 
	0x00, 0x1c, 0x00, 0x04, 0x00, 0x01, 0x01, 0x01, 
	0x04, 0x01, 0x01, 0x05, 0x01, 0x04, 0x01, 0x01, 
	0x03, 0x01, 0x01, 0x06, 0x01, 0x01, 0x01, 0x01, 
	0x04, 0x04, 0x03, 0x0a, 0x1d, 0x03, 0x05, 0x08, 
	0x00, 0x01, 0x02, 0x01, 0x04, 0x01, 0x01, 0x01, 
	0x01, 0x00, 0x07, 0x05, 0x05, 0x01, 0x01, 0x0a, 
	0x0e, 0x0e, 0x01, 0x06, 0x01, 0x00, 0x0c, 0x04, 
	0x01, 0x04, 0x0c, 0x0a, 0x13, 0x0b, 0x00, 0x00, 
	0x00, 0x01, 0x0a, 0x19, 0x02, 0x0c, 0x0c, 0x04, 
	0x01, 0x00, 0x00, 0x00, 0x0c, 0x19, 0x19, 0x02, 
	0x0a, 0x15, 0x09, 0x04, 0x05, 0x01, 0x00, 0x04, 
	0x01, 0x01, 0x0c, 0x03, 0x13, 0x15, 0x00, 0x04, 
	0x0d, 0x06, 0x01, 0x0a, 0x12, 0x01, 0x00, 0x04, 
	0x08, 0x01, 0x01, 0x01, 0x01, 0x02, 0x02, 0x0a, 
	0x03, 0x0a, 0x03, 0x0a, 0x12, 0x01, 0x01, 0x00, 
	0x08, 0x01, 0x01, 0x09, 0x13, 0x01, 0x08, 0x0a, 
	0x03, 0x07, 0x01, 0x09, 0x01, 0x01, 0x01, 0x00, 
	0x01, 0x04, 0x01, 0x01, 0x02, 0x02, 0x0a, 0x0a, 
	0x0a, 0x0a, 0x0a, 0x09, 0x09, 0x01, 0x0d, 0x01, 
	0x01, 0x04, 0x04, 0x01, 0x0a, 0x0b, 0x0d, 0x0a, 
	0x01, 0x00, 0x03, 0x09, 0x01, 0x01, 0x0d, 0x01, 
	0x01, 0x01, 0x19, 0x02, 0x02, 0x0a, 0x13, 0x01, 
	0x01, 0x01, 0x01, 0x09, 0x09, 0x01, 0x01, 0x01, 
	0x01, 0x01, 0x0a, 0x01, 0x01, 0x0a, 0x0a, 0x0b, 
	0x02, 0x0b, 0x15, 0x13, 0x0a, 0x01, 0x01, 0x01, 
	0x00, 0x01, 0x02, 0x01, 0x01, 0x1e, 0x13, 0x13, 
	0x0a, 0x04, 0x04, 0x09, 0x0a, 0x0a, 0x01, 0x01, 
	0x00, 0x01, 0x0a, 0x01, 0x00, 0x00, 0x01, 0x19, 
	0x0a, 0x0a, 0x0a, 0x0a, 0x0a, 0x0a, 0x01, 0x01, 
	0x01, 0x00, 0x01, 0x01, 0x03, 0x13, 0x13, 0x0a, 
	0x01, 0x00, 0x05, 0x01, 0x01, 0x0e, 0x01, 0x0a, 
	0x01, 0x00, 0x01, 0x01, 0x00, 0x00, 0x01, 0x19, 
	0x0a, 0x0a, 0x03, 0x02, 0x01, 0x0a, 0x01, 0x0a, 
	0x0a, 0x06, 0x01, 0x01, 0x0a, 0x09, 0x09, 0x01, 
	0x01, 0x04, 0x00, 0x1c, 0x04, 0x0a, 0x02, 0x0a, 
	0x0a, 0x05, 0x01, 0x09, 0x01, 0x01, 0x01, 0x01, 
	0x0a, 0x0a, 0x01, 0x0b, 0x01, 0x09, 0x02, 0x0a, 
	0x0a, 0x02, 0x01, 0x01, 0x01, 0x0b, 0x01, 0x01, 
	0x03, 0x01, 0x01, 0x01, 0x00, 0x01, 0x01, 0x0a, 
	0x0b, 0x01, 0x01, 0x01, 0x03, 0x0a, 0x0c, 0x01, 
	0x02, 0x0a, 0x0a, 0x02, 0x01, 0x0d, 0x01, 0x0a, 
	0x01, 0x0a, 0x09, 0x0a, 0x0b, 0x0a, 0x0a, 0x0b, 
	0x01, 0x01, 0x01, 0x01, 0x01, 0x09, 0x0a, 0x0a, 
	0x01, 0x0a, 0x0a, 0x0b, 0x01, 0x0b, 0x01, 0x0b, 
	0x0a, 0x01, 0x01, 0x01, 0x02, 0x0b, 0x0a, 0x0a, 
	0x01, 0x01, 0x0b, 0x0a, 0x0a, 0x0a, 0x0a, 0x01, 
	0x06, 0x04, 0x00, 0x01, 0x01, 0x01, 0x01, 0x01, 
	0x01, 0x01, 0x0b, 0x04, 0x01, 0x01, 0x02, 0x0a, 
	0x0d, 0x02, 0x0a, 0x01, 0x01, 0x01, 0x01, 0x01, 
	
};

Gfx lll_dl_tex1_128x128_f97a49bad09c112d_14_pal_rgba16_aligner[] = {gsSPEndDisplayList()};
u8 lll_dl_tex1_128x128_f97a49bad09c112d_14_pal_rgba16[] = {
	0x73, 0xdf, 0x6b, 0x9d, 0x6b, 0x9b, 0x6b, 0x5d, 
	0x6b, 0x9f, 0x6b, 0xdf, 0x73, 0x9f, 0x73, 0xe1, 
	0x6b, 0xdd, 0x63, 0x5d, 0x63, 0x5b, 0x6b, 0x5b, 
	0x73, 0xdd, 0x73, 0x9d, 0x5b, 0x5b, 0x63, 0x59, 
	0x7b, 0xe1, 0x6b, 0x5f, 0x63, 0x9d, 0x5b, 0x19, 
	0x63, 0x9f, 0x5b, 0x1b, 0x52, 0xd7, 0x63, 0x1b, 
	0x7c, 0x21, 0x63, 0x9b, 0x74, 0x21, 0x5b, 0x59, 
	0x7b, 0xdf, 0x52, 0xd9, 0x63, 0x19, 
};

Gfx lll_dl_tex1_256x256_334191e6f424a87d_14_ci8_aligner[] = {gsSPEndDisplayList()};
u8 lll_dl_tex1_256x256_334191e6f424a87d_14_ci8[] = {
	0x00, 0x01, 0x02, 0x02, 0x03, 0x03, 0x03, 0x03, 
	0x02, 0x01, 0x04, 0x04, 0x02, 0x04, 0x03, 0x05, 
	0x06, 0x06, 0x06, 0x06, 0x06, 0x06, 0x06, 0x06, 
	0x06, 0x06, 0x07, 0x08, 0x06, 0x08, 0x06, 0x09, 
	0x0a, 0x0b, 0x0c, 0x0b, 0x0d, 0x0e, 0x0d, 0x0f, 
	0x0b, 0x0c, 0x0b, 0x0b, 0x08, 0x08, 0x07, 0x10, 
	0x11, 0x09, 0x12, 0x09, 0x12, 0x09, 0x09, 0x13, 
	0x14, 0x12, 0x09, 0x09, 0x12, 0x12, 0x09, 0x15, 
	0x16, 0x0b, 0x08, 0x08, 0x05, 0x0e, 0x0e, 0x0b, 
	0x0c, 0x0c, 0x0b, 0x0b, 0x0b, 0x0e, 0x0e, 0x13, 
	0x14, 0x14, 0x17, 0x18, 0x19, 0x09, 0x09, 0x09, 
	0x12, 0x12, 0x1a, 0x09, 0x09, 0x09, 0x09, 0x1b, 
	0x0f, 0x0b, 0x08, 0x1c, 0x05, 0x08, 0x0b, 0x0e, 
	0x0e, 0x0b, 0x0b, 0x08, 0x1d, 0x0b, 0x0b, 0x1e, 
	0x13, 0x09, 0x12, 0x15, 0x17, 0x09, 0x09, 0x1f, 
	0x09, 0x14, 0x1f, 0x15, 0x14, 0x14, 0x09, 0x20, 
	0x21, 0x0c, 0x08, 0x08, 0x0c, 0x0e, 0x07, 0x0f, 
	0x0b, 0x0b, 0x08, 0x08, 0x1c, 0x0b, 0x07, 0x05, 
	0x1e, 0x12, 0x15, 0x12, 0x12, 0x09, 0x12, 0x14, 
	0x14, 0x09, 0x15, 0x17, 0x17, 0x12, 0x09, 0x19, 
	0x0f, 0x0b, 0x08, 0x08, 0x0d, 0x0e, 0x0c, 0x08, 
	0x0e, 0x08, 0x0d, 0x0b, 0x0e, 0x0d, 0x0c, 0x13, 
	0x1e, 0x14, 0x12, 0x12, 0x09, 0x09, 0x09, 0x09, 
	0x09, 0x15, 0x09, 0x1f, 0x09, 0x12, 0x09, 0x1b, 
	0x0f, 0x0b, 0x08, 0x0d, 0x22, 0x22, 0x0b, 0x0b, 
	0x0b, 0x0b, 0x0b, 0x0e, 0x0b, 0x0e, 0x0b, 0x13, 
	0x1e, 0x09, 0x09, 0x12, 0x14, 0x14, 0x09, 0x09, 
	0x1f, 0x09, 0x09, 0x1a, 0x1f, 0x09, 0x1f, 0x1b, 
	0x16, 0x0b, 0x07, 0x0b, 0x0c, 0x0b, 0x0d, 0x0e, 
	0x0b, 0x0b, 0x0f, 0x0f, 0x0b, 0x0b, 0x0e, 0x13, 
	0x11, 0x09, 0x09, 0x14, 0x12, 0x09, 0x09, 0x09, 
	0x1f, 0x14, 0x23, 0x24, 0x1a, 0x1f, 0x09, 0x1b, 
	0x0f, 0x08, 0x0d, 0x0d, 0x0c, 0x05, 0x08, 0x0b, 
	0x0e, 0x07, 0x0b, 0x0b, 0x22, 0x22, 0x0b, 0x13, 
	0x13, 0x12, 0x09, 0x09, 0x12, 0x17, 0x15, 0x09, 
	0x09, 0x09, 0x09, 0x09, 0x14, 0x14, 0x09, 0x20, 
	0x16, 0x0d, 0x0d, 0x1d, 0x0f, 0x0b, 0x0d, 0x0b, 
	0x0b, 0x0b, 0x0b, 0x0f, 0x0f, 0x25, 0x0b, 0x13, 
	0x1e, 0x09, 0x09, 0x14, 0x24, 0x09, 0x09, 0x09, 
	0x09, 0x09, 0x09, 0x13, 0x13, 0x14, 0x14, 0x1b, 
	0x16, 0x26, 0x25, 0x0b, 0x0c, 0x25, 0x0b, 0x0b, 
	0x0b, 0x0d, 0x08, 0x0f, 0x27, 0x0e, 0x0b, 0x28, 
	0x1e, 0x14, 0x14, 0x09, 0x12, 0x14, 0x1f, 0x1f, 
	0x09, 0x12, 0x17, 0x13, 0x13, 0x09, 0x14, 0x1b, 
	0x0a, 0x0f, 0x0b, 0x0d, 0x08, 0x29, 0x25, 0x0f, 
	0x0b, 0x0b, 0x08, 0x0b, 0x1d, 0x0c, 0x0b, 0x05, 
	0x1e, 0x14, 0x1f, 0x09, 0x2a, 0x12, 0x1a, 0x14, 
	0x14, 0x1a, 0x17, 0x14, 0x14, 0x12, 0x1a, 0x19, 
	0x00, 0x0b, 0x0e, 0x08, 0x0b, 0x07, 0x0b, 0x0b, 
	0x0b, 0x0b, 0x07, 0x0e, 0x0b, 0x08, 0x0b, 0x1e, 
	0x1e, 0x09, 0x09, 0x12, 0x09, 0x09, 0x09, 0x14, 
	0x1f, 0x09, 0x12, 0x09, 0x1f, 0x12, 0x09, 0x20, 
	0x0a, 0x0b, 0x08, 0x05, 0x0b, 0x0b, 0x08, 0x0b, 
	0x22, 0x0b, 0x0f, 0x0b, 0x08, 0x08, 0x08, 0x13, 
	0x11, 0x09, 0x12, 0x17, 0x1a, 0x09, 0x12, 0x09, 
	0x14, 0x09, 0x13, 0x09, 0x12, 0x12, 0x12, 0x1b, 
	0x0b, 0x0b, 0x07, 0x0b, 0x0b, 0x25, 0x0b, 0x0e, 
	0x0b, 0x0b, 0x07, 0x0b, 0x08, 0x0e, 0x0b, 0x13, 
	0x14, 0x09, 0x09, 0x09, 0x09, 0x14, 0x1f, 0x09, 
	0x09, 0x09, 0x09, 0x1f, 0x09, 0x09, 0x09, 0x1b, 
	0x1f, 0x13, 0x1f, 0x1f, 0x13, 0x1e, 0x13, 0x13, 
	0x13, 0x13, 0x13, 0x13, 0x13, 0x13, 0x13, 0x09, 
	0x17, 0x1b, 0x2b, 0x2b, 0x1b, 0x20, 0x1b, 0x1b, 
	0x1b, 0x2b, 0x1b, 0x1b, 0x1b, 0x1b, 0x1b, 0x19, 
	0x0e, 0x27, 0x27, 0x27, 0x27, 0x27, 0x27, 0x27, 
	0x27, 0x27, 0x2c, 0x0f, 0x27, 0x27, 0x2d, 0x13, 
	0x0d, 0x0b, 0x0e, 0x0b, 0x0e, 0x0e, 0x0e, 0x0e, 
	0x0b, 0x0b, 0x27, 0x1d, 0x0b, 0x0e, 0x0d, 0x1f, 
	0x2e, 0x28, 0x28, 0x28, 0x28, 0x28, 0x28, 0x10, 
	0x2f, 0x28, 0x28, 0x28, 0x30, 0x31, 0x28, 0x1f, 
	0x32, 0x33, 0x13, 0x31, 0x13, 0x13, 0x31, 0x05, 
	0x28, 0x13, 0x13, 0x13, 0x34, 0x35, 0x13, 0x18, 
	0x10, 0x28, 0x31, 0x36, 0x37, 0x28, 0x28, 0x28, 
	0x28, 0x38, 0x28, 0x28, 0x28, 0x28, 0x28, 0x18, 
	0x05, 0x13, 0x09, 0x31, 0x39, 0x31, 0x31, 0x13, 
	0x13, 0x13, 0x38, 0x13, 0x13, 0x13, 0x31, 0x17, 
	0x10, 0x28, 0x36, 0x37, 0x34, 0x36, 0x28, 0x28, 
	0x28, 0x3a, 0x3a, 0x36, 0x3a, 0x3a, 0x28, 0x18, 
	0x05, 0x13, 0x34, 0x09, 0x18, 0x34, 0x13, 0x31, 
	0x13, 0x1e, 0x1e, 0x31, 0x1e, 0x1e, 0x13, 0x17, 
	0x08, 0x3b, 0x31, 0x31, 0x28, 0x28, 0x28, 0x10, 
	0x3a, 0x28, 0x31, 0x31, 0x34, 0x28, 0x28, 0x18, 
	0x05, 0x13, 0x31, 0x34, 0x13, 0x31, 0x13, 0x05, 
	0x1e, 0x31, 0x09, 0x09, 0x09, 0x13, 0x13, 0x17, 
	0x10, 0x28, 0x30, 0x31, 0x28, 0x28, 0x28, 0x30, 
	0x28, 0x31, 0x28, 0x05, 0x28, 0x28, 0x28, 0x3c, 
	0x05, 0x33, 0x35, 0x35, 0x13, 0x13, 0x13, 0x34, 
	0x31, 0x09, 0x13, 0x13, 0x31, 0x13, 0x13, 0x3c, 
	0x10, 0x28, 0x3b, 0x28, 0x10, 0x10, 0x28, 0x28, 
	0x28, 0x28, 0x28, 0x2f, 0x2f, 0x28, 0x28, 0x18, 
	0x05, 0x13, 0x31, 0x13, 0x05, 0x28, 0x13, 0x13, 
	0x13, 0x13, 0x38, 0x13, 0x1e, 0x13, 0x13, 0x3c, 
	0x10, 0x28, 0x28, 0x28, 0x28, 0x28, 0x28, 0x28, 
	0x28, 0x28, 0x10, 0x10, 0x28, 0x3a, 0x28, 0x15, 
	0x3a, 0x13, 0x13, 0x33, 0x13, 0x13, 0x31, 0x13, 
	0x13, 0x11, 0x05, 0x05, 0x38, 0x1e, 0x13, 0x3c, 
	0x10, 0x31, 0x28, 0x1e, 0x28, 0x31, 0x31, 0x28, 
	0x28, 0x28, 0x28, 0x28, 0x10, 0x10, 0x28, 0x15, 
	0x28, 0x09, 0x13, 0x31, 0x13, 0x18, 0x34, 0x13, 
	0x13, 0x13, 0x13, 0x13, 0x05, 0x05, 0x13, 0x3c, 
	0x10, 0x28, 0x28, 0x3a, 0x10, 0x28, 0x28, 0x28, 
	0x28, 0x28, 0x28, 0x10, 0x10, 0x10, 0x3a, 0x15, 
	0x05, 0x31, 0x31, 0x1e, 0x05, 0x38, 0x13, 0x13, 
	0x33, 0x38, 0x13, 0x05, 0x05, 0x05, 0x05, 0x3c, 
	0x10, 0x10, 0x10, 0x28, 0x30, 0x10, 0x3a, 0x3a, 
	0x28, 0x28, 0x31, 0x10, 0x3a, 0x28, 0x3a, 0x18, 
	0x05, 0x05, 0x05, 0x13, 0x35, 0x38, 0x38, 0x05, 
	0x33, 0x13, 0x09, 0x28, 0x28, 0x31, 0x28, 0x17, 
	0x08, 0x10, 0x2f, 0x3b, 0x31, 0x3b, 0x3d, 0x10, 
	0x28, 0x28, 0x31, 0x3a, 0x10, 0x28, 0x28, 0x18, 
	0x32, 0x05, 0x1e, 0x31, 0x34, 0x13, 0x33, 0x05, 
	0x38, 0x13, 0x09, 0x38, 0x28, 0x35, 0x38, 0x15, 
	0x0d, 0x28, 0x28, 0x31, 0x28, 0x28, 0x28, 0x2f, 
	0x3a, 0x28, 0x3b, 0x28, 0x28, 0x31, 0x28, 0x18, 
	0x3a, 0x13, 0x31, 0x35, 0x13, 0x13, 0x13, 0x1e, 
	0x28, 0x13, 0x13, 0x31, 0x13, 0x35, 0x13, 0x15, 
	0x08, 0x28, 0x31, 0x31, 0x28, 0x28, 0x31, 0x28, 
	0x10, 0x28, 0x10, 0x28, 0x31, 0x28, 0x30, 0x18, 
	0x3e, 0x13, 0x34, 0x18, 0x13, 0x38, 0x35, 0x13, 
	0x05, 0x13, 0x05, 0x13, 0x34, 0x13, 0x13, 0x17, 
	0x28, 0x28, 0x3b, 0x28, 0x28, 0x3a, 0x28, 0x28, 
	0x28, 0x28, 0x28, 0x2f, 0x36, 0x28, 0x28, 0x3f, 
	0x38, 0x13, 0x13, 0x13, 0x13, 0x38, 0x13, 0x31, 
	0x31, 0x13, 0x13, 0x38, 0x31, 0x31, 0x13, 0x3c, 
	0x15, 0x15, 0x3c, 0x3c, 0x15, 0x18, 0x3f, 0x3c, 
	0x15, 0x3c, 0x15, 0x3c, 0x15, 0x3c, 0x15, 0x17, 
	0x17, 0x3c, 0x1b, 0x20, 0x3c, 0x17, 0x3c, 0x3c, 
	0x3c, 0x40, 0x3c, 0x3c, 0x3c, 0x3c, 0x3c, 0x17, 
	
};

Gfx lll_dl_tex1_256x256_334191e6f424a87d_14_pal_rgba16_aligner[] = {gsSPEndDisplayList()};
u8 lll_dl_tex1_256x256_334191e6f424a87d_14_pal_rgba16[] = {
	0x7b, 0xe1, 0x8c, 0x65, 0x84, 0x65, 0x84, 0x63, 
	0x8c, 0xa5, 0x5b, 0x19, 0x63, 0x1b, 0x6b, 0x5d, 
	0x63, 0x5b, 0x4a, 0x95, 0x7c, 0x21, 0x6b, 0x9d, 
	0x63, 0x5d, 0x6b, 0x5b, 0x6b, 0x9b, 0x73, 0xdf, 
	0x63, 0x59, 0x5a, 0xd9, 0x4a, 0x55, 0x52, 0xd7, 
	0x52, 0x97, 0x4a, 0x53, 0x73, 0xe1, 0x42, 0x53, 
	0x4a, 0x93, 0x42, 0x13, 0x4a, 0x97, 0x3a, 0x11, 
	0x5b, 0x1b, 0x73, 0x9d, 0x5a, 0xd7, 0x52, 0x95, 
	0x42, 0x11, 0x7b, 0xdf, 0x73, 0x9f, 0x52, 0x99, 
	0x52, 0xd9, 0x6b, 0x9f, 0x6b, 0xdf, 0x73, 0xdd, 
	0x5b, 0x17, 0x63, 0x9d, 0x42, 0x55, 0x39, 0xd1, 
	0x7c, 0x1f, 0x73, 0x9b, 0x6b, 0x59, 0x63, 0x17, 
	0x53, 0x15, 0x52, 0xd5, 0x5b, 0x59, 0x53, 0x19, 
	0x4a, 0xd5, 0x4a, 0xd7, 0x5a, 0xd5, 0x4a, 0xd3, 
	0x53, 0x17, 0x42, 0x93, 0x63, 0x19, 0x5b, 0x15, 
	0x42, 0x51, 0x5b, 0x57, 0x5b, 0x5b, 0x4a, 0x51, 
	0x3a, 0x51, 
};

Gfx lll_dl_tex1_128x128_26bdafe304a1bc13_14_ci8_aligner[] = {gsSPEndDisplayList()};
u8 lll_dl_tex1_128x128_26bdafe304a1bc13_14_ci8[] = {
	0x00, 0x01, 0x02, 0x02, 0x01, 0x03, 0x01, 0x04, 
	0x05, 0x06, 0x05, 0x05, 0x02, 0x01, 0x07, 0x03, 
	0x08, 0x09, 0x0a, 0x0b, 0x0b, 0x0c, 0x0d, 0x0e, 
	0x0e, 0x0f, 0x0f, 0x10, 0x11, 0x12, 0x10, 0x13, 
	0x14, 0x01, 0x02, 0x15, 0x16, 0x14, 0x17, 0x01, 
	0x18, 0x19, 0x02, 0x02, 0x02, 0x02, 0x02, 0x07, 
	0x0e, 0x0c, 0x08, 0x08, 0x0b, 0x1a, 0x1b, 0x1a, 
	0x1c, 0x11, 0x11, 0x0a, 0x10, 0x12, 0x0e, 0x0f, 
	0x07, 0x01, 0x07, 0x01, 0x14, 0x17, 0x14, 0x14, 
	0x01, 0x17, 0x07, 0x05, 0x03, 0x01, 0x16, 0x17, 
	0x0f, 0x0e, 0x1b, 0x08, 0x0e, 0x08, 0x1a, 0x0b, 
	0x08, 0x1d, 0x11, 0x12, 0x11, 0x11, 0x1e, 0x1e, 
	0x02, 0x07, 0x05, 0x01, 0x14, 0x02, 0x01, 0x14, 
	0x1f, 0x17, 0x03, 0x06, 0x06, 0x01, 0x17, 0x02, 
	0x13, 0x20, 0x0c, 0x21, 0x11, 0x0e, 0x22, 0x11, 
	0x11, 0x11, 0x0e, 0x0e, 0x23, 0x12, 0x1e, 0x1d, 
	0x17, 0x03, 0x05, 0x02, 0x02, 0x02, 0x02, 0x02, 
	0x17, 0x01, 0x24, 0x05, 0x04, 0x17, 0x01, 0x03, 
	0x0a, 0x12, 0x0e, 0x0b, 0x0e, 0x0f, 0x12, 0x25, 
	0x12, 0x10, 0x1c, 0x0f, 0x26, 0x0f, 0x1d, 0x0f, 
	0x02, 0x01, 0x03, 0x01, 0x02, 0x01, 0x01, 0x01, 
	0x05, 0x18, 0x19, 0x18, 0x01, 0x07, 0x18, 0x01, 
	0x0e, 0x12, 0x13, 0x08, 0x13, 0x13, 0x11, 0x0f, 
	0x08, 0x0f, 0x11, 0x11, 0x0f, 0x11, 0x1d, 0x12, 
	0x1f, 0x17, 0x01, 0x01, 0x02, 0x01, 0x01, 0x03, 
	0x06, 0x19, 0x06, 0x01, 0x19, 0x03, 0x06, 0x05, 
	0x0e, 0x08, 0x08, 0x27, 0x08, 0x13, 0x13, 0x0e, 
	0x12, 0x22, 0x28, 0x0f, 0x11, 0x12, 0x0f, 0x0e, 
	0x07, 0x01, 0x01, 0x02, 0x02, 0x02, 0x01, 0x18, 
	0x05, 0x19, 0x06, 0x29, 0x05, 0x19, 0x18, 0x03, 
	0x0b, 0x2a, 0x21, 0x1b, 0x27, 0x13, 0x0a, 0x08, 
	0x12, 0x08, 0x1a, 0x13, 0x08, 0x12, 0x0f, 0x12, 
	0x2b, 0x07, 0x03, 0x03, 0x02, 0x02, 0x01, 0x01, 
	0x05, 0x19, 0x29, 0x06, 0x06, 0x19, 0x01, 0x17, 
	0x0b, 0x0b, 0x1a, 0x08, 0x21, 0x20, 0x13, 0x0e, 
	0x08, 0x12, 0x21, 0x0b, 0x08, 0x22, 0x12, 0x12, 
	0x05, 0x03, 0x07, 0x02, 0x02, 0x02, 0x2b, 0x02, 
	0x17, 0x03, 0x2b, 0x19, 0x2c, 0x06, 0x03, 0x1f, 
	0x2a, 0x27, 0x08, 0x13, 0x2d, 0x13, 0x13, 0x1c, 
	0x11, 0x11, 0x0e, 0x1a, 0x11, 0x2e, 0x13, 0x0e, 
	0x06, 0x03, 0x03, 0x03, 0x01, 0x02, 0x02, 0x02, 
	0x14, 0x14, 0x1f, 0x03, 0x19, 0x03, 0x02, 0x01, 
	0x2f, 0x0e, 0x08, 0x0e, 0x0b, 0x21, 0x2a, 0x1d, 
	0x11, 0x0e, 0x0e, 0x0b, 0x11, 0x11, 0x2e, 0x22, 
	0x19, 0x24, 0x07, 0x01, 0x03, 0x01, 0x30, 0x02, 
	0x02, 0x02, 0x17, 0x03, 0x19, 0x05, 0x19, 0x07, 
	0x22, 0x13, 0x08, 0x0a, 0x0e, 0x13, 0x08, 0x0a, 
	0x0e, 0x12, 0x13, 0x0b, 0x0e, 0x22, 0x1d, 0x0e, 
	0x19, 0x29, 0x06, 0x18, 0x05, 0x18, 0x31, 0x17, 
	0x03, 0x02, 0x02, 0x03, 0x19, 0x18, 0x07, 0x32, 
	0x0b, 0x08, 0x0b, 0x0b, 0x13, 0x0e, 0x33, 0x21, 
	0x27, 0x08, 0x0e, 0x12, 0x0b, 0x11, 0x10, 0x0e, 
	0x05, 0x05, 0x18, 0x01, 0x01, 0x03, 0x18, 0x07, 
	0x03, 0x02, 0x05, 0x05, 0x01, 0x02, 0x01, 0x05, 
	0x13, 0x1a, 0x27, 0x08, 0x0a, 0x1a, 0x21, 0x27, 
	0x34, 0x27, 0x27, 0x35, 0x13, 0x11, 0x11, 0x13, 
	0x07, 0x01, 0x02, 0x01, 0x03, 0x01, 0x03, 0x18, 
	0x01, 0x03, 0x05, 0x02, 0x01, 0x02, 0x02, 0x1f, 
	0x22, 0x21, 0x27, 0x36, 0x0b, 0x08, 0x37, 0x0b, 
	0x1a, 0x34, 0x21, 0x20, 0x11, 0x0e, 0x0b, 0x0e, 
	0x07, 0x03, 0x03, 0x17, 0x01, 0x2b, 0x03, 0x03, 
	0x05, 0x03, 0x32, 0x01, 0x01, 0x01, 0x2b, 0x18, 
	0x0b, 0x0b, 0x08, 0x08, 0x1a, 0x21, 0x13, 0x0e, 
	0x0e, 0x08, 0x0b, 0x1b, 0x13, 0x1c, 0x12, 0x11, 
	0x08, 0x13, 0x11, 0x12, 0x0e, 0x08, 0x20, 0x12, 
	0x12, 0x0b, 0x1a, 0x12, 0x0e, 0x0e, 0x37, 0x27, 
	0x03, 0x01, 0x03, 0x03, 0x32, 0x06, 0x05, 0x03, 
	0x01, 0x30, 0x03, 0x07, 0x03, 0x07, 0x01, 0x05, 
	0x08, 0x0e, 0x0e, 0x0e, 0x1a, 0x21, 0x0e, 0x12, 
	0x0f, 0x11, 0x11, 0x11, 0x1c, 0x13, 0x27, 0x0b, 
	0x18, 0x03, 0x01, 0x07, 0x03, 0x07, 0x19, 0x07, 
	0x03, 0x01, 0x02, 0x14, 0x17, 0x05, 0x03, 0x07, 
	0x08, 0x13, 0x0a, 0x0a, 0x13, 0x0e, 0x12, 0x0e, 
	0x11, 0x0f, 0x1c, 0x38, 0x12, 0x13, 0x08, 0x27, 
	0x32, 0x18, 0x03, 0x07, 0x02, 0x01, 0x02, 0x02, 
	0x05, 0x07, 0x03, 0x14, 0x02, 0x01, 0x17, 0x17, 
	0x1a, 0x37, 0x27, 0x13, 0x13, 0x0e, 0x12, 0x11, 
	0x11, 0x11, 0x1c, 0x0e, 0x0e, 0x0e, 0x13, 0x1b, 
	0x05, 0x18, 0x05, 0x07, 0x02, 0x1f, 0x01, 0x17, 
	0x02, 0x03, 0x03, 0x01, 0x02, 0x02, 0x14, 0x02, 
	0x0c, 0x09, 0x08, 0x08, 0x13, 0x20, 0x11, 0x11, 
	0x0f, 0x0f, 0x1c, 0x11, 0x12, 0x11, 0x0b, 0x09, 
	0x19, 0x03, 0x05, 0x03, 0x02, 0x01, 0x02, 0x01, 
	0x02, 0x02, 0x02, 0x01, 0x15, 0x02, 0x02, 0x17, 
	0x09, 0x2f, 0x27, 0x2a, 0x0a, 0x0e, 0x0e, 0x11, 
	0x11, 0x12, 0x0e, 0x08, 0x1c, 0x22, 0x08, 0x0e, 
	0x03, 0x03, 0x01, 0x02, 0x15, 0x14, 0x03, 0x01, 
	0x14, 0x14, 0x30, 0x14, 0x14, 0x02, 0x17, 0x05, 
	0x09, 0x1b, 0x0e, 0x11, 0x0b, 0x08, 0x2d, 0x0e, 
	0x0e, 0x0e, 0x11, 0x0e, 0x0f, 0x13, 0x27, 0x08, 
	0x03, 0x01, 0x03, 0x01, 0x14, 0x14, 0x02, 0x17, 
	0x14, 0x14, 0x02, 0x14, 0x14, 0x02, 0x03, 0x05, 
	0x08, 0x33, 0x0e, 0x0e, 0x0b, 0x0e, 0x08, 0x08, 
	0x1c, 0x0a, 0x0a, 0x13, 0x0a, 0x0b, 0x08, 0x0a, 
	0x01, 0x16, 0x01, 0x02, 0x14, 0x01, 0x02, 0x14, 
	0x14, 0x02, 0x02, 0x14, 0x14, 0x01, 0x01, 0x02, 
	0x08, 0x0e, 0x0a, 0x0a, 0x25, 0x20, 0x1c, 0x08, 
	0x0e, 0x0a, 0x22, 0x08, 0x0e, 0x0b, 0x13, 0x2a, 
	0x02, 0x02, 0x01, 0x04, 0x14, 0x07, 0x02, 0x1f, 
	0x14, 0x39, 0x02, 0x16, 0x02, 0x05, 0x03, 0x17, 
	0x1d, 0x11, 0x0e, 0x0e, 0x1c, 0x0e, 0x11, 0x0e, 
	0x08, 0x08, 0x08, 0x0e, 0x08, 0x0e, 0x1b, 0x21, 
	0x17, 0x14, 0x02, 0x03, 0x17, 0x03, 0x01, 0x03, 
	0x17, 0x17, 0x01, 0x02, 0x02, 0x03, 0x02, 0x14, 
	0x1c, 0x08, 0x0e, 0x12, 0x12, 0x11, 0x11, 0x0e, 
	0x08, 0x25, 0x13, 0x13, 0x12, 0x27, 0x21, 0x2a, 
	0x14, 0x02, 0x02, 0x03, 0x02, 0x02, 0x01, 0x03, 
	0x01, 0x01, 0x17, 0x02, 0x02, 0x02, 0x02, 0x14, 
	0x1c, 0x0a, 0x0e, 0x0f, 0x0f, 0x12, 0x0e, 0x0e, 
	0x0a, 0x0b, 0x0e, 0x12, 0x1c, 0x11, 0x2a, 0x2a, 
	0x01, 0x02, 0x19, 0x05, 0x19, 0x17, 0x03, 0x01, 
	0x17, 0x14, 0x17, 0x02, 0x01, 0x30, 0x15, 0x02, 
	0x0e, 0x0e, 0x0e, 0x11, 0x20, 0x12, 0x11, 0x1c, 
	0x0e, 0x0e, 0x08, 0x0e, 0x1c, 0x0e, 0x08, 0x21, 
	0x01, 0x05, 0x05, 0x19, 0x05, 0x19, 0x01, 0x17, 
	0x17, 0x02, 0x02, 0x39, 0x03, 0x15, 0x02, 0x17, 
	0x0e, 0x0e, 0x12, 0x0e, 0x13, 0x0e, 0x1c, 0x11, 
	0x3a, 0x22, 0x2a, 0x08, 0x2d, 0x11, 0x0e, 0x13, 
	0x03, 0x19, 0x03, 0x05, 0x18, 0x06, 0x18, 0x03, 
	0x01, 0x05, 0x03, 0x14, 0x07, 0x03, 0x05, 0x16, 
	0x11, 0x0b, 0x25, 0x12, 0x08, 0x08, 0x08, 0x0e, 
	0x12, 0x08, 0x0b, 0x0e, 0x2d, 0x08, 0x0b, 0x13, 
	0x05, 0x07, 0x14, 0x01, 0x2b, 0x03, 0x07, 0x01, 
	0x02, 0x01, 0x17, 0x02, 0x05, 0x01, 0x01, 0x03, 
	0x2f, 0x3b, 0x13, 0x08, 0x0b, 0x08, 0x08, 0x13, 
	0x1c, 0x25, 0x1a, 0x0b, 0x0e, 0x0e, 0x1c, 0x08, 
	0x02, 0x17, 0x14, 0x14, 0x03, 0x07, 0x32, 0x01, 
	0x17, 0x02, 0x01, 0x02, 0x04, 0x17, 0x02, 0x05, 
	
};

Gfx lll_dl_tex1_128x128_26bdafe304a1bc13_14_pal_rgba16_aligner[] = {gsSPEndDisplayList()};
u8 lll_dl_tex1_128x128_26bdafe304a1bc13_14_pal_rgba16[] = {
	0xd5, 0xe9, 0xcd, 0xe9, 0xcd, 0xe7, 0xce, 0x29, 
	0xce, 0x27, 0xd6, 0x2b, 0xd6, 0x6d, 0xd6, 0x29, 
	0x74, 0x1b, 0x8c, 0x9f, 0x73, 0xd9, 0x7c, 0x1b, 
	0x84, 0x9f, 0x8c, 0xa1, 0x6b, 0xd9, 0x63, 0x95, 
	0x5b, 0x95, 0x63, 0x97, 0x6b, 0xd7, 0x74, 0x19, 
	0xc5, 0xa5, 0xcd, 0xe5, 0xcd, 0xa7, 0xc5, 0xe7, 
	0xce, 0x2b, 0xd6, 0x6b, 0x7c, 0x5b, 0x84, 0x9d, 
	0x6b, 0x97, 0x5b, 0x55, 0x5b, 0x53, 0xc5, 0xa7, 
	0x63, 0xd7, 0x84, 0x5d, 0x6c, 0x19, 0x63, 0x93, 
	0xde, 0x6f, 0x73, 0xdb, 0x5b, 0x93, 0x7c, 0x5d, 
	0x74, 0x17, 0xde, 0x6d, 0x7c, 0x1d, 0xc5, 0xe9, 
	0xde, 0xaf, 0x6b, 0x99, 0x6b, 0xd5, 0x84, 0x5f, 
	0xc5, 0xe5, 0xcd, 0xeb, 0xd6, 0x2d, 0x6c, 0x1b, 
	0x94, 0xe1, 0x63, 0x55, 0x74, 0x5b, 0x84, 0x5b, 
	0x73, 0xd7, 0xbd, 0xa3, 0x63, 0x99, 0x6b, 0xdb, 
	
};

Gfx lll_dl_tex1_128x128_m_e84136d5d29a146a_14_mip2_ci8_aligner[] = {gsSPEndDisplayList()};
u8 lll_dl_tex1_128x128_m_e84136d5d29a146a_14_mip2_ci8[] = {
	0x00, 0x00, 0x00, 0x01, 0x01, 0x02, 0x03, 0x03, 
	0x04, 0x04, 0x00, 0x05, 0x06, 0x06, 0x06, 0x06, 
	0x07, 0x07, 0x08, 0x08, 0x04, 0x09, 0x09, 0x04, 
	0x0a, 0x05, 0x05, 0x0b, 0x0c, 0x00, 0x0a, 0x0a, 
	0x08, 0x0d, 0x00, 0x01, 0x01, 0x01, 0x03, 0x03, 
	0x04, 0x04, 0x05, 0x00, 0x01, 0x01, 0x06, 0x01, 
	0x0a, 0x0a, 0x0e, 0x0e, 0x04, 0x04, 0x04, 0x02, 
	0x05, 0x0b, 0x0f, 0x0f, 0x0a, 0x0a, 0x0a, 0x0a, 
	0x01, 0x0d, 0x08, 0x01, 0x01, 0x01, 0x01, 0x03, 
	0x04, 0x04, 0x05, 0x0c, 0x08, 0x10, 0x01, 0x10, 
	0x0a, 0x0a, 0x0e, 0x0e, 0x02, 0x02, 0x11, 0x11, 
	0x05, 0x0a, 0x0b, 0x05, 0x0a, 0x0a, 0x0a, 0x0a, 
	0x08, 0x0d, 0x00, 0x08, 0x02, 0x01, 0x02, 0x12, 
	0x04, 0x05, 0x00, 0x0c, 0x08, 0x08, 0x10, 0x08, 
	0x08, 0x08, 0x0e, 0x0e, 0x11, 0x11, 0x02, 0x02, 
	0x0a, 0x0a, 0x0b, 0x0a, 0x0a, 0x0a, 0x0a, 0x05, 
	0x0c, 0x0c, 0x00, 0x0c, 0x13, 0x0f, 0x13, 0x0f, 
	0x0f, 0x0f, 0x14, 0x14, 0x15, 0x15, 0x16, 0x15, 
	0x0c, 0x00, 0x0c, 0x0c, 0x08, 0x08, 0x08, 0x08, 
	0x08, 0x08, 0x08, 0x08, 0x08, 0x01, 0x08, 0x15, 
	0x0c, 0x00, 0x00, 0x00, 0x0f, 0x0f, 0x13, 0x13, 
	0x14, 0x14, 0x0f, 0x00, 0x15, 0x15, 0x15, 0x08, 
	0x05, 0x05, 0x00, 0x0c, 0x00, 0x08, 0x08, 0x08, 
	0x08, 0x08, 0x17, 0x17, 0x16, 0x16, 0x16, 0x16, 
	0x05, 0x0a, 0x0a, 0x0a, 0x02, 0x02, 0x02, 0x02, 
	0x00, 0x00, 0x18, 0x18, 0x01, 0x01, 0x01, 0x01, 
	0x19, 0x19, 0x19, 0x05, 0x00, 0x00, 0x00, 0x0d, 
	0x1a, 0x1a, 0x1a, 0x17, 0x15, 0x15, 0x01, 0x01, 
	0x0a, 0x0a, 0x0a, 0x0a, 0x02, 0x02, 0x0f, 0x00, 
	0x0f, 0x00, 0x18, 0x18, 0x01, 0x08, 0x01, 0x01, 
	0x19, 0x19, 0x19, 0x19, 0x08, 0x0d, 0x1b, 0x00, 
	0x08, 0x11, 0x17, 0x17, 0x08, 0x15, 0x08, 0x01, 
	0x1c, 0x1c, 0x1c, 0x08, 0x1d, 0x0a, 0x1d, 0x11, 
	0x0c, 0x0e, 0x00, 0x08, 0x02, 0x02, 0x02, 0x02, 
	0x04, 0x04, 0x04, 0x04, 0x02, 0x0e, 0x02, 0x0a, 
	0x02, 0x02, 0x0f, 0x13, 0x0e, 0x0e, 0x02, 0x02, 
	0x08, 0x08, 0x1c, 0x12, 0x11, 0x11, 0x11, 0x0c, 
	0x0c, 0x0e, 0x00, 0x00, 0x02, 0x02, 0x02, 0x0a, 
	0x04, 0x04, 0x04, 0x04, 0x02, 0x0e, 0x02, 0x0a, 
	0x02, 0x00, 0x0f, 0x13, 0x16, 0x0e, 0x12, 0x02, 
	0x1e, 0x1e, 0x1e, 0x1e, 0x0c, 0x0c, 0x0c, 0x0c, 
	0x0c, 0x0c, 0x0c, 0x00, 0x0e, 0x02, 0x0a, 0x0a, 
	0x04, 0x1c, 0x1c, 0x0e, 0x12, 0x0e, 0x02, 0x02, 
	0x00, 0x00, 0x00, 0x13, 0x16, 0x16, 0x0e, 0x0e, 
	0x12, 0x1e, 0x12, 0x12, 0x0a, 0x0a, 0x0a, 0x0a, 
	0x08, 0x00, 0x0c, 0x0c, 0x0e, 0x0e, 0x12, 0x12, 
	0x1c, 0x08, 0x08, 0x0e, 0x0e, 0x0e, 0x0e, 0x02, 
	0x00, 0x0f, 0x0f, 0x00, 0x12, 0x12, 0x12, 0x12, 
	0x08, 0x0d, 0x08, 0x08, 0x04, 0x04, 0x04, 0x04, 
	0x0a, 0x0a, 0x02, 0x0e, 0x13, 0x13, 0x13, 0x13, 
	0x0c, 0x11, 0x11, 0x0c, 0x14, 0x14, 0x14, 0x0f, 
	0x0c, 0x0c, 0x00, 0x19, 0x04, 0x07, 0x07, 0x04, 
	0x08, 0x0d, 0x08, 0x10, 0x04, 0x04, 0x04, 0x04, 
	0x02, 0x0a, 0x02, 0x12, 0x03, 0x03, 0x03, 0x03, 
	0x00, 0x11, 0x0c, 0x0c, 0x0b, 0x0b, 0x0b, 0x0f, 
	0x0c, 0x0c, 0x05, 0x19, 0x1f, 0x07, 0x04, 0x07, 
	0x08, 0x0d, 0x15, 0x08, 0x04, 0x04, 0x20, 0x20, 
	0x12, 0x02, 0x02, 0x12, 0x02, 0x03, 0x03, 0x03, 
	0x05, 0x05, 0x0c, 0x05, 0x02, 0x02, 0x02, 0x02, 
	0x00, 0x0c, 0x05, 0x19, 0x1f, 0x1f, 0x04, 0x04, 
	0x08, 0x15, 0x15, 0x08, 0x21, 0x21, 0x0d, 0x0d, 
	0x0e, 0x12, 0x02, 0x0e, 0x02, 0x02, 0x00, 0x02, 
	0x00, 0x00, 0x11, 0x00, 0x02, 0x02, 0x0f, 0x0f, 
	0x00, 0x0c, 0x05, 0x05, 0x1f, 0x20, 0x20, 0x20, 
	0x08, 0x00, 0x08, 0x08, 0x08, 0x00, 0x0d, 0x00, 
	0x18, 0x18, 0x18, 0x1e, 0x08, 0x08, 0x08, 0x08, 
	0x12, 0x12, 0x0e, 0x12, 0x12, 0x12, 0x0d, 0x0d, 
	0x08, 0x13, 0x08, 0x00, 0x08, 0x08, 0x08, 0x08, 
	0x0e, 0x0e, 0x00, 0x08, 0x08, 0x0d, 0x00, 0x08, 
	0x18, 0x22, 0x22, 0x1e, 0x13, 0x08, 0x08, 0x08, 
	0x12, 0x00, 0x0c, 0x0e, 0x0d, 0x0d, 0x0d, 0x0d, 
	0x13, 0x13, 0x13, 0x13, 0x0e, 0x15, 0x08, 0x15, 
	0x23, 0x23, 0x23, 0x23, 0x13, 0x13, 0x13, 0x13, 
	0x23, 0x1e, 0x23, 0x23, 0x13, 0x0d, 0x0d, 0x13, 
	0x0e, 0x0c, 0x0c, 0x12, 0x1c, 0x1c, 0x1c, 0x03, 
	0x01, 0x13, 0x08, 0x00, 0x15, 0x0e, 0x16, 0x16, 
	0x0e, 0x0e, 0x0e, 0x0e, 0x0d, 0x00, 0x00, 0x08, 
	0x18, 0x18, 0x18, 0x23, 0x00, 0x08, 0x08, 0x08, 
	0x00, 0x12, 0x12, 0x12, 0x03, 0x03, 0x03, 0x03, 
	0x01, 0x08, 0x00, 0x00, 0x15, 0x15, 0x15, 0x15, 
	0x00, 0x0c, 0x00, 0x00, 0x24, 0x18, 0x24, 0x10, 
	0x01, 0x03, 0x03, 0x11, 0x12, 0x12, 0x0e, 0x12, 
	0x0d, 0x0d, 0x25, 0x1c, 0x0a, 0x0a, 0x0a, 0x0a, 
	0x0a, 0x0a, 0x13, 0x00, 0x1c, 0x04, 0x1c, 0x08, 
	0x05, 0x0c, 0x00, 0x00, 0x18, 0x01, 0x10, 0x10, 
	0x03, 0x01, 0x03, 0x01, 0x0e, 0x12, 0x12, 0x12, 
	0x00, 0x0d, 0x25, 0x00, 0x02, 0x0a, 0x0a, 0x02, 
	0x05, 0x00, 0x13, 0x05, 0x1c, 0x04, 0x04, 0x1c, 
	0x19, 0x00, 0x00, 0x05, 0x10, 0x01, 0x01, 0x10, 
	0x03, 0x01, 0x01, 0x05, 0x12, 0x12, 0x12, 0x12, 
	0x1c, 0x00, 0x0d, 0x25, 0x1e, 0x1e, 0x1e, 0x1e, 
	0x13, 0x00, 0x00, 0x05, 0x1c, 0x04, 0x04, 0x04, 
	0x19, 0x00, 0x0c, 0x05, 0x10, 0x01, 0x01, 0x01, 
	0x01, 0x01, 0x01, 0x01, 0x12, 0x1e, 0x1e, 0x12, 
	0x00, 0x1c, 0x1c, 0x00, 0x02, 0x1e, 0x0a, 0x0a, 
	0x0a, 0x0a, 0x00, 0x05, 0x1c, 0x1c, 0x1c, 0x04, 
	0x24, 0x24, 0x1b, 0x0c, 0x11, 0x12, 0x12, 0x12, 
	0x02, 0x12, 0x1e, 0x1e, 0x0c, 0x0c, 0x0a, 0x0a, 
	0x04, 0x07, 0x07, 0x18, 0x0a, 0x11, 0x26, 0x26, 
	0x27, 0x1c, 0x0d, 0x08, 0x05, 0x05, 0x05, 0x05, 
	0x24, 0x24, 0x1b, 0x1b, 0x23, 0x23, 0x11, 0x11, 
	0x12, 0x12, 0x12, 0x12, 0x00, 0x00, 0x0a, 0x0a, 
	0x07, 0x07, 0x04, 0x01, 0x05, 0x11, 0x0a, 0x26, 
	0x27, 0x1c, 0x0d, 0x08, 0x05, 0x05, 0x00, 0x00, 
	0x0e, 0x0e, 0x24, 0x24, 0x11, 0x01, 0x01, 0x01, 
	0x04, 0x04, 0x04, 0x04, 0x0a, 0x00, 0x0a, 0x0a, 
	0x07, 0x04, 0x04, 0x01, 0x05, 0x11, 0x0a, 0x0a, 
	0x1c, 0x08, 0x0d, 0x0d, 0x00, 0x00, 0x0c, 0x0c, 
	0x24, 0x24, 0x24, 0x24, 0x12, 0x01, 0x01, 0x01, 
	0x04, 0x04, 0x04, 0x02, 0x05, 0x00, 0x05, 0x0a, 
	0x07, 0x07, 0x04, 0x01, 0x05, 0x11, 0x0a, 0x05, 
	0x0d, 0x0d, 0x0d, 0x08, 0x00, 0x0c, 0x0c, 0x00, 
	0x0f, 0x0d, 0x0f, 0x0f, 0x00, 0x10, 0x10, 0x10, 
	0x01, 0x01, 0x08, 0x08, 0x28, 0x0c, 0x12, 0x28, 
	0x29, 0x29, 0x05, 0x05, 0x1d, 0x2a, 0x1d, 0x1d, 
	0x12, 0x1c, 0x1c, 0x12, 0x10, 0x12, 0x0e, 0x0c, 
	0x0f, 0x0f, 0x1b, 0x1b, 0x0d, 0x10, 0x00, 0x00, 
	0x08, 0x08, 0x08, 0x00, 0x12, 0x0c, 0x0c, 0x0c, 
	0x00, 0x00, 0x00, 0x16, 0x2a, 0x2a, 0x1d, 0x1d, 
	0x02, 0x02, 0x12, 0x12, 0x10, 0x10, 0x0e, 0x0e, 
	0x0d, 0x1b, 0x1b, 0x1b, 0x1b, 0x1b, 0x0d, 0x0d, 
	0x0c, 0x0c, 0x0c, 0x00, 0x12, 0x12, 0x12, 0x12, 
	0x05, 0x05, 0x00, 0x16, 0x1c, 0x1c, 0x1d, 0x1c, 
	0x04, 0x04, 0x02, 0x1c, 0x10, 0x12, 0x0e, 0x0c, 
	0x1b, 0x0d, 0x00, 0x00, 0x10, 0x10, 0x10, 0x10, 
	0x01, 0x01, 0x00, 0x01, 0x26, 0x26, 0x26, 0x26, 
	0x29, 0x29, 0x05, 0x00, 0x1c, 0x27, 0x27, 0x1c, 
	0x04, 0x02, 0x1c, 0x02, 0x12, 0x0e, 0x0c, 0x0c, 
	
};

Gfx lll_dl_tex1_128x128_m_e84136d5d29a146a_14_mip2_pal_rgba16_aligner[] = {gsSPEndDisplayList()};
u8 lll_dl_tex1_128x128_m_e84136d5d29a146a_14_mip2_pal_rgba16[] = {
	0x11, 0x09, 0x19, 0x8f, 0x19, 0x4d, 0x21, 0xd1, 
	0x21, 0xcf, 0x19, 0x4b, 0x19, 0xd1, 0x2a, 0x11, 
	0x11, 0x4b, 0x2a, 0x13, 0x21, 0x8f, 0x19, 0x09, 
	0x08, 0x87, 0x08, 0xc7, 0x08, 0xc9, 0x10, 0xc7, 
	0x11, 0x8d, 0x10, 0xc9, 0x11, 0x0b, 0x08, 0x85, 
	0x10, 0x45, 0x09, 0x09, 0x00, 0x87, 0x10, 0x85, 
	0x11, 0x4d, 0x21, 0x8d, 0x10, 0x43, 0x08, 0x45, 
	0x19, 0x8d, 0x19, 0x0b, 0x08, 0x89, 0x21, 0xcd, 
	0x19, 0x8b, 0x11, 0x49, 0x10, 0xcb, 0x08, 0x47, 
	0x09, 0x0b, 0x00, 0x45, 0x29, 0xd1, 0x22, 0x11, 
	0x21, 0x4d, 0x29, 0xcf, 0x10, 0x87, 
};

Gfx lll_dl_SUPER_MARIO_64_A6463A8D_0_2_all_ci4_aligner[] = {gsSPEndDisplayList()};
u8 lll_dl_SUPER_MARIO_64_A6463A8D_0_2_all_ci4[] = {
	0x00, 0x00, 0x12, 0x11, 0x22, 0x22, 0x21, 0x21, 
	0x00, 0x21, 0x10, 0x01, 0x11, 0x22, 0x11, 0x02, 
	0x12, 0x12, 0x11, 0x11, 0x02, 0x02, 0x12, 0x22, 
	0x00, 0x22, 0x21, 0x21, 0x02, 0x21, 0x22, 0x12, 
	0x22, 0x02, 0x12, 0x12, 0x20, 0x21, 0x12, 0x01, 
	0x11, 0x11, 0x10, 0x00, 0x00, 0x21, 0x10, 0x11, 
	0x21, 0x00, 0x12, 0x22, 0x21, 0x22, 0x01, 0x22, 
	0x21, 0x01, 0x02, 0x12, 0x00, 0x02, 0x20, 0x21, 
	0x00, 0x11, 0x22, 0x10, 0x22, 0x11, 0x21, 0x02, 
	0x22, 0x01, 0x21, 0x10, 0x22, 0x22, 0x00, 0x01, 
	0x10, 0x00, 0x01, 0x10, 0x20, 0x22, 0x12, 0x12, 
	0x21, 0x00, 0x12, 0x10, 0x22, 0x10, 0x12, 0x21, 
	0x10, 0x01, 0x12, 0x11, 0x12, 0x21, 0x20, 0x10, 
	0x12, 0x10, 0x11, 0x12, 0x20, 0x21, 0x11, 0x12, 
	0x01, 0x00, 0x01, 0x10, 0x01, 0x12, 0x12, 0x11, 
	0x11, 0x11, 0x00, 0x11, 0x10, 0x12, 0x01, 0x12, 
	0x11, 0x10, 0x11, 0x01, 0x10, 0x12, 0x22, 0x10, 
	0x00, 0x22, 0x01, 0x22, 0x00, 0x21, 0x20, 0x12, 
	0x10, 0x01, 0x01, 0x20, 0x02, 0x10, 0x12, 0x11, 
	0x10, 0x01, 0x00, 0x00, 0x20, 0x01, 0x02, 0x11, 
	0x01, 0x00, 0x02, 0x12, 0x11, 0x10, 0x01, 0x21, 
	0x20, 0x00, 0x01, 0x00, 0x11, 0x20, 0x12, 0x21, 
	0x20, 0x00, 0x10, 0x21, 0x20, 0x10, 0x21, 0x10, 
	0x10, 0x01, 0x01, 0x20, 0x22, 0x02, 0x22, 0x22, 
	0x12, 0x01, 0x11, 0x02, 0x01, 0x00, 0x10, 0x22, 
	0x21, 0x00, 0x01, 0x11, 0x10, 0x21, 0x21, 0x22, 
	0x21, 0x20, 0x11, 0x01, 0x00, 0x11, 0x01, 0x00, 
	0x21, 0x10, 0x00, 0x22, 0x02, 0x12, 0x22, 0x21, 
	0x21, 0x11, 0x01, 0x22, 0x00, 0x00, 0x11, 0x11, 
	0x02, 0x11, 0x20, 0x10, 0x01, 0x01, 0x20, 0x02, 
	0x20, 0x00, 0x10, 0x12, 0x00, 0x11, 0x21, 0x13, 
	0x12, 0x10, 0x22, 0x12, 0x20, 0x02, 0x00, 0x20, 
	0x20, 0x22, 0x01, 0x02, 0x10, 0x20, 0x01, 0x22, 
	0x23, 0x30, 0x11, 0x11, 0x01, 0x02, 0x10, 0x02, 
	0x00, 0x12, 0x11, 0x12, 0x11, 0x22, 0x23, 0x12, 
	0x01, 0x13, 0x32, 0x10, 0x00, 0x01, 0x10, 0x11, 
	0x00, 0x00, 0x20, 0x11, 0x13, 0x31, 0x02, 0x31, 
	0x20, 0x02, 0x11, 0x11, 0x01, 0x00, 0x10, 0x11, 
	0x01, 0x10, 0x10, 0x02, 0x01, 0x33, 0x01, 0x22, 
	0x32, 0x10, 0x23, 0x30, 0x12, 0x00, 0x00, 0x01, 
	0x00, 0x01, 0x20, 0x10, 0x22, 0x12, 0x31, 0x21, 
	0x13, 0x32, 0x02, 0x03, 0x01, 0x20, 0x20, 0x12, 
	0x10, 0x01, 0x33, 0x12, 0x00, 0x12, 0x13, 0x10, 
	0x20, 0x33, 0x10, 0x01, 0x00, 0x12, 0x11, 0x22, 
	0x10, 0x10, 0x00, 0x11, 0x02, 0x21, 0x21, 0x23, 
	0x32, 0x23, 0x11, 0x11, 0x11, 0x11, 0x22, 0x12, 
	0x00, 0x01, 0x00, 0x21, 0x10, 0x10, 0x11, 0x21, 
	0x22, 0x11, 0x00, 0x11, 0x00, 0x12, 0x02, 0x22, 
	0x22, 0x21, 0x11, 0x21, 0x20, 0x01, 0x33, 0x32, 
	0x11, 0x33, 0x10, 0x22, 0x02, 0x10, 0x00, 0x02, 
	0x10, 0x01, 0x21, 0x10, 0x11, 0x10, 0x12, 0x20, 
	0x21, 0x00, 0x20, 0x11, 0x02, 0x12, 0x20, 0x20, 
	0x21, 0x22, 0x22, 0x11, 0x00, 0x10, 0x11, 0x01, 
	0x02, 0x10, 0x00, 0x22, 0x02, 0x12, 0x21, 0x12, 
	0x22, 0x21, 0x21, 0x21, 0x11, 0x11, 0x22, 0x11, 
	0x21, 0x21, 0x10, 0x22, 0x11, 0x20, 0x20, 0x02, 
	0x22, 0x12, 0x11, 0x20, 0x12, 0x10, 0x22, 0x21, 
	0x10, 0x00, 0x01, 0x11, 0x21, 0x10, 0x01, 0x01, 
	0x11, 0x20, 0x02, 0x20, 0x00, 0x22, 0x02, 0x20, 
	0x10, 0x02, 0x12, 0x12, 0x20, 0x00, 0x21, 0x02, 
	0x00, 0x12, 0x10, 0x12, 0x22, 0x22, 0x12, 0x21, 
	0x10, 0x02, 0x22, 0x00, 0x21, 0x00, 0x01, 0x12, 
	0x11, 0x12, 0x22, 0x22, 0x20, 0x12, 0x02, 0x02, 
	0x20, 0x12, 0x20, 0x12, 0x12, 0x22, 0x10, 0x11, 
	
};

Gfx lll_dl_SUPER_MARIO_64_A6463A8D_0_2_all_pal_rgba16_aligner[] = {gsSPEndDisplayList()};
u8 lll_dl_SUPER_MARIO_64_A6463A8D_0_2_all_pal_rgba16[] = {
	0x80, 0xc7, 0xb0, 0xc7, 0x90, 0xc7, 0x88, 0xc7, 
	
};

Gfx lll_dl_tex1_128x128_4d0cd293d030d8fa_4_ci4_aligner[] = {gsSPEndDisplayList()};
u8 lll_dl_tex1_128x128_4d0cd293d030d8fa_4_ci4[] = {
	0x01, 0x23, 0x33, 0x34, 0x40, 0x24, 0x40, 0x44, 
	0x52, 0x45, 0x60, 0x47, 0x72, 0x00, 0x42, 0x20, 
	0x41, 0x24, 0x00, 0x44, 0x40, 0x08, 0x88, 0x46, 
	0x40, 0x04, 0x44, 0x21, 0x74, 0x04, 0x04, 0x00, 
	0x25, 0x25, 0x24, 0x44, 0x40, 0x44, 0x22, 0x42, 
	0x40, 0x00, 0x48, 0x11, 0x16, 0x40, 0x00, 0x00, 
	0x44, 0x51, 0x24, 0x04, 0x62, 0x44, 0x48, 0x44, 
	0x42, 0x44, 0x22, 0x52, 0x24, 0x44, 0x40, 0x04, 
	0x24, 0x21, 0x12, 0x04, 0x44, 0x84, 0x44, 0x44, 
	0x91, 0x40, 0x44, 0x24, 0x42, 0x20, 0x00, 0x42, 
	0x54, 0x42, 0x12, 0x00, 0x40, 0x00, 0x24, 0x22, 
	0x12, 0x28, 0x82, 0x40, 0x0a, 0x28, 0x40, 0x05, 
	0x40, 0x44, 0x88, 0x00, 0x80, 0x34, 0x86, 0x22, 
	0x22, 0x52, 0x25, 0x00, 0x0b, 0x16, 0x44, 0x44, 
	0x24, 0x41, 0x04, 0x00, 0x01, 0x40, 0x04, 0x44, 
	0x22, 0x22, 0x82, 0x03, 0x04, 0x22, 0x44, 0x42, 
	0x48, 0x11, 0x04, 0x44, 0x91, 0x53, 0x34, 0x44, 
	0x88, 0x00, 0x80, 0x03, 0x04, 0x48, 0x44, 0x62, 
	0x42, 0x24, 0x42, 0x22, 0x62, 0x28, 0x42, 0x22, 
	0x23, 0x04, 0x22, 0x03, 0xc4, 0x40, 0x28, 0x24, 
	0x82, 0x44, 0x44, 0x04, 0x02, 0x26, 0x25, 0x22, 
	0x23, 0x08, 0x55, 0x24, 0xbb, 0x00, 0x42, 0x54, 
	0x62, 0x22, 0x44, 0x44, 0x22, 0x84, 0x22, 0x12, 
	0x43, 0x48, 0x25, 0x54, 0xb0, 0x00, 0x05, 0x14, 
	0x82, 0x57, 0x74, 0x44, 0x28, 0x44, 0x22, 0x14, 
	0x44, 0x08, 0x22, 0x52, 0x40, 0x33, 0x32, 0x52, 
	0x62, 0x25, 0xd7, 0x24, 0x82, 0x44, 0x21, 0x54, 
	0x22, 0x80, 0x44, 0x25, 0x50, 0x30, 0x04, 0x24, 
	0x22, 0x55, 0x25, 0x55, 0x11, 0x44, 0x15, 0x52, 
	0x22, 0x84, 0x42, 0x02, 0x84, 0x44, 0x02, 0x24, 
	0x27, 0x71, 0x42, 0xee, 0xe2, 0x44, 0x15, 0x52, 
	0x22, 0x20, 0x42, 0x23, 0x01, 0x54, 0x30, 0x44, 
	0x21, 0x71, 0x29, 0x97, 0x55, 0x84, 0x15, 0x52, 
	0x22, 0x44, 0x42, 0x44, 0x00, 0x24, 0x44, 0x62, 
	0x22, 0x69, 0x17, 0x14, 0x42, 0x84, 0x25, 0x50, 
	0x22, 0x44, 0x88, 0x22, 0x23, 0x34, 0x48, 0x52, 
	0x22, 0x57, 0x75, 0x22, 0x24, 0x44, 0x22, 0x50, 
	0x02, 0x44, 0x22, 0x25, 0x23, 0x33, 0x42, 0x12, 
	0x26, 0x51, 0x22, 0x22, 0x25, 0x44, 0x42, 0x14, 
	0x03, 0x84, 0x25, 0x54, 0x24, 0x03, 0x35, 0x12, 
	0x42, 0x42, 0x22, 0x48, 0x42, 0x24, 0x22, 0x52, 
	0x03, 0x04, 0x25, 0x22, 0x22, 0x40, 0x42, 0x50, 
	0x06, 0x28, 0x22, 0x82, 0x22, 0x42, 0x22, 0x22, 
	0x43, 0x00, 0x22, 0x00, 0x82, 0x24, 0x44, 0x20, 
	0x04, 0x57, 0x04, 0x02, 0x55, 0x20, 0x30, 0x00, 
	0x44, 0x03, 0x04, 0x43, 0x42, 0x20, 0x44, 0x24, 
	0x24, 0x45, 0x00, 0x03, 0x45, 0x50, 0x04, 0x00, 
	0x42, 0x24, 0x42, 0x40, 0x22, 0x24, 0x00, 0x82, 
	0x80, 0x44, 0x00, 0x33, 0x00, 0x08, 0x22, 0x26, 
	0x22, 0x26, 0x22, 0x40, 0x02, 0x72, 0x00, 0x48, 
	0x24, 0x42, 0x54, 0x03, 0x40, 0x04, 0x22, 0x55, 
	0x52, 0x24, 0x22, 0x00, 0x02, 0x54, 0x40, 0x42, 
	0x24, 0x21, 0x12, 0x04, 0x00, 0x44, 0x48, 0x22, 
	0x55, 0x44, 0x44, 0x24, 0x42, 0x24, 0x00, 0x02, 
	0x42, 0x51, 0x22, 0x08, 0x84, 0x44, 0x44, 0x44, 
	0x25, 0x24, 0x46, 0x55, 0x52, 0x24, 0x40, 0x04, 
	0x22, 0x25, 0x24, 0x88, 0x44, 0x84, 0x46, 0x22, 
	0x80, 0x00, 0x46, 0xd5, 0x52, 0x20, 0x40, 0x30, 
	0x2d, 0x40, 0x04, 0x22, 0x80, 0x04, 0x44, 0x82, 
	0x84, 0x04, 0x24, 0x57, 0x74, 0x08, 0x44, 0x30, 
	0x3d, 0x23, 0x33, 0x02, 0x24, 0x44, 0x04, 0x42, 
	0x22, 0x82, 0x20, 0x27, 0x74, 0x00, 0x42, 0x20, 
	0x04, 0x03, 0x33, 0x30, 0x02, 0x24, 0x40, 0x01, 
	0x12, 0x25, 0x20, 0x0e, 0x75, 0x00, 0x22, 0x20, 
	
};

Gfx lll_dl_tex1_128x128_4d0cd293d030d8fa_4_pal_rgba16_aligner[] = {gsSPEndDisplayList()};
u8 lll_dl_tex1_128x128_4d0cd293d030d8fa_4_pal_rgba16[] = {
	0xfd, 0xc7, 0xf5, 0x05, 0xf5, 0x47, 0xfe, 0x07, 
	0xfd, 0x87, 0xf5, 0x07, 0xfd, 0x47, 0xf4, 0xc5, 
	0xf5, 0x87, 0xf5, 0x45, 0xfd, 0x45, 0xfd, 0x85, 
	0xfd, 0xc5, 0xf4, 0xc7, 0xf4, 0x85, 
};

Gfx lll_dl_tex1_256x256_074bab950414d116_14_ci8_aligner[] = {gsSPEndDisplayList()};
u8 lll_dl_tex1_256x256_074bab950414d116_14_ci8[] = {
	0x00, 0x01, 0x02, 0x03, 0x04, 0x03, 0x03, 0x05, 
	0x03, 0x03, 0x04, 0x02, 0x06, 0x06, 0x07, 0x06, 
	0x08, 0x08, 0x08, 0x08, 0x07, 0x09, 0x09, 0x09, 
	0x09, 0x09, 0x09, 0x09, 0x08, 0x07, 0x0a, 0x0a, 
	0x01, 0x01, 0x0b, 0x04, 0x05, 0x0c, 0x0d, 0x0e, 
	0x03, 0x0c, 0x03, 0x0f, 0x10, 0x02, 0x01, 0x11, 
	0x0a, 0x01, 0x00, 0x12, 0x12, 0x07, 0x08, 0x09, 
	0x09, 0x09, 0x09, 0x09, 0x13, 0x07, 0x0a, 0x06, 
	0x06, 0x02, 0x0b, 0x04, 0x05, 0x0e, 0x0e, 0x14, 
	0x0e, 0x15, 0x16, 0x17, 0x18, 0x19, 0x1a, 0x1a, 
	0x1a, 0x1a, 0x19, 0x18, 0x1b, 0x1c, 0x07, 0x07, 
	0x13, 0x13, 0x13, 0x13, 0x07, 0x07, 0x07, 0x06, 
	0x06, 0x02, 0x04, 0x1d, 0x15, 0x14, 0x14, 0x1e, 
	0x05, 0x1f, 0x20, 0x1a, 0x1a, 0x1a, 0x1a, 0x1a, 
	0x1a, 0x1a, 0x1a, 0x1a, 0x1a, 0x20, 0x21, 0x0a, 
	0x07, 0x0a, 0x07, 0x07, 0x07, 0x07, 0x22, 0x06, 
	0x10, 0x02, 0x03, 0x05, 0x0e, 0x1e, 0x23, 0x24, 
	0x19, 0x1a, 0x1a, 0x1a, 0x1a, 0x25, 0x1a, 0x26, 
	0x27, 0x1a, 0x25, 0x1a, 0x1a, 0x1a, 0x1a, 0x20, 
	0x28, 0x0a, 0x0a, 0x07, 0x0a, 0x06, 0x00, 0x02, 
	0x02, 0x04, 0x04, 0x0e, 0x0e, 0x29, 0x2a, 0x1a, 
	0x2b, 0x2c, 0x1a, 0x1a, 0x2d, 0x2e, 0x2f, 0x2e, 
	0x2e, 0x2f, 0x2e, 0x2f, 0x1a, 0x1a, 0x1a, 0x30, 
	0x1a, 0x31, 0x0a, 0x07, 0x06, 0x06, 0x10, 0x02, 
	0x0b, 0x04, 0x04, 0x0d, 0x0e, 0x2a, 0x1a, 0x32, 
	0x33, 0x2c, 0x1a, 0x34, 0x2e, 0x2e, 0x2e, 0x2e, 
	0x2e, 0x2e, 0x2e, 0x2e, 0x25, 0x1a, 0x1a, 0x35, 
	0x36, 0x1a, 0x31, 0x06, 0x06, 0x00, 0x02, 0x02, 
	0x02, 0x0b, 0x04, 0x0d, 0x24, 0x1a, 0x1a, 0x37, 
	0x2e, 0x2b, 0x1a, 0x38, 0x2e, 0x2e, 0x2e, 0x2e, 
	0x2e, 0x2e, 0x2e, 0x2e, 0x39, 0x1a, 0x2c, 0x2e, 
	0x3a, 0x1a, 0x1a, 0x3b, 0x06, 0x10, 0x02, 0x02, 
	0x02, 0x0b, 0x0f, 0x0b, 0x19, 0x1a, 0x2c, 0x2e, 
	0x2e, 0x2d, 0x3c, 0x2e, 0x2e, 0x2e, 0x2e, 0x2e, 
	0x2e, 0x2e, 0x2e, 0x2e, 0x2e, 0x3d, 0x27, 0x2e, 
	0x2e, 0x3e, 0x1a, 0x3f, 0x11, 0x10, 0x10, 0x40, 
	0x02, 0x02, 0x0b, 0x41, 0x1a, 0x1a, 0x1a, 0x35, 
	0x2e, 0x2e, 0x2e, 0x42, 0x2e, 0x2e, 0x2e, 0x2e, 
	0x2e, 0x2e, 0x2e, 0x2e, 0x42, 0x2e, 0x2e, 0x2e, 
	0x33, 0x2c, 0x1a, 0x1a, 0x43, 0x06, 0x40, 0x40, 
	0x10, 0x02, 0x01, 0x20, 0x1a, 0x1a, 0x1a, 0x44, 
	0x2e, 0x2e, 0x2e, 0x34, 0x45, 0x2e, 0x2e, 0x2e, 
	0x2e, 0x2e, 0x2e, 0x45, 0x3c, 0x2e, 0x2e, 0x2e, 
	0x26, 0x1a, 0x1a, 0x1a, 0x20, 0x11, 0x10, 0x10, 
	0x00, 0x02, 0x1b, 0x1a, 0x1a, 0x1a, 0x1a, 0x1a, 
	0x46, 0x2e, 0x2e, 0x32, 0x1a, 0x47, 0x33, 0x2e, 
	0x2e, 0x33, 0x44, 0x2c, 0x2b, 0x2e, 0x2e, 0x45, 
	0x1a, 0x1a, 0x1a, 0x1a, 0x1a, 0x48, 0x06, 0x00, 
	0x00, 0x00, 0x18, 0x1a, 0x1a, 0x1a, 0x1a, 0x2b, 
	0x46, 0x2e, 0x2e, 0x3d, 0x1a, 0x1a, 0x25, 0x2e, 
	0x2e, 0x44, 0x1a, 0x1a, 0x34, 0x2e, 0x2e, 0x45, 
	0x2b, 0x1a, 0x1a, 0x1a, 0x1a, 0x49, 0x06, 0x06, 
	0x07, 0x01, 0x19, 0x1a, 0x1a, 0x1a, 0x44, 0x2e, 
	0x2e, 0x2e, 0x2e, 0x33, 0x39, 0x39, 0x35, 0x2e, 
	0x2e, 0x33, 0x39, 0x39, 0x33, 0x2e, 0x2e, 0x2e, 
	0x2e, 0x27, 0x1a, 0x1a, 0x1a, 0x20, 0x01, 0x06, 
	0x13, 0x11, 0x1a, 0x1a, 0x1a, 0x3e, 0x42, 0x2e, 
	0x2e, 0x2e, 0x2e, 0x2e, 0x2e, 0x2e, 0x2e, 0x2e, 
	0x2e, 0x2e, 0x2e, 0x2e, 0x2e, 0x2e, 0x2e, 0x2e, 
	0x2e, 0x2e, 0x2b, 0x1a, 0x1a, 0x1a, 0x4a, 0x08, 
	0x09, 0x4b, 0x1a, 0x1a, 0x1a, 0x4c, 0x2e, 0x2e, 
	0x2e, 0x45, 0x42, 0x2e, 0x2e, 0x2e, 0x2e, 0x2e, 
	0x2e, 0x2e, 0x2e, 0x2e, 0x2e, 0x42, 0x46, 0x2e, 
	0x2e, 0x2e, 0x3c, 0x1a, 0x1a, 0x1a, 0x4d, 0x09, 
	0x4e, 0x4b, 0x1a, 0x1a, 0x1a, 0x34, 0x2e, 0x2e, 
	0x2e, 0x3e, 0x4c, 0x35, 0x2e, 0x2e, 0x2e, 0x2e, 
	0x2e, 0x2e, 0x2e, 0x2e, 0x33, 0x3c, 0x2c, 0x42, 
	0x2e, 0x2e, 0x3d, 0x1a, 0x1a, 0x1a, 0x4d, 0x4f, 
	0x24, 0x4a, 0x1a, 0x1a, 0x1a, 0x36, 0x2e, 0x2e, 
	0x39, 0x1a, 0x1a, 0x3e, 0x33, 0x33, 0x50, 0x51, 
	0x36, 0x27, 0x33, 0x42, 0x2b, 0x1a, 0x1a, 0x3a, 
	0x2e, 0x2e, 0x4c, 0x1a, 0x1a, 0x1a, 0x4b, 0x52, 
	0x09, 0x0a, 0x19, 0x1a, 0x1a, 0x1a, 0x35, 0x2e, 
	0x35, 0x3e, 0x1a, 0x1a, 0x45, 0x3a, 0x1a, 0x1a, 
	0x1a, 0x1a, 0x53, 0x37, 0x1a, 0x1a, 0x2c, 0x39, 
	0x2e, 0x33, 0x2c, 0x1a, 0x1a, 0x20, 0x54, 0x55, 
	0x56, 0x57, 0x18, 0x1a, 0x1a, 0x1a, 0x25, 0x2e, 
	0x2e, 0x2d, 0x1a, 0x1a, 0x51, 0x37, 0x1a, 0x1a, 
	0x1a, 0x1a, 0x46, 0x4c, 0x1a, 0x1a, 0x27, 0x2e, 
	0x2e, 0x47, 0x1a, 0x1a, 0x1a, 0x58, 0x59, 0x52, 
	0x52, 0x52, 0x1f, 0x1a, 0x1a, 0x1a, 0x1a, 0x2d, 
	0x2e, 0x2e, 0x36, 0x1a, 0x1a, 0x2c, 0x1a, 0x1a, 
	0x1a, 0x1a, 0x2c, 0x1a, 0x1a, 0x32, 0x42, 0x2e, 
	0x5a, 0x1a, 0x1a, 0x1a, 0x1a, 0x5b, 0x59, 0x52, 
	0x52, 0x52, 0x4b, 0x20, 0x1a, 0x1a, 0x1a, 0x1a, 
	0x27, 0x2e, 0x37, 0x1a, 0x1a, 0x1a, 0x1a, 0x1a, 
	0x1a, 0x1a, 0x1a, 0x1a, 0x1a, 0x46, 0x2e, 0x2d, 
	0x1a, 0x1a, 0x1a, 0x1a, 0x1a, 0x4d, 0x5c, 0x55, 
	0x52, 0x52, 0x52, 0x43, 0x1a, 0x1a, 0x1a, 0x1a, 
	0x2c, 0x39, 0x2e, 0x3c, 0x2c, 0x46, 0x1a, 0x1a, 
	0x1a, 0x1a, 0x5a, 0x2c, 0x51, 0x2e, 0x35, 0x3e, 
	0x1a, 0x1a, 0x1a, 0x1a, 0x5d, 0x5c, 0x5c, 0x55, 
	0x52, 0x52, 0x52, 0x24, 0x20, 0x1a, 0x1a, 0x1a, 
	0x1a, 0x3c, 0x2e, 0x3a, 0x44, 0x42, 0x1a, 0x1a, 
	0x1a, 0x1a, 0x35, 0x27, 0x37, 0x2e, 0x3d, 0x1a, 
	0x1a, 0x1a, 0x1a, 0x20, 0x5e, 0x5f, 0x5c, 0x52, 
	0x52, 0x52, 0x52, 0x60, 0x2a, 0x1a, 0x1a, 0x1a, 
	0x1a, 0x1a, 0x45, 0x2e, 0x42, 0x2e, 0x5a, 0x45, 
	0x45, 0x5a, 0x42, 0x42, 0x2e, 0x37, 0x1a, 0x1a, 
	0x1a, 0x1a, 0x1a, 0x48, 0x61, 0x5f, 0x59, 0x5e, 
	0x52, 0x52, 0x52, 0x52, 0x57, 0x31, 0x1a, 0x1a, 
	0x1a, 0x1a, 0x45, 0x2e, 0x2e, 0x2e, 0x2e, 0x2e, 
	0x2e, 0x2e, 0x2e, 0x2e, 0x2e, 0x53, 0x1a, 0x1a, 
	0x1a, 0x1a, 0x21, 0x5c, 0x5f, 0x5c, 0x5c, 0x52, 
	0x52, 0x52, 0x52, 0x52, 0x4f, 0x07, 0x31, 0x1a, 
	0x1a, 0x1a, 0x2d, 0x2e, 0x2e, 0x2e, 0x2e, 0x2e, 
	0x2e, 0x2e, 0x2e, 0x2e, 0x2e, 0x2f, 0x1a, 0x1a, 
	0x1a, 0x21, 0x59, 0x62, 0x62, 0x59, 0x52, 0x52, 
	0x09, 0x09, 0x57, 0x4f, 0x13, 0x07, 0x1c, 0x3b, 
	0x3f, 0x1a, 0x3e, 0x50, 0x33, 0x2e, 0x2e, 0x53, 
	0x37, 0x2e, 0x2e, 0x33, 0x2d, 0x3e, 0x1a, 0x20, 
	0x63, 0x5c, 0x5c, 0x5c, 0x5c, 0x52, 0x52, 0x4f, 
	0x08, 0x09, 0x09, 0x08, 0x07, 0x22, 0x07, 0x07, 
	0x0a, 0x43, 0x20, 0x1a, 0x1a, 0x2b, 0x2c, 0x1a, 
	0x1a, 0x2c, 0x2b, 0x1a, 0x1a, 0x1a, 0x5d, 0x64, 
	0x5c, 0x59, 0x52, 0x52, 0x52, 0x57, 0x57, 0x07, 
	0x09, 0x09, 0x07, 0x65, 0x07, 0x66, 0x00, 0x22, 
	0x66, 0x06, 0x0a, 0x48, 0x67, 0x20, 0x1a, 0x1a, 
	0x1a, 0x1a, 0x20, 0x67, 0x41, 0x64, 0x59, 0x59, 
	0x55, 0x52, 0x52, 0x09, 0x09, 0x09, 0x09, 0x0a, 
	0x07, 0x07, 0x07, 0x68, 0x00, 0x00, 0x69, 0x10, 
	0x69, 0x66, 0x22, 0x08, 0x4f, 0x0a, 0x6a, 0x4d, 
	0x4d, 0x6a, 0x08, 0x52, 0x52, 0x52, 0x59, 0x52, 
	0x52, 0x52, 0x52, 0x24, 0x09, 0x09, 0x4f, 0x0a, 
	0x07, 0x07, 0x07, 0x00, 0x00, 0x0b, 0x69, 0x69, 
	0x69, 0x69, 0x22, 0x07, 0x08, 0x08, 0x57, 0x57, 
	0x57, 0x57, 0x57, 0x52, 0x52, 0x52, 0x52, 0x52, 
	0x52, 0x52, 0x52, 0x52, 0x57, 0x4e, 0x09, 0x08, 
	
};

Gfx lll_dl_tex1_256x256_074bab950414d116_14_pal_rgba16_aligner[] = {gsSPEndDisplayList()};
u8 lll_dl_tex1_256x256_074bab950414d116_14_pal_rgba16[] = {
	0x5c, 0x1d, 0x64, 0x1d, 0x64, 0x5d, 0x64, 0xa1, 
	0x64, 0x9f, 0x6c, 0xa1, 0x5c, 0x1b, 0x53, 0xdb, 
	0x53, 0xd9, 0x53, 0x99, 0x5b, 0xdb, 0x64, 0x5f, 
	0x6c, 0xa3, 0x64, 0xe1, 0x6c, 0xe3, 0x64, 0x9d, 
	0x5c, 0x5d, 0x63, 0xdb, 0x54, 0x19, 0x53, 0x9b, 
	0x6c, 0xe5, 0x6c, 0xe1, 0x6c, 0x61, 0x42, 0xd3, 
	0x29, 0x4b, 0x10, 0x85, 0x00, 0x01, 0x42, 0x93, 
	0x5b, 0xdd, 0x6c, 0x9f, 0x6d, 0x23, 0x3a, 0x51, 
	0x08, 0x43, 0x39, 0xcf, 0x54, 0x1b, 0x6d, 0x25, 
	0x53, 0x59, 0x60, 0x01, 0x78, 0x01, 0x80, 0x01, 
	0x52, 0xd7, 0x75, 0x23, 0x4a, 0x95, 0x18, 0x01, 
	0x08, 0x01, 0x90, 0x01, 0xf8, 0x01, 0xa0, 0x01, 
	0x20, 0x01, 0x42, 0x51, 0x28, 0x01, 0xe8, 0x01, 
	0x50, 0x01, 0xe0, 0x01, 0x30, 0x01, 0xb8, 0x01, 
	0xd0, 0x01, 0xd8, 0x01, 0xc8, 0x01, 0x52, 0xd5, 
	0x48, 0x01, 0x58, 0x01, 0x10, 0x01, 0x08, 0x83, 
	0x5c, 0x5b, 0x3a, 0x11, 0xf0, 0x01, 0x31, 0xcf, 
	0x70, 0x01, 0xb0, 0x01, 0xa8, 0x01, 0x68, 0x01, 
	0x42, 0x53, 0x21, 0x4b, 0x5b, 0x9b, 0x5b, 0x59, 
	0x40, 0x01, 0x53, 0x17, 0x53, 0x97, 0x4b, 0x99, 
	0x88, 0x01, 0x38, 0x01, 0x4b, 0x57, 0xc0, 0x01, 
	0x5b, 0x97, 0x4b, 0x55, 0x4b, 0x59, 0x4b, 0x97, 
	0x21, 0x09, 0x4b, 0x15, 0x98, 0x01, 0x3a, 0x0f, 
	0x43, 0x15, 0x31, 0x8d, 0x4b, 0x17, 0x42, 0xd5, 
	0x43, 0x57, 0x3a, 0xd3, 0x43, 0x13, 0x4a, 0x53, 
	0x53, 0x57, 0x4b, 0xdb, 0x54, 0x1d, 0x21, 0x49, 
	0x53, 0xdd, 0x5c, 0x5f, 0x5b, 0x99, 
};

Gfx lll_dl_SUPER_MARIO_64_6AA1BE26_0_2_all_rgba16_copy_aligner[] = {gsSPEndDisplayList()};
u8 lll_dl_SUPER_MARIO_64_6AA1BE26_0_2_all_rgba16_copy[] = {
	0x53, 0x15, 0x4a, 0x57, 0x6a, 0xd9, 0x5a, 0x99, 
	0x63, 0x1b, 0x6b, 0x99, 0x6b, 0x19, 0x7b, 0xdd, 
	0x7b, 0x5b, 0x83, 0x9b, 0x63, 0x17, 0x6b, 0x9d, 
	0x8c, 0x21, 0x73, 0x9d, 0x83, 0xdf, 0x7b, 0x9b, 
	0xef, 0x75, 0xdf, 0x37, 0xe6, 0xb7, 0xd6, 0xb5, 
	0xd6, 0xf5, 0xe7, 0xb7, 0xe6, 0xfb, 0xe6, 0xfb, 
	0xee, 0xf5, 0xf7, 0x39, 0xef, 0xfb, 0xef, 0xf9, 
	0xe7, 0x77, 0xdf, 0xbd, 0xd7, 0x37, 0xdf, 0x3b, 
	0x52, 0xd7, 0x5a, 0xd5, 0x62, 0x97, 0x63, 0x57, 
	0x63, 0x57, 0x5a, 0xd9, 0x6b, 0x5d, 0x73, 0x9b, 
	0x73, 0x9d, 0x83, 0xdb, 0x7b, 0x5d, 0x6b, 0x59, 
	0x83, 0x9b, 0x74, 0x1b, 0x7c, 0x1f, 0x7b, 0x19, 
	0xe7, 0x3d, 0xef, 0xbb, 0xe7, 0x3b, 0xd6, 0xb7, 
	0xd6, 0xf7, 0xef, 0x77, 0xf7, 0xfd, 0xe7, 0x79, 
	0xef, 0x3f, 0xff, 0xfb, 0xef, 0x3d, 0xef, 0x39, 
	0xde, 0xf9, 0xdf, 0x35, 0xe7, 0x3b, 0xde, 0xb9, 
	0x63, 0x19, 0x52, 0xd3, 0x5b, 0x17, 0x63, 0x59, 
	0x6b, 0x1b, 0x63, 0x57, 0x7b, 0x9d, 0x73, 0x5f, 
	0x6b, 0x9d, 0x84, 0x21, 0x83, 0xdd, 0x7b, 0x5d, 
	0x6b, 0x57, 0x73, 0x5d, 0x7b, 0xdd, 0x6b, 0x59, 
	0xe7, 0x3b, 0xef, 0x7d, 0xff, 0x7d, 0xe7, 0x7b, 
	0xdf, 0x7b, 0xe7, 0x3b, 0xef, 0x7d, 0xf7, 0xfb, 
	0xf7, 0xff, 0xff, 0xbb, 0xef, 0xfd, 0xf7, 0x39, 
	0xdf, 0x35, 0xe6, 0xf9, 0xdf, 0x35, 0xef, 0x3b, 
	0x53, 0x15, 0x52, 0x95, 0x5a, 0x97, 0x53, 0x59, 
	0x5b, 0x19, 0x73, 0x9b, 0x7b, 0x59, 0x6b, 0x9f, 
	0x74, 0x1d, 0x8b, 0xdd, 0x8b, 0xdf, 0x73, 0x9d, 
	0x74, 0x1d, 0x6b, 0xd9, 0x8b, 0xdf, 0x6b, 0xdd, 
	0xef, 0xfd, 0xe7, 0x77, 0xf7, 0x7d, 0xf7, 0x7d, 
	0xe7, 0x79, 0xef, 0xb9, 0xff, 0xbf, 0xff, 0xfb, 
	0xef, 0xfb, 0xf7, 0xfb, 0xff, 0xbb, 0xff, 0xbb, 
	0xe7, 0xbb, 0xd7, 0x73, 0xd6, 0xb7, 0xe6, 0xb3, 
	0x4b, 0x17, 0x53, 0x15, 0x52, 0xd9, 0x5b, 0x57, 
	0x63, 0x15, 0x5b, 0x19, 0x73, 0x9d, 0x63, 0x1d, 
	0x73, 0x5d, 0x7b, 0xdb, 0x7c, 0x23, 0x8c, 0x5d, 
	0x73, 0x9d, 0x6b, 0x9d, 0x7b, 0xd9, 0x7b, 0x9b, 
	0xef, 0x7f, 0xef, 0xbb, 0xef, 0x35, 0xe6, 0xf9, 
	0xef, 0xb9, 0xf7, 0x7b, 0xf7, 0x7b, 0xf7, 0xfd, 
	0xef, 0x3d, 0xff, 0xb9, 0xef, 0xfb, 0xff, 0xbf, 
	0xef, 0x79, 0xe7, 0x7b, 0xce, 0x35, 0xde, 0xf5, 
	0x5b, 0x5b, 0x62, 0xd5, 0x6b, 0x15, 0x5b, 0x59, 
	0x72, 0xd7, 0x6b, 0x57, 0x5a, 0xdb, 0x73, 0xd9, 
	0x7b, 0x9f, 0x73, 0x5f, 0x8b, 0xdd, 0x7b, 0xdd, 
	0x7b, 0xd9, 0x6b, 0x9f, 0x6b, 0xdb, 0x6b, 0x1d, 
	0xe7, 0x7b, 0xe7, 0x79, 0xef, 0x77, 0xde, 0x73, 
	0xdf, 0x73, 0xee, 0xf9, 0xe6, 0xfb, 0xef, 0x77, 
	0xe7, 0x7b, 0xff, 0xf7, 0xf7, 0x79, 0xff, 0xbd, 
	0xf7, 0x7d, 0xde, 0xf3, 0xd7, 0x33, 0xde, 0x73, 
	0x6b, 0x1b, 0x53, 0x17, 0x62, 0x99, 0x62, 0x99, 
	0x53, 0x17, 0x6b, 0x19, 0x5b, 0x13, 0x6b, 0x17, 
	0x6b, 0x9d, 0x7b, 0x5b, 0x73, 0x5d, 0x7c, 0x1d, 
	0x73, 0xdf, 0x7b, 0x5d, 0x73, 0x5f, 0x63, 0x9b, 
	0xef, 0xff, 0xff, 0xfb, 0xef, 0xbf, 0xe7, 0x75, 
	0xde, 0xf5, 0xef, 0x37, 0xef, 0xb9, 0xff, 0x7b, 
	0xff, 0xff, 0xff, 0xfd, 0xff, 0xfd, 0xef, 0x7f, 
	0xef, 0xbd, 0xf7, 0x7b, 0xef, 0x7b, 0xde, 0xf7, 
	0x6a, 0xd9, 0x4a, 0x99, 0x6b, 0x57, 0x52, 0xd7, 
	0x5b, 0x15, 0x53, 0x17, 0x5b, 0x13, 0x52, 0x93, 
	0x62, 0x59, 0x62, 0xd7, 0x6b, 0x19, 0x73, 0x17, 
	0x73, 0x17, 0x6a, 0xd5, 0x62, 0xdb, 0x7b, 0x5d, 
	0xff, 0xbd, 0xff, 0xbf, 0xf7, 0xbd, 0xe7, 0xbd, 
	0xe7, 0x39, 0xf7, 0xbb, 0xff, 0x7b, 0xf7, 0xb9, 
	0xf7, 0xbb, 0xf7, 0xfd, 0xff, 0xbb, 0xef, 0x39, 
	0xf7, 0xbb, 0xef, 0x7b, 0xef, 0xb7, 0xf7, 0x79, 
	0x73, 0x59, 0x63, 0x59, 0x63, 0x15, 0x52, 0x95, 
	0x4b, 0x17, 0x5a, 0x93, 0x52, 0xd3, 0x62, 0x93, 
	0x6a, 0x97, 0x63, 0x57, 0x6b, 0x19, 0x52, 0xd5, 
	0x6a, 0xd7, 0x5b, 0x57, 0x6b, 0x15, 0x73, 0x1d, 
	0xef, 0xbd, 0xff, 0x3d, 0xff, 0x7b, 0xf7, 0xf9, 
	0xdf, 0x3b, 0xff, 0xb9, 0xf7, 0x39, 0xef, 0x7f, 
	0xff, 0xbf, 0xff, 0xfd, 0xf7, 0xfd, 0xff, 0xfb, 
	0xef, 0xf7, 0xe7, 0x39, 0xef, 0xb9, 0xf7, 0x77, 
	0x7b, 0x5d, 0x5b, 0x5b, 0x5a, 0xd5, 0x6b, 0x99, 
	0x6b, 0x55, 0x63, 0x15, 0x6b, 0x57, 0x4a, 0xd5, 
	0x5b, 0x17, 0x4b, 0x17, 0x5a, 0x95, 0x52, 0x97, 
	0x5a, 0x99, 0x63, 0x19, 0x62, 0x99, 0x5a, 0xd7, 
	0xe7, 0x77, 0xef, 0x35, 0xf7, 0x39, 0xf7, 0x39, 
	0xe7, 0x77, 0xef, 0x3d, 0xef, 0x79, 0xef, 0xbb, 
	0xef, 0xbf, 0xef, 0xff, 0xff, 0xfd, 0xef, 0x79, 
	0xef, 0xbb, 0xf7, 0x77, 0xee, 0xfb, 0xf7, 0xff, 
	0x6b, 0xd9, 0x5b, 0x5b, 0x62, 0xd5, 0x63, 0x19, 
	0x53, 0x55, 0x62, 0x99, 0x6b, 0x99, 0x6a, 0x95, 
	0x62, 0x99, 0x5a, 0x97, 0x5a, 0xd9, 0x5a, 0xd7, 
	0x5b, 0x17, 0x63, 0x55, 0x53, 0x57, 0x5b, 0x5b, 
	0xdf, 0x79, 0xee, 0xf5, 0xe6, 0xf9, 0xdf, 0x39, 
	0xf7, 0x7d, 0xf7, 0xbb, 0xf7, 0xfb, 0xf7, 0xbd, 
	0xf7, 0x79, 0xf7, 0xbf, 0xff, 0xfd, 0xf7, 0xff, 
	0xf7, 0x79, 0xdf, 0x37, 0xe7, 0x77, 0xef, 0xbf, 
	0x5b, 0x19, 0x6b, 0x97, 0x5a, 0xd7, 0x52, 0x99, 
	0x5a, 0xd7, 0x5a, 0xd9, 0x52, 0xd7, 0x5b, 0x15, 
	0x5a, 0x9b, 0x4b, 0x19, 0x5b, 0x5b, 0x6b, 0x5b, 
	0x72, 0xd7, 0x53, 0x19, 0x6b, 0x15, 0x5a, 0xd7, 
	0xe7, 0x77, 0xe6, 0xb3, 0xde, 0xb3, 0xce, 0xb5, 
	0xe6, 0xf7, 0xee, 0xf5, 0xef, 0x7d, 0xe7, 0x79, 
	0xf7, 0xbb, 0xff, 0xbd, 0xef, 0xbf, 0xff, 0xff, 
	0xf7, 0xf9, 0xde, 0xf9, 0xf7, 0x3b, 0xf7, 0xb9, 
	0x62, 0xdb, 0x5b, 0x99, 0x5b, 0x59, 0x5a, 0xd3, 
	0x5a, 0xd7, 0x62, 0xd9, 0x5b, 0x15, 0x62, 0x95, 
	0x62, 0x95, 0x5a, 0xdb, 0x6a, 0xd9, 0x6b, 0x5b, 
	0x62, 0x99, 0x5a, 0xdb, 0x6b, 0x55, 0x73, 0x9d, 
	0xe6, 0xfb, 0xdf, 0x37, 0xdf, 0xb9, 0xdf, 0x79, 
	0xf7, 0x3b, 0xf7, 0x77, 0xe6, 0xf9, 0xe7, 0x77, 
	0xd6, 0xb9, 0xff, 0x77, 0xf7, 0xbd, 0xf7, 0xff, 
	0xe7, 0xbd, 0xe7, 0x39, 0xe7, 0x39, 0xef, 0x79, 
	0x6b, 0x99, 0x5b, 0x5b, 0x6b, 0x17, 0x52, 0x93, 
	0x5a, 0x95, 0x52, 0x99, 0x5a, 0xdb, 0x62, 0xd9, 
	0x5a, 0xd9, 0x62, 0xdb, 0x62, 0x97, 0x5a, 0xd7, 
	0x5b, 0x15, 0x5a, 0x95, 0x5b, 0x59, 0x6b, 0x59, 
	0xef, 0xbb, 0xff, 0x7d, 0xef, 0x7b, 0xef, 0x39, 
	0xef, 0xb9, 0xef, 0x7b, 0xe7, 0x3d, 0xf7, 0x77, 
	0xef, 0x77, 0xf7, 0xf9, 0xff, 0xfd, 0xff, 0xb9, 
	0xf7, 0x7f, 0xef, 0x7d, 0xde, 0xbb, 0xd6, 0xf5, 
	0x73, 0x1d, 0x6b, 0x97, 0x6b, 0x15, 0x63, 0x5b, 
	0x52, 0xd9, 0x5a, 0xd5, 0x62, 0xdb, 0x62, 0xd9, 
	0x6b, 0x17, 0x62, 0xd7, 0x63, 0x9b, 0x63, 0x57, 
	0x62, 0xd5, 0x62, 0x99, 0x6b, 0x17, 0x6b, 0x1b, 
	0xee, 0xb9, 0xe6, 0xf7, 0xd6, 0xf7, 0xe6, 0x73, 
	0xe6, 0x77, 0xdf, 0xb7, 0xe7, 0x77, 0xf7, 0xb9, 
	0xf6, 0xf9, 0xee, 0xf7, 0xe7, 0x79, 0xf7, 0x39, 
	0xf7, 0x3b, 0xff, 0x37, 0xf7, 0x77, 0xef, 0x35, 
	0x6b, 0xdb, 0x5b, 0x57, 0x63, 0x15, 0x73, 0x57, 
	0x6a, 0x95, 0x5b, 0x55, 0x6b, 0x5b, 0x62, 0x95, 
	0x72, 0xd9, 0x63, 0x57, 0x62, 0xdb, 0x6a, 0xd9, 
	0x53, 0x57, 0x62, 0x99, 0x5a, 0x95, 0x5a, 0x93, 
	0xce, 0x6f, 0xce, 0xb5, 0xc6, 0xb3, 0xde, 0xb5, 
	0xc6, 0x73, 0xe6, 0xb5, 0xef, 0x39, 0xff, 0xbb, 
	0xf7, 0x39, 0xd7, 0x3b, 0xdf, 0x39, 0xff, 0x39, 
	0xe7, 0x3b, 0xef, 0xbb, 0xdf, 0x39, 0xe7, 0x39, 
	0xde, 0xb9, 0xce, 0xf5, 0xdf, 0x7b, 0xe7, 0x7b, 
	0xf7, 0x39, 0xee, 0xf9, 0xe7, 0x39, 0xdf, 0x79, 
	0xe6, 0xf7, 0xdf, 0x37, 0xde, 0xf7, 0xe7, 0x7b, 
	0xdf, 0x79, 0xee, 0xf5, 0xce, 0xf5, 0xce, 0xb3, 
	0x53, 0x17, 0x5a, 0xd3, 0x5a, 0x59, 0x5a, 0x97, 
	0x4a, 0xd5, 0x6b, 0x19, 0x6a, 0xd5, 0x63, 0x17, 
	0x63, 0x19, 0x6b, 0x17, 0x63, 0x57, 0x63, 0xdd, 
	0x63, 0x99, 0x63, 0x99, 0x63, 0x97, 0x5a, 0x97, 
	0xd7, 0x39, 0xce, 0xb5, 0xdf, 0x39, 0xdf, 0x7b, 
	0xef, 0xb9, 0xef, 0x79, 0xef, 0x7f, 0xf6, 0xf9, 
	0xe7, 0x35, 0xe7, 0x75, 0xde, 0xf7, 0xee, 0xf7, 
	0xee, 0xf7, 0xcf, 0x31, 0xde, 0xf7, 0xce, 0xf1, 
	0x4a, 0xd7, 0x63, 0x13, 0x62, 0x53, 0x53, 0x55, 
	0x63, 0x57, 0x6a, 0xd7, 0x63, 0x19, 0x6b, 0x59, 
	0x73, 0x99, 0x72, 0xdb, 0x5a, 0xd5, 0x63, 0x19, 
	0x73, 0x5b, 0x62, 0xdb, 0x6b, 0x5b, 0x63, 0x97, 
	0xdf, 0x35, 0xe6, 0xf5, 0xe7, 0xbb, 0xee, 0xf9, 
	0xe7, 0x79, 0xe7, 0x7f, 0xe7, 0xbd, 0xef, 0x79, 
	0xde, 0xf9, 0xe6, 0xf5, 0xe7, 0x35, 0xe6, 0xfb, 
	0xff, 0xb7, 0xef, 0x3b, 0xd6, 0xb9, 0xce, 0xf3, 
	0x52, 0xd5, 0x52, 0x97, 0x5b, 0x13, 0x5a, 0x97, 
	0x52, 0x97, 0x62, 0xdb, 0x6a, 0x99, 0x53, 0x55, 
	0x6b, 0x1b, 0x6b, 0x5b, 0x72, 0xd5, 0x52, 0xd7, 
	0x53, 0x15, 0x6b, 0x57, 0x5a, 0x95, 0x6b, 0xd7, 
	0xce, 0xb5, 0xe6, 0x79, 0xe7, 0x79, 0xe7, 0x3d, 
	0xf7, 0xf9, 0xef, 0xfd, 0xef, 0x3b, 0xe7, 0x7d, 
	0xd6, 0xf7, 0xe6, 0xb3, 0xce, 0xf7, 0xce, 0xb3, 
	0xee, 0xf5, 0xdf, 0x79, 0xe6, 0xf5, 0xe6, 0xf3, 
	0x53, 0x59, 0x63, 0x17, 0x53, 0x59, 0x5a, 0xd9, 
	0x4a, 0xd5, 0x5b, 0x13, 0x63, 0x13, 0x53, 0x15, 
	0x63, 0x59, 0x6b, 0x17, 0x6b, 0xd7, 0x62, 0xd7, 
	0x52, 0xd9, 0x52, 0xd9, 0x5a, 0xd5, 0x6b, 0x5b, 
	0xce, 0x75, 0xd6, 0xb9, 0xe7, 0x39, 0xde, 0xf7, 
	0xe7, 0xbb, 0xf7, 0xfd, 0xef, 0xfd, 0xe7, 0x39, 
	0xd6, 0xf7, 0xdf, 0x39, 0xe6, 0x31, 0xd6, 0xb3, 
	0xce, 0x75, 0xd7, 0x33, 0xe6, 0xf9, 0xce, 0x71, 
	0x63, 0x53, 0x62, 0xd5, 0x6a, 0xd7, 0x6a, 0xdb, 
	0x6a, 0xd9, 0x5a, 0x97, 0x6a, 0xd9, 0x53, 0x17, 
	0x6b, 0x57, 0x63, 0x1b, 0x73, 0x97, 0x63, 0x97, 
	0x5b, 0x55, 0x5b, 0x17, 0x5a, 0xd9, 0x63, 0x57, 
	0xd6, 0xb5, 0xee, 0xb9, 0xee, 0xf7, 0xe7, 0x3b, 
	0xf6, 0xfb, 0xef, 0xbd, 0xf7, 0xfb, 0xff, 0xbf, 
	0xef, 0xff, 0xee, 0xf9, 0xd6, 0xf5, 0xde, 0xb5, 
	0xce, 0x33, 0xe6, 0xf3, 0xde, 0x75, 0xc6, 0x73, 
	0x52, 0xd9, 0x63, 0x17, 0x62, 0x95, 0x5b, 0x1b, 
	0x63, 0x55, 0x6b, 0x59, 0x5b, 0x5b, 0x63, 0x19, 
	0x53, 0x15, 0x63, 0x19, 0x73, 0x5b, 0x63, 0xdd, 
	0x6b, 0x19, 0x63, 0x19, 0x6b, 0x15, 0x62, 0xd7, 
	0xdf, 0x37, 0xee, 0xb3, 0xe7, 0x3b, 0xe7, 0x3b, 
	0xf7, 0x3b, 0xf7, 0x7d, 0xef, 0xbd, 0xff, 0x3b, 
	0xff, 0xbf, 0xef, 0xb9, 0xe6, 0xb7, 0xde, 0x77, 
	0xce, 0x71, 0xd6, 0x71, 0xe6, 0x73, 0xd6, 0xb3, 
	0x62, 0x95, 0x52, 0x97, 0x62, 0x99, 0x6b, 0x15, 
	0x73, 0x9b, 0x6b, 0x57, 0x63, 0x19, 0x5a, 0xd9, 
	0x5b, 0x99, 0x63, 0x17, 0x73, 0xdb, 0x73, 0xdd, 
	0x83, 0xd9, 0x73, 0xdd, 0x7b, 0xd9, 0x73, 0x5b, 
	0xf7, 0xbd, 0xf7, 0xbb, 0xff, 0xbd, 0xdf, 0x7b, 
	0xff, 0xbd, 0xef, 0x3b, 0xff, 0x7f, 0xf7, 0xbd, 
	0xff, 0xff, 0xef, 0x7f, 0xef, 0x39, 0xd7, 0x77, 
	0xe7, 0x33, 0xde, 0xb5, 0xe7, 0x35, 0xd7, 0x35, 
	0x5a, 0x57, 0x52, 0x59, 0x6b, 0x5b, 0x6b, 0x17, 
	0x62, 0xd7, 0x62, 0xd9, 0x6b, 0x1b, 0x63, 0x1b, 
	0x6b, 0x1d, 0x6b, 0x1b, 0x74, 0x21, 0x7b, 0x5f, 
	0x7c, 0x5f, 0x83, 0x5d, 0x83, 0x5f, 0x73, 0x5f, 
	0xff, 0xbf, 0xef, 0x7d, 0xff, 0xfd, 0xff, 0x7b, 
	0xff, 0x7b, 0xe7, 0x7b, 0xff, 0xbb, 0xef, 0xfb, 
	0xf7, 0xbf, 0xef, 0xbf, 0xef, 0xf9, 0xf7, 0x79, 
	0xde, 0xf9, 0xd6, 0xf3, 0xcf, 0x37, 0xdf, 0x35, 
	0x62, 0xd5, 0x52, 0xd7, 0x63, 0x57, 0x72, 0xd9, 
	0x73, 0x1b, 0x73, 0x17, 0x63, 0x17, 0x73, 0x99, 
	0x62, 0xd9, 0x62, 0xdd, 0x7b, 0x5f, 0x8b, 0xe1, 
	0x74, 0x5b, 0x73, 0xdd, 0x73, 0x9f, 0x7b, 0x9d, 
	0xf7, 0xbf, 0xf7, 0xfb, 0xf7, 0x7b, 0xf7, 0x7d, 
	0xe7, 0xb9, 0xe7, 0xbb, 0xef, 0xbb, 0xf7, 0xbd, 
	0xf7, 0xbd, 0xef, 0x3f, 0xff, 0xbb, 0xef, 0xbd, 
	0xe6, 0xfb, 0xd6, 0xf5, 0xde, 0x75, 0xd6, 0x75, 
	0x6b, 0x59, 0x52, 0x93, 0x52, 0xd7, 0x63, 0x19, 
	0x73, 0x5d, 0x7b, 0x5f, 0x7b, 0xdb, 0x73, 0x99, 
	0x62, 0xd9, 0x63, 0x19, 0x63, 0x9d, 0x73, 0xe1, 
	0x8b, 0xdf, 0x8c, 0x21, 0x73, 0x9d, 0x73, 0x1d, 
	0xf7, 0x7d, 0xff, 0x7d, 0xff, 0xfb, 0xe7, 0xbd, 
	0xff, 0x7d, 0xe7, 0xbd, 0xef, 0x3b, 0xef, 0xb9, 
	0xff, 0xff, 0xe7, 0xbb, 0xff, 0xb9, 0xf7, 0x7d, 
	0xef, 0x79, 0xe7, 0x7b, 0xe7, 0x39, 0xdf, 0x37, 
	0x53, 0x19, 0x52, 0xd7, 0x52, 0xd7, 0x4a, 0x59, 
	0x73, 0x17, 0x6b, 0x19, 0x84, 0x1d, 0x74, 0x1d, 
	0x74, 0x19, 0x73, 0x1b, 0x6b, 0x5d, 0x6b, 0x1d, 
	0x73, 0x9b, 0x7b, 0x9b, 0x73, 0x9b, 0x6b, 0x19, 
	0xef, 0x7d, 0xdf, 0x79, 0xe7, 0x79, 0xde, 0xf7, 
	0xff, 0xfd, 0xff, 0x7d, 0xe7, 0x39, 0xef, 0xfd, 
	0xff, 0xbd, 0xf7, 0xfb, 0xff, 0xfb, 0xff, 0xbf, 
	0xff, 0x7d, 0xff, 0x79, 0xde, 0xf7, 0xde, 0xb3, 
	0x4a, 0xd3, 0x53, 0x13, 0x52, 0xd9, 0x42, 0x55, 
	0x5a, 0x97, 0x5a, 0x95, 0x83, 0x9b, 0x8b, 0xdf, 
	0x74, 0x1d, 0x7c, 0x1b, 0x6b, 0x99, 0x6b, 0x5b, 
	0x73, 0x5b, 0x5b, 0x5b, 0x63, 0x57, 0x73, 0x99, 
	0xff, 0xbf, 0xef, 0x37, 0xff, 0x7b, 0xf7, 0xbd, 
	0xff, 0xfd, 0xff, 0x3d, 0xff, 0xf9, 0xff, 0x7d, 
	0xf7, 0x7d, 0xef, 0x7b, 0xef, 0xfb, 0xf7, 0x7b, 
	0xf7, 0xbb, 0xef, 0xf9, 0xff, 0xbb, 0xdf, 0x79, 
	0x62, 0xd5, 0x62, 0x97, 0x5a, 0x93, 0x52, 0x95, 
	0x52, 0xd3, 0x5a, 0xd7, 0x6a, 0xd9, 0x7b, 0xdd, 
	0x8c, 0x63, 0x7c, 0x1b, 0x84, 0x1f, 0x73, 0xd9, 
	0x6a, 0xd7, 0x73, 0x9d, 0x73, 0x9d, 0x6b, 0x1d, 
	0xee, 0xb5, 0xde, 0xb7, 0xee, 0xf9, 0xef, 0xf9, 
	0xf7, 0x79, 0xf7, 0x7b, 0xff, 0xbf, 0xff, 0x3d, 
	0xff, 0xbf, 0xff, 0xbb, 0xf7, 0x7b, 0xe7, 0x79, 
	0xf7, 0xb9, 0xf7, 0xb7, 0xef, 0x77, 0xef, 0xbb, 
	0x63, 0x15, 0x63, 0x57, 0x63, 0x5b, 0x5a, 0xd9, 
	0x5a, 0xd7, 0x6a, 0xd5, 0x63, 0x19, 0x63, 0x17, 
	0x7b, 0xe1, 0x8c, 0x63, 0x7c, 0x5d, 0x84, 0x21, 
	0x8c, 0x1f, 0x7b, 0x9d, 0x73, 0x5b, 0x62, 0xd7, 
	0xe6, 0xf7, 0xe7, 0x39, 0xee, 0xf7, 0xde, 0xf5, 
	0xef, 0x3b, 0xf7, 0x39, 0xef, 0x79, 0xef, 0xbb, 
	0xff, 0xbd, 0xef, 0xbf, 0xf7, 0xbb, 0xf7, 0xbf, 
	0xf7, 0xbf, 0xef, 0x7b, 0xef, 0x7b, 0xef, 0x39, 
	0x73, 0x9b, 0x63, 0x17, 0x62, 0xd7, 0x62, 0xd5, 
	0x6b, 0x19, 0x63, 0x17, 0x5b, 0x17, 0x6b, 0x19, 
	0x73, 0x1b, 0x7b, 0x9d, 0x73, 0x59, 0x73, 0xa1, 
	0x7c, 0x1d, 0x7c, 0x1d, 0x73, 0x1b, 0x63, 0x15, 
	0xde, 0xb3, 0xd6, 0xf5, 0xdf, 0x3b, 0xe7, 0x3d, 
	0xe6, 0xf7, 0xe7, 0x79, 0xf7, 0xbd, 0xef, 0xfb, 
	0xef, 0x7d, 0xef, 0xfb, 0xf7, 0xff, 0xff, 0xbf, 
	0xff, 0x7f, 0xef, 0xfb, 0xe7, 0xbb, 0xff, 0x7d, 
	0x6b, 0xd7, 0x73, 0x57, 0x6b, 0x17, 0x73, 0x1b, 
	0x63, 0x17, 0x62, 0x99, 0x5a, 0x53, 0x6b, 0x19, 
	0x5b, 0x59, 0x7b, 0xd9, 0x6b, 0xd9, 0x83, 0x9b, 
	0x73, 0xdf, 0x6b, 0x5d, 0x63, 0x5b, 0x5a, 0xd7, 
	
};

Vtx lll_dl_Cube_001_mesh_layer_5_vtx_cull[8] = {
	{{ {-1116, -1220, 310}, 0, {0, 0}, {0, 0, 0, 0} }},
	{{ {-1116, 2965, 310}, 0, {0, 0}, {0, 0, 0, 0} }},
	{{ {-1116, 2965, -11820}, 0, {0, 0}, {0, 0, 0, 0} }},
	{{ {-1116, -1220, -11820}, 0, {0, 0}, {0, 0, 0, 0} }},
	{{ {6776, -1220, 310}, 0, {0, 0}, {0, 0, 0, 0} }},
	{{ {6776, 2965, 310}, 0, {0, 0}, {0, 0, 0, 0} }},
	{{ {6776, 2965, -11820}, 0, {0, 0}, {0, 0, 0, 0} }},
	{{ {6776, -1220, -11820}, 0, {0, 0}, {0, 0, 0, 0} }},
};

Vtx lll_dl_Cube_001_mesh_layer_5_vtx_0[16] = {
	{{ {-41, -17, 33}, 0, {-20, 6126}, {166, 0, 166, 255} }},
	{{ {-41, 2963, 33}, 0, {-20, -10540}, {166, 0, 166, 255} }},
	{{ {36, 2963, -44}, 0, {-963, -10540}, {166, 0, 166, 255} }},
	{{ {36, -23, -44}, 0, {-963, 6170}, {166, 0, 166, 255} }},
	{{ {-35, -7, 45}, 0, {-985, 5910}, {90, 0, 90, 255} }},
	{{ {42, -22, -32}, 0, {-42, 6009}, {90, 0, 90, 255} }},
	{{ {42, 2965, -32}, 0, {-42, -10702}, {90, 0, 90, 255} }},
	{{ {-35, 2965, 45}, 0, {-985, -10702}, {90, 0, 90, 255} }},
	{{ {34, -22, 45}, 0, {984, 6130}, {166, 0, 90, 255} }},
	{{ {34, 2965, 45}, 0, {984, -10581}, {166, 0, 90, 255} }},
	{{ {-42, 2965, -32}, 0, {42, -10581}, {166, 0, 90, 255} }},
	{{ {-42, -22, -32}, 0, {42, 6130}, {166, 0, 90, 255} }},
	{{ {42, -22, 37}, 0, {1068, 6090}, {90, 0, 166, 255} }},
	{{ {-35, -22, -39}, 0, {2011, 6090}, {90, 0, 166, 255} }},
	{{ {-35, 2965, -39}, 0, {2011, -10621}, {90, 0, 166, 255} }},
	{{ {42, 2965, 37}, 0, {1068, -10621}, {90, 0, 166, 255} }},
};

Gfx lll_dl_Cube_001_mesh_layer_5_tri_0[] = {
	gsSPVertex(lll_dl_Cube_001_mesh_layer_5_vtx_0 + 0, 16, 0),
	gsSP2Triangles(0, 1, 2, 0, 0, 2, 3, 0),
	gsSP2Triangles(4, 5, 6, 0, 4, 6, 7, 0),
	gsSP2Triangles(8, 9, 10, 0, 8, 10, 11, 0),
	gsSP2Triangles(12, 13, 14, 0, 12, 14, 15, 0),
	gsSPEndDisplayList(),
};

Vtx lll_dl_Cube_002_mesh_layer_5_vtx_cull[8] = {
	{{ {-9509, -9712, 9197}, 0, {0, 0}, {0, 0, 0, 0} }},
	{{ {-9509, 3938, 9197}, 0, {0, 0}, {0, 0, 0, 0} }},
	{{ {-9509, 3938, -9503}, 0, {0, 0}, {0, 0, 0, 0} }},
	{{ {-9509, -9712, -9503}, 0, {0, 0}, {0, 0, 0, 0} }},
	{{ {3233, -9712, 9197}, 0, {0, 0}, {0, 0, 0, 0} }},
	{{ {3233, 3938, 9197}, 0, {0, 0}, {0, 0, 0, 0} }},
	{{ {3233, 3938, -9503}, 0, {0, 0}, {0, 0, 0, 0} }},
	{{ {3233, -9712, -9503}, 0, {0, 0}, {0, 0, 0, 0} }},
};

Vtx lll_dl_Cube_002_mesh_layer_5_vtx_0[4] = {
	{{ {-9273, -9712, -1842}, 0, {-1394, 2386}, {255, 255, 255, 54} }},
	{{ {-6916, -9712, -1842}, 0, {2386, 2386}, {255, 255, 255, 68} }},
	{{ {-6680, -9712, -7678}, 0, {2386, -1394}, {254, 0, 0, 50} }},
	{{ {-9509, -9712, -7678}, 0, {-1394, -1394}, {254, 0, 0, 54} }},
};

Gfx lll_dl_Cube_002_mesh_layer_5_tri_0[] = {
	gsSPVertex(lll_dl_Cube_002_mesh_layer_5_vtx_0 + 0, 4, 0),
	gsSP2Triangles(0, 1, 2, 0, 0, 2, 3, 0),
	gsSPEndDisplayList(),
};

Vtx lll_dl_Cube_006_mesh_layer_1_vtx_cull[8] = {
	{{ {-9388, -3489, 9197}, 0, {0, 0}, {0, 0, 0, 0} }},
	{{ {-9388, 5724, 9197}, 0, {0, 0}, {0, 0, 0, 0} }},
	{{ {-9388, 5724, -9503}, 0, {0, 0}, {0, 0, 0, 0} }},
	{{ {-9388, -3489, -9503}, 0, {0, 0}, {0, 0, 0, 0} }},
	{{ {3947, -3489, 9197}, 0, {0, 0}, {0, 0, 0, 0} }},
	{{ {3947, 5724, 9197}, 0, {0, 0}, {0, 0, 0, 0} }},
	{{ {3947, 5724, -9503}, 0, {0, 0}, {0, 0, 0, 0} }},
	{{ {3947, -3489, -9503}, 0, {0, 0}, {0, 0, 0, 0} }},
};

Vtx lll_dl_Cube_006_mesh_layer_1_vtx_0[647] = {
	{{ {-8258, 2740, 5389}, 0, {-1350, 405}, {96, 68, 29, 255} }},
	{{ {-9368, 2746, 5389}, 0, {-2206, 400}, {96, 68, 29, 255} }},
	{{ {-9368, -540, 5389}, 0, {-2206, 2933}, {96, 68, 29, 255} }},
	{{ {-9384, 1388, 5018}, 0, {-7610, -2032}, {75, 55, 40, 255} }},
	{{ {-9384, -1272, 5018}, 0, {-7610, 1318}, {96, 66, 40, 255} }},
	{{ {-9384, -1272, 2177}, 0, {-4033, 1318}, {87, 62, 40, 255} }},
	{{ {-9384, -1272, -1209}, 0, {230, 1318}, {75, 55, 40, 255} }},
	{{ {-9384, -1272, 1511}, 0, {-3194, 1318}, {85, 60, 40, 255} }},
	{{ {-9384, 1388, -1209}, 0, {230, -2032}, {75, 55, 40, 255} }},
	{{ {-8755, -1272, -1209}, 0, {-3639, 2541}, {75, 55, 40, 255} }},
	{{ {-9384, -1272, -1209}, 0, {-3639, 3346}, {75, 55, 40, 255} }},
	{{ {-9384, -1272, 1511}, 0, {-250, 3346}, {85, 60, 40, 255} }},
	{{ {-8690, -1272, -1209}, 0, {-3639, 2458}, {75, 55, 40, 255} }},
	{{ {-8334, -1272, -1209}, 0, {-3639, 2001}, {75, 55, 40, 255} }},
	{{ {-8269, -1272, -1209}, 0, {-3639, 1919}, {75, 55, 40, 255} }},
	{{ {-6723, -1272, -1209}, 0, {-3639, -62}, {113, 73, 37, 255} }},
	{{ {-6723, -1272, 1510}, 0, {-250, -62}, {120, 80, 55, 255} }},
	{{ {-4934, -1272, 1510}, 0, {-251, -2354}, {116, 83, 58, 255} }},
	{{ {-4934, -1272, -1209}, 0, {-3639, -2354}, {119, 79, 55, 255} }},
	{{ {-8755, -1272, -1209}, 0, {368, 691}, {75, 55, 40, 255} }},
	{{ {-8755, -445, -1659}, 0, {448, 691}, {103, 72, 50, 255} }},
	{{ {-8755, -1272, -1659}, 0, {368, 691}, {75, 56, 42, 255} }},
	{{ {-8755, -445, -1209}, 0, {448, 691}, {75, 55, 40, 255} }},
	{{ {-8512, -283, -1659}, 0, {448, 668}, {103, 72, 50, 255} }},
	{{ {-8512, -283, -1209}, 0, {448, 668}, {75, 55, 40, 255} }},
	{{ {-8269, -445, -1659}, 0, {448, 645}, {103, 72, 50, 255} }},
	{{ {-8269, -445, -1209}, 0, {448, 645}, {75, 55, 40, 255} }},
	{{ {-8269, -643, -1659}, 0, {429, 645}, {103, 72, 50, 255} }},
	{{ {-8269, -643, -1209}, 0, {429, 645}, {75, 55, 40, 255} }},
	{{ {-8269, -1272, -1659}, 0, {368, 645}, {99, 75, 63, 255} }},
	{{ {-8269, -1272, -1209}, 0, {368, 645}, {75, 55, 40, 255} }},
	{{ {-6723, 1388, -1659}, 0, {-16, 1008}, {57, 41, 21, 255} }},
	{{ {-9384, 1388, -1659}, 0, {-16, 1008}, {57, 41, 21, 255} }},
	{{ {-9384, 1388, -1209}, 0, {-16, 1008}, {75, 55, 40, 255} }},
	{{ {-7460, 1388, -1209}, 0, {-16, 1008}, {75, 55, 40, 108} }},
	{{ {-6723, 1388, -1209}, 0, {-16, 1008}, {112, 72, 38, 255} }},
	{{ {-6723, -445, -1209}, 0, {-16, 1008}, {75, 55, 40, 255} }},
	{{ {-6723, -445, -1659}, 0, {-16, 1008}, {103, 72, 50, 255} }},
	{{ {-6723, -1272, -1209}, 0, {-16, 1008}, {113, 73, 37, 255} }},
	{{ {-6723, -1272, -1659}, 0, {-16, 1008}, {103, 72, 50, 255} }},
	{{ {-8334, -1272, -1209}, 0, {213, 496}, {75, 55, 40, 255} }},
	{{ {-8269, -1272, -1209}, 0, {219, 496}, {75, 55, 40, 255} }},
	{{ {-8269, -1272, -1157}, 0, {219, 496}, {159, 133, 121, 255} }},
	{{ {-8334, -1272, -1157}, 0, {213, 496}, {157, 131, 119, 255} }},
	{{ {-8755, -1272, -1209}, 0, {173, 496}, {75, 55, 40, 255} }},
	{{ {-8690, -1272, -1209}, 0, {179, 496}, {75, 55, 40, 255} }},
	{{ {-8690, -1272, -1157}, 0, {179, 496}, {159, 133, 121, 255} }},
	{{ {-8755, -1272, -1157}, 0, {173, 496}, {159, 133, 121, 255} }},
	{{ {-8755, -1272, -1659}, 0, {-2849, 2175}, {75, 56, 42, 255} }},
	{{ {-9384, -1272, -1659}, 0, {-3999, 2175}, {105, 73, 51, 255} }},
	{{ {-9384, 1388, -1659}, 0, {-3999, -2692}, {57, 41, 21, 255} }},
	{{ {-8755, -445, -1659}, 0, {-2849, 662}, {103, 72, 50, 255} }},
	{{ {-8512, -283, -1659}, 0, {-2405, 365}, {103, 72, 50, 255} }},
	{{ {-6723, -445, -1659}, 0, {868, 662}, {103, 72, 50, 255} }},
	{{ {-6723, 1388, -1659}, 0, {868, -2692}, {57, 41, 21, 255} }},
	{{ {-8269, -445, -1659}, 0, {-1960, 662}, {103, 72, 50, 255} }},
	{{ {-8269, -643, -1659}, 0, {-1960, 1024}, {103, 72, 50, 255} }},
	{{ {-6723, -1272, -1659}, 0, {868, 2175}, {103, 72, 50, 255} }},
	{{ {-8269, -1272, -1659}, 0, {-1960, 2175}, {99, 75, 63, 255} }},
	{{ {-9384, 1388, -1209}, 0, {624, 752}, {75, 55, 40, 255} }},
	{{ {-9384, -1272, -1209}, 0, {368, 752}, {75, 55, 40, 255} }},
	{{ {-9384, -1272, -1659}, 0, {368, 752}, {105, 73, 51, 255} }},
	{{ {-9384, 1388, -1659}, 0, {624, 752}, {57, 41, 21, 255} }},
	{{ {-9384, -1272, -1209}, 0, {112, 496}, {75, 55, 40, 255} }},
	{{ {-8755, -1272, -1209}, 0, {173, 496}, {75, 55, 40, 255} }},
	{{ {-8755, -1272, -1659}, 0, {173, 496}, {75, 56, 42, 255} }},
	{{ {-9384, -1272, -1659}, 0, {112, 496}, {105, 73, 51, 255} }},
	{{ {-8269, -1272, -1209}, 0, {219, 496}, {75, 55, 40, 255} }},
	{{ {-6723, -1272, -1209}, 0, {368, 496}, {113, 73, 37, 255} }},
	{{ {-6723, -1272, -1659}, 0, {368, 496}, {103, 72, 50, 255} }},
	{{ {-8269, -1272, -1659}, 0, {219, 496}, {99, 75, 63, 255} }},
	{{ {-8269, -445, -1209}, 0, {-5289, 277}, {75, 55, 40, 255} }},
	{{ {-8269, -1272, -1209}, 0, {-5289, 1318}, {75, 55, 40, 255} }},
	{{ {-6723, -1272, -1209}, 0, {-3343, 1318}, {113, 73, 37, 255} }},
	{{ {-6823, 1271, -1209}, 0, {-3468, -1884}, {113, 73, 37, 255} }},
	{{ {-6723, 1388, -1209}, 0, {-3343, -2032}, {112, 72, 38, 255} }},
	{{ {-6961, 1167, -1209}, 0, {-3642, -1753}, {113, 73, 37, 255} }},
	{{ {-7460, 1388, -1209}, 0, {-4271, -2032}, {75, 55, 40, 108} }},
	{{ {-9384, 1388, -1209}, 0, {-6693, -2032}, {75, 55, 40, 255} }},
	{{ {-8512, -283, -1209}, 0, {-5595, 72}, {75, 55, 40, 255} }},
	{{ {-8755, -445, -1209}, 0, {-5901, 277}, {75, 55, 40, 255} }},
	{{ {-8755, -1272, -1209}, 0, {-5901, 1318}, {75, 55, 40, 255} }},
	{{ {-9384, -1272, -1209}, 0, {-6693, 1318}, {75, 55, 40, 255} }},
	{{ {-4934, -1272, -1209}, 0, {4212, 1115}, {119, 79, 55, 255} }},
	{{ {-4934, -1948, 1439}, 0, {1051, 1923}, {133, 68, 58, 255} }},
	{{ {-4934, -1948, -1209}, 0, {4212, 1923}, {133, 68, 58, 255} }},
	{{ {-4934, -1272, 1510}, 0, {1056, 1115}, {116, 83, 58, 255} }},
	{{ {-4934, -1272, 2177}, 0, {83, 1115}, {115, 85, 59, 255} }},
	{{ {-4934, -1948, 2137}, 0, {218, 1923}, {133, 68, 58, 255} }},
	{{ {-4934, -1272, 5018}, 0, {-3220, 1115}, {112, 89, 62, 255} }},
	{{ {-4934, -1948, 5018}, 0, {-3220, 1923}, {133, 67, 59, 255} }},
	{{ {-1296, -1268, -1191}, 0, {-3639, -2354}, {75, 55, 40, 255} }},
	{{ {-1278, -1948, -1209}, 0, {-3639, -2354}, {100, 81, 60, 255} }},
	{{ {-1278, -1948, 5018}, 0, {4339, -2354}, {138, 80, 63, 255} }},
	{{ {-1296, -1268, 1514}, 0, {-174, -2354}, {106, 79, 57, 255} }},
	{{ {-1278, -1948, 5018}, 0, {4339, -2354}, {138, 80, 63, 255} }},
	{{ {-1296, -1268, 2187}, 0, {689, -2354}, {112, 84, 60, 255} }},
	{{ {-1296, -1268, 1514}, 0, {-174, -2354}, {106, 79, 57, 255} }},
	{{ {-1296, -1268, 5036}, 0, {4339, -2354}, {135, 101, 72, 255} }},
	{{ {-4934, -1272, 5018}, 0, {-1090, 1318}, {112, 89, 62, 255} }},
	{{ {-6723, -1272, 5018}, 0, {-3343, 1318}, {120, 80, 55, 255} }},
	{{ {-6723, -517, 5018}, 0, {-3343, 367}, {110, 77, 51, 255} }},
	{{ {-1278, 1241, 5018}, 0, {3514, -1846}, {75, 55, 40, 255} }},
	{{ {-6723, 1388, 5018}, 0, {-3343, -2032}, {77, 66, 38, 255} }},
	{{ {-7054, -222, 5018}, 0, {-3759, -5}, {107, 74, 50, 255} }},
	{{ {-7384, -517, 5018}, 0, {-4175, 367}, {103, 72, 49, 255} }},
	{{ {-9384, -1272, 5018}, 0, {-6693, 1318}, {96, 66, 40, 255} }},
	{{ {-7384, -1272, 5018}, 0, {-4175, 1318}, {111, 75, 52, 255} }},
	{{ {-9384, 1388, 5018}, 0, {-6693, -2032}, {75, 55, 40, 255} }},
	{{ {-1296, -1268, 5036}, 0, {3491, 1313}, {135, 101, 72, 255} }},
	{{ {927, -1268, 5036}, 0, {6290, 1313}, {119, 92, 66, 255} }},
	{{ {3025, -1268, 5036}, 0, {8932, 1313}, {100, 81, 60, 255} }},
	{{ {3043, 1241, 5018}, 0, {8954, -1846}, {100, 81, 60, 255} }},
	{{ {1204, -1268, 5036}, 0, {6638, 1313}, {116, 90, 65, 255} }},
	{{ {-4934, -1272, 5018}, 0, {-526, 1115}, {112, 89, 62, 255} }},
	{{ {-1296, -1268, 5036}, 0, {3839, 1291}, {135, 101, 72, 255} }},
	{{ {-1278, -1948, 5018}, 0, {3839, 1923}, {138, 80, 63, 255} }},
	{{ {-4934, -1948, 5018}, 0, {-526, 1923}, {133, 67, 59, 255} }},
	{{ {-6723, 1388, -1209}, 0, {-3343, -2032}, {112, 72, 38, 255} }},
	{{ {-6723, -1343, -1209}, 0, {-3343, 1407}, {113, 73, 37, 255} }},
	{{ {-4970, -2716, -1209}, 0, {-1136, 3136}, {113, 73, 37, 255} }},
	{{ {-1278, -1292, -1209}, 0, {3514, 1344}, {158, 102, 52, 255} }},
	{{ {-1278, -1948, -1209}, 0, {3514, 2169}, {100, 81, 60, 255} }},
	{{ {-1278, 1241, -1209}, 0, {3514, -1846}, {149, 96, 50, 255} }},
	{{ {258, -1293, -1209}, 0, {5447, 1344}, {97, 78, 57, 255} }},
	{{ {269, -66, -1209}, 0, {5461, -201}, {113, 73, 37, 255} }},
	{{ {655, 121, -1209}, 0, {5947, -436}, {113, 73, 37, 255} }},
	{{ {-1278, 1241, -1209}, 0, {3514, -1846}, {149, 96, 50, 255} }},
	{{ {655, 121, -1209}, 0, {5947, -436}, {113, 73, 37, 255} }},
	{{ {3043, 1241, -1209}, 0, {8954, -1846}, {100, 81, 60, 255} }},
	{{ {997, -52, -1209}, 0, {6377, -219}, {113, 73, 37, 255} }},
	{{ {1019, -1293, -1209}, 0, {6405, 1344}, {98, 79, 58, 255} }},
	{{ {3043, -1293, -1209}, 0, {8954, 1344}, {101, 81, 60, 255} }},
	{{ {-6723, -2056, -2458}, 0, {-16, 1008}, {112, 72, 79, 138} }},
	{{ {-6723, -2056, -7506}, 0, {-16, 1008}, {164, 69, 49, 69} }},
	{{ {-6723, -2134, -7506}, 0, {-16, 1008}, {177, 50, 48, 68} }},
	{{ {-6723, -2134, -2458}, 0, {-16, 1008}, {87, 47, 51, 67} }},
	{{ {-8123, -2352, -2463}, 0, {651, 2196}, {161, 11, 10, 255} }},
	{{ {-7589, -2352, -2463}, 0, {1794, 2196}, {156, 66, 71, 255} }},
	{{ {-7589, -1272, -2463}, 0, {1794, -1204}, {138, 121, 106, 255} }},
	{{ {-8123, -1272, -2463}, 0, {651, -1204}, {138, 121, 105, 255} }},
	{{ {-7429, -1258, -6962}, 0, {2900, 2022}, {127, 102, 64, 255} }},
	{{ {-9384, -1162, -7506}, 0, {-5814, -438}, {106, 80, 68, 255} }},
	{{ {-8543, -1258, -6962}, 0, {-2065, 2022}, {127, 102, 64, 255} }},
	{{ {-6723, -1162, -7506}, 0, {6046, -438}, {103, 72, 50, 255} }},
	{{ {-9384, -1162, -7639}, 0, {-5814, -1030}, {103, 72, 51, 255} }},
	{{ {-8537, -1162, -7639}, 0, {-2040, -1030}, {103, 72, 50, 255} }},
	{{ {-8449, -1162, -7639}, 0, {-1647, -1030}, {97, 78, 53, 255} }},
	{{ {-7860, -1162, -7639}, 0, {980, -1030}, {97, 78, 53, 255} }},
	{{ {-7772, -1162, -7639}, 0, {1372, -1030}, {103, 72, 50, 255} }},
	{{ {-6723, -1162, -7639}, 0, {6046, -1030}, {103, 72, 50, 255} }},
	{{ {-9384, 1379, -7639}, 0, {-3999, -2676}, {119, 20, 23, 255} }},
	{{ {-9384, -1162, -7639}, 0, {-3999, 1974}, {103, 72, 51, 255} }},
	{{ {-8537, -1162, -7639}, 0, {-2450, 1974}, {103, 72, 50, 255} }},
	{{ {-8537, -344, -7639}, 0, {-2450, 478}, {103, 72, 51, 255} }},
	{{ {-7771, -344, -7639}, 0, {-1049, 478}, {103, 72, 50, 255} }},
	{{ {-6723, -1162, -7639}, 0, {868, 1974}, {103, 72, 50, 255} }},
	{{ {-7772, -1162, -7639}, 0, {-1050, 1974}, {103, 72, 50, 255} }},
	{{ {-6723, 1379, -7639}, 0, {868, -2676}, {57, 42, 21, 255} }},
	{{ {-9384, -2056, -7506}, 0, {-16, 1008}, {129, 47, 45, 120} }},
	{{ {-9384, -1162, -7506}, 0, {-16, 1008}, {106, 80, 68, 255} }},
	{{ {-9384, -1162, -7639}, 0, {-16, 1008}, {103, 72, 51, 255} }},
	{{ {-9384, -2056, -7639}, 0, {-16, 1008}, {103, 72, 50, 255} }},
	{{ {-8537, -1162, -7639}, 0, {-16, 1008}, {103, 72, 50, 255} }},
	{{ {-8449, -1162, -7639}, 0, {-16, 1008}, {97, 78, 53, 255} }},
	{{ {-8449, -1162, -7511}, 0, {-16, 1008}, {255, 255, 255, 255} }},
	{{ {-8537, -1162, -7511}, 0, {-16, 1008}, {255, 255, 255, 255} }},
	{{ {-7860, -1162, -7639}, 0, {-16, 1008}, {97, 78, 53, 255} }},
	{{ {-7772, -1162, -7639}, 0, {-16, 1008}, {103, 72, 50, 255} }},
	{{ {-7772, -1162, -7511}, 0, {-16, 1008}, {255, 255, 255, 255} }},
	{{ {-7860, -1162, -7511}, 0, {-16, 1008}, {233, 233, 233, 255} }},
	{{ {-6723, -1162, -7639}, 0, {-16, 1008}, {103, 72, 50, 255} }},
	{{ {-6723, -2056, -7639}, 0, {-16, 1008}, {105, 78, 65, 255} }},
	{{ {-6723, -1162, -7506}, 0, {-16, 1008}, {103, 72, 50, 255} }},
	{{ {-6723, -2056, -7506}, 0, {-16, 1008}, {164, 69, 49, 69} }},
	{{ {-8449, -432, -7639}, 0, {231, 3125}, {97, 78, 53, 255} }},
	{{ {-8449, -432, -8969}, 0, {231, 303}, {97, 78, 54, 255} }},
	{{ {-7859, -432, -8969}, 0, {1482, 303}, {97, 78, 53, 255} }},
	{{ {-7859, -432, -7639}, 0, {1482, 3125}, {97, 78, 53, 255} }},
	{{ {-8449, -1162, -7639}, 0, {-1503, 4785}, {97, 78, 53, 255} }},
	{{ {-8449, -432, -8969}, 0, {1318, 3238}, {97, 78, 54, 255} }},
	{{ {-8449, -432, -7639}, 0, {-1503, 3238}, {97, 78, 53, 255} }},
	{{ {-8449, -1162, -8969}, 0, {1318, 4785}, {112, 69, 70, 255} }},
	{{ {-8449, -1162, -9496}, 0, {2437, 4785}, {102, 71, 49, 255} }},
	{{ {-8449, -432, -9498}, 0, {2440, 3238}, {97, 79, 55, 255} }},
	{{ {-8449, 2137, -8969}, 0, {1318, -2214}, {97, 78, 53, 255} }},
	{{ {-8449, 2681, -8969}, 0, {1318, -3367}, {97, 78, 53, 255} }},
	{{ {-8449, 2681, -9498}, 0, {2440, -3367}, {72, 45, 36, 255} }},
	{{ {-8449, 2922, -7620}, 0, {-1543, -3877}, {98, 80, 61, 255} }},
	{{ {-8449, 2378, -7620}, 0, {-1543, -2724}, {97, 78, 53, 255} }},
	{{ {-6723, 1379, -7639}, 0, {6162, -2676}, {57, 42, 21, 255} }},
	{{ {-6723, -2056, -7639}, 0, {6162, 3610}, {105, 78, 65, 255} }},
	{{ {-6723, -2056, -2458}, 0, {-3316, 3610}, {112, 72, 79, 138} }},
	{{ {-6723, 1388, -1659}, 0, {-4779, -2692}, {57, 41, 21, 255} }},
	{{ {-6723, -1272, -1659}, 0, {-4779, 2175}, {103, 72, 50, 255} }},
	{{ {-9384, -2056, -2458}, 0, {-3316, 3610}, {112, 72, 79, 193} }},
	{{ {-9384, -2056, -7639}, 0, {6162, 3610}, {103, 72, 50, 255} }},
	{{ {-9384, 1379, -7639}, 0, {6162, -2676}, {119, 20, 23, 255} }},
	{{ {-9384, -1272, -1659}, 0, {-4779, 2175}, {105, 73, 51, 255} }},
	{{ {-9384, 1388, -1659}, 0, {-4779, -2692}, {57, 41, 21, 255} }},
	{{ {-9384, -2056, -7506}, 0, {-16, 1008}, {129, 47, 45, 120} }},
	{{ {-9384, -2056, -2458}, 0, {-16, 1008}, {112, 72, 79, 193} }},
	{{ {-9384, -2134, -2458}, 0, {-16, 1008}, {128, 111, 113, 67} }},
	{{ {-9384, -2134, -7506}, 0, {-16, 1008}, {127, 47, 45, 88} }},
	{{ {-7860, -1162, -7639}, 0, {1262, 4017}, {97, 78, 53, 255} }},
	{{ {-8449, -1162, -8969}, 0, {-969, -1020}, {112, 69, 70, 255} }},
	{{ {-8449, -1162, -7639}, 0, {-969, 4017}, {97, 78, 53, 255} }},
	{{ {-7860, -1162, -8969}, 0, {1262, -1020}, {109, 34, 36, 255} }},
	{{ {-7860, -1162, -9498}, 0, {1262, -3025}, {97, 78, 53, 255} }},
	{{ {-8449, -1162, -9496}, 0, {-969, -3017}, {102, 71, 49, 255} }},
	{{ {-8449, -432, -9498}, 0, {231, 3238}, {97, 79, 55, 255} }},
	{{ {-8449, -1162, -9496}, 0, {231, 4785}, {102, 71, 49, 255} }},
	{{ {-7860, -1162, -9498}, 0, {1481, 4785}, {97, 78, 53, 255} }},
	{{ {-7859, -432, -9502}, 0, {1482, 3237}, {121, 114, 110, 255} }},
	{{ {-7859, 2681, -9502}, 0, {1482, -3367}, {122, 76, 62, 255} }},
	{{ {-8449, 2681, -9498}, 0, {231, -3367}, {72, 45, 36, 255} }},
	{{ {-7860, -1162, -9498}, 0, {-16, 1008}, {97, 78, 53, 255} }},
	{{ {-7859, -432, -9502}, 0, {-16, 1008}, {121, 114, 110, 255} }},
	{{ {-7859, -432, -9503}, 0, {-16, 1008}, {121, 114, 110, 255} }},
	{{ {-7860, -1162, -9503}, 0, {-16, 1008}, {97, 78, 53, 255} }},
	{{ {-8449, -432, -9498}, 0, {-16, 1008}, {97, 79, 55, 255} }},
	{{ {-8449, -1162, -9496}, 0, {-16, 1008}, {102, 71, 49, 255} }},
	{{ {-8449, -1162, -9503}, 0, {-16, 1008}, {104, 69, 52, 255} }},
	{{ {-8449, -432, -9503}, 0, {-16, 1008}, {98, 79, 56, 255} }},
	{{ {-7859, 2681, -9502}, 0, {2449, -3367}, {122, 76, 62, 255} }},
	{{ {-7859, -432, -9502}, 0, {2449, 3237}, {121, 114, 110, 255} }},
	{{ {-7859, -432, -8969}, 0, {1318, 3237}, {97, 78, 53, 255} }},
	{{ {-7859, 2140, -8969}, 0, {1318, -2219}, {122, 76, 62, 255} }},
	{{ {-7859, 2681, -8969}, 0, {1318, -3367}, {97, 78, 53, 255} }},
	{{ {-7859, 2381, -7620}, 0, {-1543, -2729}, {97, 78, 53, 255} }},
	{{ {-7859, 2922, -7620}, 0, {-1543, -3878}, {119, 83, 47, 255} }},
	{{ {-7859, -432, -8969}, 0, {1482, 3237}, {97, 78, 53, 255} }},
	{{ {-8449, -432, -8969}, 0, {231, 3238}, {97, 78, 54, 255} }},
	{{ {-8449, 2137, -8969}, 0, {231, -2214}, {97, 78, 53, 255} }},
	{{ {-7859, 2140, -8969}, 0, {1482, -2219}, {122, 76, 62, 255} }},
	{{ {-7859, -432, -7639}, 0, {-1503, 3237}, {97, 78, 53, 255} }},
	{{ {-7859, -432, -9503}, 0, {2451, 3237}, {121, 114, 110, 255} }},
	{{ {-7860, -1162, -9498}, 0, {2441, 4785}, {97, 78, 53, 255} }},
	{{ {-7860, -1162, -7639}, 0, {-1503, 4785}, {97, 78, 53, 255} }},
	{{ {-9384, 1388, -1659}, 0, {2480, -4602}, {57, 41, 21, 255} }},
	{{ {-9384, 1379, -7639}, 0, {2480, 5594}, {119, 20, 23, 255} }},
	{{ {-6723, 1379, -7639}, 0, {-2056, 5594}, {57, 42, 23, 255} }},
	{{ {-6723, 1388, -1659}, 0, {-2056, -4602}, {57, 41, 21, 255} }},
	{{ {-8449, 2681, -8969}, 0, {231, 303}, {97, 78, 53, 255} }},
	{{ {-7859, 2681, -8969}, 0, {1482, 303}, {97, 78, 53, 255} }},
	{{ {-7859, 2922, -7620}, 0, {1482, 3165}, {119, 83, 47, 255} }},
	{{ {-8449, 2922, -7620}, 0, {231, 3165}, {98, 80, 61, 255} }},
	{{ {-6920, 3908, -7620}, 0, {3939, -1102}, {119, 83, 47, 255} }},
	{{ {-6920, 1398, -7620}, 0, {3939, 2081}, {119, 20, 23, 255} }},
	{{ {-7099, 1580, -1843}, 0, {-3386, 1851}, {119, 24, 25, 255} }},
	{{ {-7099, 3726, -1843}, 0, {-3386, -871}, {119, 83, 47, 255} }},
	{{ {-9388, 1388, -7620}, 0, {3939, 2095}, {119, 20, 23, 255} }},
	{{ {-9388, 3908, -7620}, 0, {3939, -1101}, {119, 83, 47, 255} }},
	{{ {-9209, 3726, -1843}, 0, {-3386, -870}, {119, 83, 48, 255} }},
	{{ {-9209, 1571, -1843}, 0, {-3386, 1863}, {119, 20, 23, 255} }},
	{{ {-7859, 2140, -8969}, 0, {1035, -2563}, {122, 76, 62, 255} }},
	{{ {-8449, 2137, -8969}, 0, {-768, -2563}, {97, 78, 53, 255} }},
	{{ {-8449, 2378, -7620}, 0, {-765, 1629}, {97, 78, 53, 255} }},
	{{ {-7859, 2381, -7620}, 0, {1038, 1629}, {97, 78, 53, 255} }},
	{{ {-7860, 2964, -1843}, 0, {1025, 22}, {119, 68, 41, 255} }},
	{{ {-7860, 2338, -1843}, 0, {1025, 968}, {119, 82, 47, 255} }},
	{{ {-7860, 2338, -1143}, 0, {-33, 968}, {119, 83, 47, 255} }},
	{{ {-7860, 2964, -1143}, 0, {-33, 22}, {119, 68, 41, 255} }},
	{{ {-8448, 2964, -1843}, 0, {53, -33}, {119, 68, 41, 255} }},
	{{ {-7860, 2964, -1843}, 0, {939, -33}, {119, 68, 41, 255} }},
	{{ {-7860, 2964, -1143}, 0, {939, 1025}, {119, 68, 41, 255} }},
	{{ {-8448, 2964, -1143}, 0, {53, 1025}, {119, 68, 41, 255} }},
	{{ {-8448, 2336, -1843}, 0, {1025, 971}, {119, 75, 44, 255} }},
	{{ {-8448, 2964, -1843}, 0, {1025, 23}, {119, 68, 41, 255} }},
	{{ {-8448, 2964, -1143}, 0, {-33, 23}, {119, 68, 41, 255} }},
	{{ {-8448, 2336, -1143}, 0, {-33, 971}, {119, 83, 47, 255} }},
	{{ {-2656, 2336, -1026}, 0, {2916, 1339}, {119, 53, 34, 255} }},
	{{ {-1421, 2336, -984}, 0, {3866, 1340}, {119, 74, 52, 255} }},
	{{ {-1421, 2964, -984}, 0, {3866, 856}, {119, 68, 41, 255} }},
	{{ {-6176, 2964, -1143}, 0, {209, 856}, {119, 68, 41, 255} }},
	{{ {-1421, 5426, -984}, 0, {3866, -1037}, {119, 68, 41, 255} }},
	{{ {-6176, 5427, -1143}, 0, {209, -1038}, {119, 68, 41, 255} }},
	{{ {-7860, 2964, -1143}, 0, {-1087, 856}, {119, 68, 41, 255} }},
	{{ {-7860, 5427, -1143}, 0, {-1087, -1038}, {119, 68, 41, 255} }},
	{{ {-8448, 2964, -1143}, 0, {-1538, 856}, {119, 68, 41, 255} }},
	{{ {-8448, 5426, -1143}, 0, {-1538, -1037}, {119, 68, 41, 255} }},
	{{ {-9058, 2964, -1143}, 0, {-2008, 856}, {119, 68, 41, 255} }},
	{{ {-9058, 5426, -1143}, 0, {-2008, -1037}, {119, 68, 41, 255} }},
	{{ {-8448, 2336, -1143}, 0, {-1538, 1340}, {119, 83, 47, 255} }},
	{{ {-8448, 2964, -1143}, 0, {-1538, 856}, {119, 68, 41, 255} }},
	{{ {-9058, 2964, -1143}, 0, {-2008, 856}, {119, 68, 41, 255} }},
	{{ {-9058, 2336, -1143}, 0, {-2008, 1340}, {119, 53, 34, 255} }},
	{{ {-9058, 1565, -1143}, 0, {-2008, 1891}, {119, 53, 34, 255} }},
	{{ {-8448, 1565, -1143}, 0, {-1538, 1891}, {159, 50, 43, 255} }},
	{{ {-1421, 2964, 4886}, 0, {3866, 856}, {119, 68, 41, 255} }},
	{{ {-9058, 5426, 4886}, 0, {-2008, -1037}, {119, 68, 41, 255} }},
	{{ {-1421, 5426, 4886}, 0, {3866, -1037}, {111, 64, 38, 255} }},
	{{ {-9058, 2964, 4886}, 0, {-2008, 856}, {119, 68, 41, 255} }},
	{{ {-9058, 2336, 4886}, 0, {-2008, 1340}, {119, 53, 34, 255} }},
	{{ {-1421, 2336, 4886}, 0, {3866, 1340}, {76, 32, 19, 255} }},
	{{ {-1421, 1565, 4885}, 0, {3866, 1891}, {122, 70, 48, 255} }},
	{{ {-9058, 1565, 4885}, 0, {-2008, 1891}, {119, 53, 34, 255} }},
	{{ {-1421, 2964, -984}, 0, {1705, 856}, {119, 68, 41, 255} }},
	{{ {-1421, 5426, 4886}, 0, {-2810, -1037}, {111, 64, 38, 255} }},
	{{ {-1421, 5426, -984}, 0, {1705, -1037}, {119, 68, 41, 255} }},
	{{ {-1421, 2964, 4886}, 0, {-2810, 856}, {119, 68, 41, 255} }},
	{{ {-1421, 2336, 4886}, 0, {-2810, 1340}, {76, 32, 19, 255} }},
	{{ {-1421, 2336, -984}, 0, {1705, 1340}, {119, 74, 52, 255} }},
	{{ {-1421, 1565, -985}, 0, {1705, 1891}, {119, 53, 34, 255} }},
	{{ {-1459, 2336, -84}, 0, {1705, 1340}, {119, 88, 63, 255} }},
	{{ {-1459, 1618, -84}, 0, {1705, 1891}, {159, 50, 43, 255} }},
	{{ {-1421, 1565, 4885}, 0, {-2809, 1891}, {122, 70, 48, 255} }},
	{{ {-9058, 2964, 4886}, 0, {-2810, 856}, {119, 68, 41, 255} }},
	{{ {-9058, 5426, -1143}, 0, {1827, -1037}, {119, 68, 41, 255} }},
	{{ {-9058, 5426, 4886}, 0, {-2810, -1037}, {119, 68, 41, 255} }},
	{{ {-9058, 2964, -1143}, 0, {1827, 856}, {119, 68, 41, 255} }},
	{{ {-9058, 2336, -1143}, 0, {1827, 1340}, {119, 53, 34, 255} }},
	{{ {-9058, 2336, 4886}, 0, {-2810, 1340}, {119, 53, 34, 255} }},
	{{ {-9058, 1565, 4885}, 0, {-2809, 1891}, {119, 53, 34, 255} }},
	{{ {-9058, 1565, -1143}, 0, {1827, 1891}, {119, 53, 34, 255} }},
	{{ {-8448, 1565, -1143}, 0, {-33, 971}, {159, 50, 43, 255} }},
	{{ {-7860, 1621, -391}, 0, {-33, 968}, {159, 50, 43, 255} }},
	{{ {-8448, 1618, -391}, 0, {-33, 971}, {158, 50, 43, 255} }},
	{{ {-7860, 1568, -1143}, 0, {-33, 968}, {119, 53, 35, 255} }},
	{{ {-7139, 1621, -1143}, 0, {-33, 968}, {156, 49, 44, 255} }},
	{{ {-7139, 2338, -1143}, 0, {-33, 968}, {119, 75, 44, 255} }},
	{{ {-7860, 2338, -1143}, 0, {-33, 968}, {119, 83, 47, 255} }},
	{{ {-7139, 1621, -391}, 0, {-33, 968}, {159, 50, 43, 255} }},
	{{ {-8690, -1272, -1662}, 0, {-16, 1008}, {169, 133, 132, 255} }},
	{{ {-8755, -1272, -1659}, 0, {-16, 1008}, {255, 255, 255, 255} }},
	{{ {-8755, -1271, -1701}, 0, {-16, 1008}, {255, 255, 255, 255} }},
	{{ {-8690, -1271, -1704}, 0, {-16, 1008}, {255, 255, 255, 255} }},
	{{ {-8269, -1272, -1659}, 0, {-16, 1008}, {255, 255, 255, 255} }},
	{{ {-8334, -1272, -1662}, 0, {-16, 1008}, {163, 117, 115, 255} }},
	{{ {-8334, -1271, -1704}, 0, {-16, 1008}, {160, 94, 94, 255} }},
	{{ {-8269, -1271, -1701}, 0, {-16, 1008}, {255, 255, 255, 255} }},
	{{ {-6723, -1272, 5018}, 0, {4339, -62}, {120, 80, 55, 255} }},
	{{ {-6775, -1272, 4957}, 0, {4339, 4}, {120, 80, 55, 255} }},
	{{ {-6723, -1272, 4957}, 0, {4339, -62}, {120, 80, 55, 255} }},
	{{ {-6775, -1272, 5018}, 0, {4339, 4}, {129, 95, 66, 255} }},
	{{ {-9384, -1272, 2177}, 0, {794, 3346}, {87, 62, 40, 255} }},
	{{ {-6723, -1272, 2176}, 0, {793, -62}, {120, 80, 55, 255} }},
	{{ {-4934, -1272, 2177}, 0, {793, -2354}, {115, 85, 59, 255} }},
	{{ {-4934, -1272, 5018}, 0, {4339, -2354}, {112, 89, 62, 255} }},
	{{ {-7054, -1272, 5018}, 0, {4339, 361}, {116, 78, 54, 255} }},
	{{ {-7333, -1272, 5018}, 0, {4339, 719}, {129, 95, 66, 255} }},
	{{ {-7384, -1272, 5018}, 0, {4339, 785}, {111, 75, 52, 255} }},
	{{ {-9384, -1272, 5018}, 0, {4339, 3346}, {96, 66, 40, 255} }},
	{{ {-7384, -1272, 4957}, 0, {4339, 785}, {111, 75, 52, 255} }},
	{{ {-7333, -1272, 4957}, 0, {4339, 719}, {112, 75, 52, 255} }},
	{{ {-7333, -1220, 5389}, 0, {-1124, 114}, {128, 95, 66, 255} }},
	{{ {-7332, -540, 5389}, 0, {-1124, 675}, {96, 68, 29, 255} }},
	{{ {-9368, -540, 5389}, 0, {557, 675}, {96, 68, 29, 255} }},
	{{ {-9368, -1220, 5389}, 0, {558, 114}, {130, 88, 39, 255} }},
	{{ {-6775, -540, 5389}, 0, {-743, 266}, {110, 77, 51, 255} }},
	{{ {-1643, -1220, 5389}, 0, {4643, 979}, {135, 101, 72, 255} }},
	{{ {-1643, -540, 5389}, 0, {4643, 266}, {135, 101, 72, 255} }},
	{{ {-6775, -1220, 5389}, 0, {-743, 979}, {129, 95, 66, 255} }},
	{{ {-6775, -1503, 5389}, 0, {-743, 1276}, {129, 95, 66, 255} }},
	{{ {-1643, -1503, 5389}, 0, {4643, 1276}, {135, 101, 72, 12} }},
	{{ {-6775, -1648, 5389}, 0, {-743, 1429}, {129, 95, 66, 255} }},
	{{ {-1643, -1648, 5389}, 0, {4643, 1429}, {135, 101, 72, 149} }},
	{{ {-6775, -1791, 5389}, 0, {-743, 1578}, {129, 95, 66, 255} }},
	{{ {-1643, -1791, 5389}, 0, {4643, 1578}, {135, 101, 72, 111} }},
	{{ {-6775, -2192, 5389}, 0, {-743, 1999}, {0, 0, 0, 255} }},
	{{ {-1643, -2192, 5389}, 0, {4643, 1999}, {0, 0, 0, 255} }},
	{{ {-7333, -1220, 5389}, 0, {-1328, 979}, {128, 95, 66, 255} }},
	{{ {-9368, -1220, 5389}, 0, {-3465, 979}, {130, 88, 39, 255} }},
	{{ {-9368, -1503, 5389}, 0, {-3465, 1276}, {130, 88, 39, 12} }},
	{{ {-7333, -1503, 5389}, 0, {-1328, 1276}, {128, 95, 66, 255} }},
	{{ {-9368, -1648, 5389}, 0, {-3465, 1429}, {130, 88, 39, 149} }},
	{{ {-7333, -1648, 5389}, 0, {-1328, 1429}, {128, 95, 66, 255} }},
	{{ {-9368, -1791, 5389}, 0, {-3465, 1578}, {130, 88, 39, 114} }},
	{{ {-7333, -1791, 5389}, 0, {-1328, 1578}, {128, 95, 66, 255} }},
	{{ {-9368, -2192, 5389}, 0, {-3465, 1999}, {0, 0, 0, 255} }},
	{{ {-7333, -2192, 5389}, 0, {-1328, 1999}, {0, 0, 0, 255} }},
	{{ {-9368, -1791, 5389}, 0, {1968, 1578}, {130, 88, 39, 114} }},
	{{ {-9368, -2192, 9089}, 0, {-1914, 1999}, {1, 1, 0, 255} }},
	{{ {-9368, -2192, 5389}, 0, {1968, 1999}, {0, 0, 0, 255} }},
	{{ {-9368, -1791, 9089}, 0, {-1914, 1578}, {135, 101, 72, 110} }},
	{{ {-9368, -1648, 5389}, 0, {1968, 1429}, {130, 88, 39, 149} }},
	{{ {-9368, -1648, 9089}, 0, {-1914, 1429}, {135, 101, 72, 149} }},
	{{ {-9368, -1503, 5389}, 0, {1968, 1276}, {130, 88, 39, 12} }},
	{{ {-9368, -1648, 9089}, 0, {-1914, 1429}, {135, 101, 72, 149} }},
	{{ {-9368, -1648, 5389}, 0, {1968, 1429}, {130, 88, 39, 149} }},
	{{ {-9368, -1503, 9089}, 0, {-1914, 1276}, {135, 101, 72, 51} }},
	{{ {-9368, -1220, 5389}, 0, {1968, 979}, {130, 88, 39, 255} }},
	{{ {-9368, -1220, 9089}, 0, {-1914, 979}, {135, 101, 72, 255} }},
	{{ {-9368, -548, 9089}, 0, {-1914, 273}, {135, 101, 72, 255} }},
	{{ {-9368, -548, 8753}, 0, {-1562, 273}, {134, 100, 70, 255} }},
	{{ {-9368, -548, 5389}, 0, {1968, 273}, {96, 68, 29, 255} }},
	{{ {-1643, -1791, 9089}, 0, {-1914, 1578}, {135, 101, 72, 110} }},
	{{ {-1643, -2192, 5389}, 0, {1968, 1999}, {0, 0, 0, 255} }},
	{{ {-1643, -2192, 9089}, 0, {-1914, 1999}, {8, 5, 2, 255} }},
	{{ {-1643, -1791, 5389}, 0, {1968, 1578}, {135, 101, 72, 111} }},
	{{ {-1643, -1648, 9089}, 0, {-1914, 1429}, {135, 101, 72, 149} }},
	{{ {-1643, -1648, 5389}, 0, {1968, 1429}, {135, 101, 72, 149} }},
	{{ {-1643, -1503, 9089}, 0, {-1914, 1276}, {135, 101, 72, 12} }},
	{{ {-1643, -1503, 5389}, 0, {1968, 1276}, {135, 101, 72, 12} }},
	{{ {-1643, -1220, 9089}, 0, {-1914, 979}, {135, 101, 72, 255} }},
	{{ {-1643, -1220, 5389}, 0, {1968, 979}, {135, 101, 72, 255} }},
	{{ {-1643, -548, 9089}, 0, {-1914, 273}, {135, 101, 72, 255} }},
	{{ {-1643, -548, 5389}, 0, {1968, 273}, {135, 101, 72, 255} }},
	{{ {-9368, -1791, 9089}, 0, {-3465, 1578}, {135, 101, 72, 110} }},
	{{ {-7333, -2192, 9089}, 0, {-1328, 1999}, {0, 0, 0, 255} }},
	{{ {-9368, -2192, 9089}, 0, {-3465, 1999}, {1, 1, 0, 255} }},
	{{ {-7333, -1791, 9089}, 0, {-1328, 1578}, {135, 101, 72, 255} }},
	{{ {-9368, -1648, 9089}, 0, {-3465, 1429}, {135, 101, 72, 149} }},
	{{ {-7333, -1648, 9089}, 0, {-1328, 1429}, {135, 101, 72, 255} }},
	{{ {-9368, -1503, 9089}, 0, {-3465, 1276}, {135, 101, 72, 51} }},
	{{ {-7333, -1503, 9089}, 0, {-1328, 1276}, {135, 101, 72, 255} }},
	{{ {-9368, -1220, 9089}, 0, {-3465, 979}, {135, 101, 72, 255} }},
	{{ {-7333, -1220, 9089}, 0, {-1328, 979}, {135, 101, 72, 255} }},
	{{ {-9368, -548, 9089}, 0, {-3465, 273}, {135, 101, 72, 255} }},
	{{ {-7333, -1220, 9089}, 0, {-1328, 979}, {135, 101, 72, 255} }},
	{{ {-9368, -548, 9089}, 0, {-3465, 273}, {135, 101, 72, 255} }},
	{{ {-7333, -548, 9089}, 0, {-1328, 273}, {135, 101, 72, 255} }},
	{{ {-6775, -1220, 9089}, 0, {-743, 979}, {135, 101, 72, 255} }},
	{{ {-6775, -548, 9089}, 0, {-743, 273}, {135, 101, 72, 255} }},
	{{ {-1643, -1220, 9089}, 0, {4643, 979}, {135, 101, 72, 255} }},
	{{ {-1643, -548, 9089}, 0, {4643, 273}, {135, 101, 72, 255} }},
	{{ {-1643, -1503, 9089}, 0, {4643, 1276}, {135, 101, 72, 12} }},
	{{ {-6775, -1503, 9089}, 0, {-743, 1276}, {135, 101, 72, 255} }},
	{{ {-1643, -1648, 9089}, 0, {4643, 1429}, {135, 101, 72, 149} }},
	{{ {-6775, -1648, 9089}, 0, {-743, 1429}, {135, 101, 72, 255} }},
	{{ {-1643, -1791, 9089}, 0, {4643, 1578}, {135, 101, 72, 110} }},
	{{ {-6775, -1791, 9089}, 0, {-743, 1578}, {135, 101, 72, 255} }},
	{{ {-1643, -2192, 9089}, 0, {4643, 1999}, {8, 5, 2, 255} }},
	{{ {-6775, -2192, 9089}, 0, {-743, 1999}, {3, 1, 1, 255} }},
	{{ {-7333, -1791, 9089}, 0, {-1328, 1578}, {135, 101, 72, 255} }},
	{{ {-7333, -2192, 9089}, 0, {-1328, 1999}, {0, 0, 0, 255} }},
	{{ {-7333, -1648, 9089}, 0, {-1328, 1429}, {135, 101, 72, 255} }},
	{{ {-7333, -1503, 9089}, 0, {-1328, 1276}, {135, 101, 72, 255} }},
	{{ {-7333, -2265, 5389}, 0, {-16, 1008}, {0, 0, 0, 255} }},
	{{ {-7545, -2265, 6114}, 0, {-16, 1008}, {1, 1, 1, 255} }},
	{{ {-7545, -2265, 5389}, 0, {-16, 1008}, {0, 0, 0, 255} }},
	{{ {-7333, -2265, 6114}, 0, {-16, 1008}, {1, 1, 1, 255} }},
	{{ {-6775, -2265, 5389}, 0, {-16, 1008}, {1, 1, 1, 255} }},
	{{ {-6775, -2265, 6114}, 0, {-16, 1008}, {0, 0, 0, 255} }},
	{{ {-6464, -2265, 5389}, 0, {-16, 1008}, {1, 1, 1, 255} }},
	{{ {-6464, -2265, 6114}, 0, {-16, 1008}, {0, 0, 0, 255} }},
	{{ {-7332, -540, 5389}, 0, {-637, 2933}, {96, 68, 29, 255} }},
	{{ {-7054, 5724, 5389}, 0, {-422, -1895}, {107, 75, 50, 255} }},
	{{ {-7332, 5475, 5389}, 0, {-637, -1703}, {93, 63, 24, 255} }},
	{{ {-7054, -291, 5389}, 0, {-422, 2741}, {107, 75, 50, 255} }},
	{{ {-6775, 5475, 5389}, 0, {-207, -1703}, {107, 74, 49, 255} }},
	{{ {-7054, -291, 5389}, 0, {-422, 2741}, {107, 75, 50, 255} }},
	{{ {-6775, -540, 5389}, 0, {-207, 2933}, {110, 77, 51, 255} }},
	{{ {-6775, 5475, 5389}, 0, {-207, -1703}, {107, 74, 49, 255} }},
	{{ {-1643, 5475, 5389}, 0, {3748, -1703}, {43, 30, 19, 255} }},
	{{ {-1643, -540, 5389}, 0, {3748, 2933}, {135, 101, 72, 255} }},
	{{ {-1643, 5467, 5389}, 0, {6669, 111}, {43, 30, 19, 255} }},
	{{ {-1643, -548, 5389}, 0, {6669, -4857}, {135, 101, 72, 255} }},
	{{ {-1643, -548, 9089}, 0, {3613, -4857}, {135, 101, 72, 255} }},
	{{ {-1643, 2027, 9089}, 0, {3613, -2731}, {135, 101, 72, 255} }},
	{{ {-6775, -548, 9089}, 0, {-626, -4857}, {135, 101, 72, 255} }},
	{{ {-2273, 2026, 9089}, 0, {3093, -2732}, {135, 101, 72, 255} }},
	{{ {-2276, 2367, 9089}, 0, {3090, -2450}, {135, 101, 72, 255} }},
	{{ {-1643, 5467, 9089}, 0, {3613, 111}, {17, 12, 4, 255} }},
	{{ {-6775, 5467, 9089}, 0, {-626, 111}, {17, 12, 4, 255} }},
	{{ {-7333, 5467, 9089}, 0, {-1086, 111}, {17, 12, 4, 255} }},
	{{ {-7333, -548, 9089}, 0, {-1086, -4857}, {135, 101, 72, 255} }},
	{{ {-9368, -548, 9089}, 0, {-2768, -4857}, {135, 101, 72, 255} }},
	{{ {-9368, -283, 9089}, 0, {-2768, -4639}, {135, 101, 72, 255} }},
	{{ {-9368, 5467, 9089}, 0, {-2768, 111}, {17, 12, 4, 255} }},
	{{ {-9368, -283, 8753}, 0, {-3045, -4639}, {134, 100, 70, 255} }},
	{{ {-9368, -548, 5389}, 0, {-5823, -4857}, {96, 68, 29, 255} }},
	{{ {-9368, -548, 8753}, 0, {-3045, -4857}, {134, 100, 70, 255} }},
	{{ {-9368, 5467, 5389}, 0, {-5823, 111}, {17, 12, 4, 255} }},
	{{ {-1643, 2366, 9089}, 0, {3613, -2451}, {135, 101, 72, 255} }},
	{{ {-1643, 2027, 8427}, 0, {3613, -2731}, {135, 101, 72, 255} }},
	{{ {-1643, 2366, 8427}, 0, {3613, -2451}, {135, 101, 72, 255} }},
	{{ {-8545, -2218, 6101}, 0, {496, 889}, {255, 255, 255, 255} }},
	{{ {-8545, -822, 6206}, 0, {496, -375}, {255, 255, 255, 255} }},
	{{ {-8439, -2218, 6206}, 0, {591, 889}, {255, 255, 255, 255} }},
	{{ {-8650, -2218, 6206}, 0, {401, 889}, {255, 255, 255, 255} }},
	{{ {-8439, -2218, 6206}, 0, {496, 889}, {255, 255, 255, 255} }},
	{{ {-8545, -2218, 6312}, 0, {401, 889}, {255, 255, 255, 255} }},
	{{ {-8545, -2218, 6312}, 0, {401, 889}, {255, 255, 255, 255} }},
	{{ {-8545, -822, 6206}, 0, {496, -375}, {255, 255, 255, 255} }},
	{{ {-8650, -2218, 6206}, 0, {496, 889}, {255, 255, 255, 255} }},
	{{ {-8545, -2218, 6101}, 0, {496, 456}, {255, 255, 255, 255} }},
	{{ {-8439, -2218, 6206}, 0, {591, 552}, {255, 255, 255, 255} }},
	{{ {-8545, -2218, 6312}, 0, {496, 647}, {255, 255, 255, 255} }},
	{{ {-8650, -2218, 6206}, 0, {401, 552}, {255, 255, 255, 255} }},
	{{ {-9368, -283, 9089}, 0, {-3465, -5}, {135, 101, 72, 255} }},
	{{ {-9368, -548, 9089}, 0, {-3465, 273}, {135, 101, 72, 255} }},
	{{ {-7723, -548, 9089}, 0, {-3465, 273}, {135, 101, 72, 255} }},
	{{ {-7723, -283, 9089}, 0, {-3465, -5}, {135, 101, 72, 255} }},
	{{ {-8489, -3489, 7531}, 0, {752, 506}, {255, 255, 255, 255} }},
	{{ {-8255, -3489, 7765}, 0, {998, 752}, {255, 255, 255, 255} }},
	{{ {-8489, -3489, 7999}, 0, {752, 998}, {255, 255, 255, 255} }},
	{{ {-8723, -3489, 7765}, 0, {506, 752}, {255, 255, 255, 255} }},
	{{ {-9368, -548, 8753}, 0, {-1562, 273}, {134, 100, 70, 255} }},
	{{ {-9368, -283, 8753}, 0, {-1562, -5}, {134, 100, 70, 255} }},
	{{ {-9368, -283, 8635}, 0, {-1562, -5}, {134, 100, 70, 255} }},
	{{ {-9368, -548, 8635}, 0, {-1562, 273}, {134, 100, 70, 255} }},
	{{ {-1643, 3964, 7494}, 0, {368, 496}, {96, 94, 19, 255} }},
	{{ {-1643, 4164, 7494}, 0, {624, 496}, {97, 96, 52, 255} }},
	{{ {-1643, 4164, 8411}, 0, {624, 240}, {96, 93, 19, 255} }},
	{{ {-1643, 3964, 8411}, 0, {368, 240}, {130, 129, 121, 255} }},
	{{ {-9368, 2746, 5389}, 0, {557, 3389}, {96, 68, 29, 255} }},
	{{ {-8495, 2740, 5389}, 0, {-164, 3385}, {96, 68, 29, 255} }},
	{{ {-8258, 2740, 5389}, 0, {-164, 3385}, {96, 68, 29, 255} }},
	{{ {-9368, 2746, 6976}, 0, {557, 3389}, {130, 88, 39, 255} }},
	{{ {-8258, 2740, 6976}, 0, {-164, 3385}, {120, 82, 44, 255} }},
	{{ {-9368, 3314, 5389}, 0, {-16, 1008}, {93, 67, 34, 255} }},
	{{ {-9368, 2746, 5389}, 0, {-16, 1008}, {96, 68, 29, 255} }},
	{{ {-9368, 2746, 6976}, 0, {-16, 1008}, {255, 255, 255, 255} }},
	{{ {-9368, 3314, 6976}, 0, {-16, 1008}, {93, 63, 24, 255} }},
	{{ {-9368, 5475, 5389}, 0, {-2206, -1703}, {17, 12, 4, 255} }},
	{{ {-9368, 3314, 5389}, 0, {-2206, -38}, {93, 67, 34, 255} }},
	{{ {-7332, 5475, 5389}, 0, {-637, -1703}, {93, 63, 24, 255} }},
	{{ {-8258, 3318, 5389}, 0, {-1350, -40}, {93, 63, 24, 255} }},
	{{ {-8258, 2740, 5389}, 0, {-1350, 405}, {96, 68, 29, 255} }},
	{{ {-7332, -540, 5389}, 0, {-637, 2933}, {96, 68, 29, 255} }},
	{{ {-9368, -548, 5389}, 0, {-2206, 2939}, {96, 68, 29, 255} }},
	{{ {-6775, 5467, 9089}, 0, {2641, 2151}, {17, 12, 4, 255} }},
	{{ {-7333, 5467, 9089}, 0, {2641, 2878}, {17, 12, 4, 255} }},
	{{ {-9368, 5467, 9089}, 0, {2641, 5532}, {17, 12, 4, 255} }},
	{{ {-1643, 5467, 5389}, 0, {-2182, -4540}, {43, 30, 19, 255} }},
	{{ {-9368, 5475, 5389}, 0, {-2182, 5532}, {17, 12, 4, 255} }},
	{{ {-1643, 5467, 9089}, 0, {2641, -4540}, {17, 12, 4, 255} }},
	{{ {3025, -1268, -1191}, 0, {611, -2556}, {100, 81, 60, 255} }},
	{{ {-1296, -1268, -1191}, 0, {611, 4284}, {75, 55, 40, 255} }},
	{{ {-1296, -1268, 1514}, 0, {4892, 4284}, {106, 79, 57, 255} }},
	{{ {3025, -1268, 1321}, 0, {4587, -2556}, {100, 81, 60, 255} }},
	{{ {3389, -1268, 1443}, 0, {4780, -3132}, {0, 0, 0, 255} }},
	{{ {3389, -1268, 1513}, 0, {4891, -3132}, {0, 0, 0, 255} }},
	{{ {3389, -1268, 2215}, 0, {-3856, -3132}, {0, 0, 0, 255} }},
	{{ {3389, -1268, 2187}, 0, {-3900, -3132}, {0, 0, 0, 255} }},
	{{ {-1296, -1268, 2187}, 0, {-3900, 4284}, {112, 84, 60, 255} }},
	{{ {3025, -1268, 2337}, 0, {-3663, -2556}, {114, 85, 61, 255} }},
	{{ {913, -1268, 2733}, 0, {-3036, 788}, {93, 69, 49, 255} }},
	{{ {927, -1268, 5036}, 0, {609, 766}, {119, 92, 66, 255} }},
	{{ {-1296, -1268, 5036}, 0, {608, 4284}, {135, 101, 72, 255} }},
	{{ {915, -1268, 2988}, 0, {-2632, 785}, {97, 73, 52, 255} }},
	{{ {1204, -1268, 5036}, 0, {609, 328}, {116, 90, 65, 255} }},
	{{ {1198, -1268, 2988}, 0, {-2632, 337}, {93, 70, 50, 255} }},
	{{ {3025, -1268, 5036}, 0, {608, -2556}, {100, 81, 60, 255} }},
	{{ {1197, -1268, 2733}, 0, {-3036, 339}, {88, 66, 47, 255} }},
	{{ {3043, 1241, -1209}, 0, {230, -1846}, {100, 81, 60, 255} }},
	{{ {3025, -1268, -1191}, 0, {207, 1313}, {100, 81, 60, 255} }},
	{{ {3025, -1268, 1321}, 0, {-2955, 1313}, {100, 81, 60, 255} }},
	{{ {3030, -559, 1320}, 0, {-2954, 420}, {100, 81, 60, 255} }},
	{{ {3033, -158, 1615}, 0, {-3325, -85}, {100, 81, 60, 255} }},
	{{ {3033, -166, 2111}, 0, {-3950, -75}, {100, 81, 60, 255} }},
	{{ {3025, -1268, 5036}, 0, {-7633, 1313}, {100, 81, 60, 255} }},
	{{ {3030, -560, 2338}, 0, {-4236, 421}, {100, 81, 60, 255} }},
	{{ {3025, -1268, 2337}, 0, {-4235, 1313}, {114, 85, 61, 255} }},
	{{ {3043, 1241, 5018}, 0, {-7610, -1846}, {100, 81, 60, 255} }},
	{{ {3394, -593, 2216}, 0, {1856, -185}, {0, 0, 0, 255} }},
	{{ {3396, -287, 2040}, 0, {1859, -157}, {0, 0, 0, 248} }},
	{{ {3396, -282, 1676}, 0, {1862, -119}, {13, 11, 10, 0} }},
	{{ {3394, -599, 1442}, 0, {2089, -108}, {14, 11, 10, 255} }},
	{{ {3389, -1268, 1443}, 0, {4363, -9}, {0, 0, 0, 255} }},
	{{ {3389, -1268, 1513}, 0, {4589, 4}, {0, 0, 0, 255} }},
	{{ {3389, -1268, 2187}, 0, {467, -500}, {0, 0, 0, 255} }},
	{{ {3389, -1268, 2215}, 0, {504, -481}, {0, 0, 0, 255} }},
	{{ {3389, -1268, 2215}, 0, {505, -500}, {0, 0, 0, 255} }},
	{{ {3025, -1268, 2337}, 0, {673, -500}, {114, 85, 61, 255} }},
	{{ {2890, -1263, 2337}, 0, {673, -500}, {114, 85, 61, 255} }},
	{{ {2890, -1263, 2215}, 0, {505, -500}, {113, 84, 60, 255} }},
	{{ {3025, -1268, 1321}, 0, {-723, -500}, {100, 81, 60, 255} }},
	{{ {3389, -1268, 1443}, 0, {-555, -500}, {0, 0, 0, 255} }},
	{{ {2890, -1263, 1443}, 0, {-555, -500}, {105, 79, 56, 255} }},
	{{ {2890, -1263, 1321}, 0, {-723, -500}, {104, 78, 56, 255} }},
	{{ {-1278, 1241, 5018}, 0, {-4776, 3546}, {75, 55, 40, 255} }},
	{{ {-9384, 1388, 5018}, 0, {-4776, -9517}, {75, 55, 40, 255} }},
	{{ {-9384, 1388, -1209}, 0, {5257, -9517}, {75, 55, 40, 255} }},
	{{ {-1278, 1241, -1209}, 0, {5257, 3546}, {149, 96, 50, 255} }},
	{{ {3043, 1241, 5018}, 0, {-4776, 10509}, {100, 81, 60, 255} }},
	{{ {3043, 1241, -1209}, 0, {5257, 10509}, {100, 81, 60, 255} }},
	{{ {3043, -1293, -1209}, 0, {4250, 1248}, {101, 81, 60, 255} }},
	{{ {1042, -1948, -1209}, 0, {2206, 1984}, {100, 81, 60, 255} }},
	{{ {3043, -1948, -1209}, 0, {4250, 1984}, {101, 81, 60, 255} }},
	{{ {1019, -1293, -1209}, 0, {2183, 1248}, {98, 79, 58, 255} }},
	{{ {258, -1293, -1209}, 0, {1405, 1248}, {97, 78, 57, 255} }},
	{{ {251, -1948, -1209}, 0, {1398, 1984}, {100, 81, 60, 255} }},
	{{ {-1278, -1292, -1209}, 0, {-162, 1248}, {158, 102, 52, 255} }},
	{{ {-1278, -1948, -1209}, 0, {-162, 1984}, {100, 81, 60, 255} }},
	{{ {2872, -1629, -4657}, 0, {1245, -1238}, {98, 79, 58, 255} }},
	{{ {2872, -1502, -2931}, 0, {1245, 197}, {0, 0, 0, 255} }},
	{{ {2872, -1502, -4657}, 0, {1245, -1238}, {0, 0, 0, 255} }},
	{{ {2872, -1629, -2931}, 0, {1245, 196}, {88, 70, 51, 255} }},
	{{ {2889, -1629, -4657}, 0, {-16, 1008}, {255, 255, 255, 255} }},
	{{ {2872, -1629, -4657}, 0, {-16, 1008}, {255, 255, 255, 255} }},
	{{ {2872, -1502, -4657}, 0, {-16, 1008}, {255, 255, 255, 255} }},
	{{ {2889, -1502, -4657}, 0, {-16, 1008}, {255, 255, 255, 255} }},
	{{ {2872, 135, -4657}, 0, {-16, 1008}, {255, 255, 255, 255} }},
	{{ {2889, 135, -4657}, 0, {-16, 1008}, {255, 255, 255, 255} }},
	{{ {2872, 321, -4657}, 0, {-16, 1008}, {255, 255, 255, 255} }},
	{{ {2889, 321, -4657}, 0, {-16, 1008}, {255, 255, 255, 255} }},
	{{ {2953, 321, -4657}, 0, {-16, 1008}, {255, 255, 255, 255} }},
	{{ {2953, 135, -4657}, 0, {-16, 1008}, {255, 255, 255, 255} }},
	{{ {2894, -1629, -2061}, 0, {1339, 920}, {98, 79, 58, 255} }},
	{{ {2893, -1502, -2696}, 0, {1338, 407}, {86, 69, 50, 255} }},
	{{ {2894, -1502, -2061}, 0, {1339, 920}, {98, 79, 58, 255} }},
	{{ {2893, -1629, -2697}, 0, {1338, 407}, {98, 79, 58, 255} }},
	{{ {2872, 135, -4657}, 0, {1245, -1238}, {98, 79, 58, 255} }},
	{{ {2871, 135, -2061}, 0, {1245, 920}, {96, 77, 57, 255} }},
	{{ {2871, 321, -2061}, 0, {1245, 920}, {57, 45, 31, 255} }},
	{{ {2872, 321, -4657}, 0, {1245, -1238}, {98, 79, 58, 255} }},
	{{ {2894, 321, -2061}, 0, {1339, 920}, {52, 41, 28, 255} }},
	{{ {2889, 321, -4657}, 0, {1335, -1238}, {98, 79, 58, 255} }},
	{{ {2889, 321, -4657}, 0, {1335, -1238}, {98, 79, 58, 255} }},
	{{ {2894, 321, -2061}, 0, {1339, 920}, {52, 41, 28, 255} }},
	{{ {2958, 321, -2061}, 0, {1339, 920}, {17, 11, 6, 255} }},
	{{ {2953, 321, -4657}, 0, {1335, -1238}, {98, 79, 58, 255} }},
	{{ {2958, 135, -2061}, 0, {1339, 920}, {85, 69, 50, 255} }},
	{{ {2953, 135, -4657}, 0, {1335, -1238}, {98, 79, 58, 255} }},
	{{ {2872, -1502, -2698}, 0, {1245, 390}, {0, 0, 0, 255} }},
	{{ {2871, -1629, -2061}, 0, {1245, 920}, {82, 66, 48, 255} }},
	{{ {2871, -1502, -2061}, 0, {1245, 920}, {0, 0, 0, 255} }},
	{{ {2872, -1629, -2700}, 0, {1245, 389}, {86, 69, 50, 255} }},
	{{ {2892, -1502, -2927}, 0, {1338, 215}, {81, 65, 47, 255} }},
	{{ {2889, -1629, -4657}, 0, {1335, -1238}, {98, 79, 58, 255} }},
	{{ {2889, -1502, -4657}, 0, {1335, -1238}, {0, 0, 0, 255} }},
	{{ {2892, -1629, -2927}, 0, {1338, 215}, {98, 79, 58, 255} }},
	{{ {-6920, 3908, -7620}, 0, {3411, -1102}, {119, 83, 47, 255} }},
	{{ {-9388, 3908, -7620}, 0, {281, -1101}, {119, 83, 47, 255} }},
	{{ {-8449, 2922, -7620}, 0, {1473, 149}, {98, 80, 61, 255} }},
	{{ {-8449, 2378, -7620}, 0, {1473, 839}, {97, 78, 53, 255} }},
	{{ {-9388, 1388, -7620}, 0, {281, 2095}, {119, 20, 23, 255} }},
	{{ {-7859, 2381, -7620}, 0, {2220, 836}, {97, 78, 53, 255} }},
	{{ {-6920, 1398, -7620}, 0, {3411, 2081}, {119, 20, 23, 255} }},
	{{ {-7859, 2922, -7620}, 0, {2220, 149}, {119, 83, 47, 255} }},
	{{ {-7860, 2964, -1843}, 0, {2219, 96}, {119, 68, 41, 255} }},
	{{ {-8448, 2964, -1843}, 0, {1474, 96}, {119, 68, 41, 255} }},
	{{ {-9209, 3726, -1843}, 0, {508, -870}, {119, 83, 48, 255} }},
	{{ {-9209, 1571, -1843}, 0, {508, 1863}, {119, 20, 23, 255} }},
	{{ {-8448, 2336, -1843}, 0, {1474, 893}, {119, 75, 44, 255} }},
	{{ {-7099, 1580, -1843}, 0, {3185, 1851}, {119, 24, 25, 255} }},
	{{ {-7860, 2338, -1843}, 0, {2219, 889}, {119, 82, 47, 255} }},
	{{ {-7099, 3726, -1843}, 0, {3185, -871}, {119, 83, 47, 255} }},
	{{ {-7860, 2964, -1143}, 0, {-1087, 856}, {119, 68, 41, 255} }},
	{{ {-7860, 2338, -1143}, 0, {-1087, 1338}, {119, 83, 47, 255} }},
	{{ {-6176, 2338, -1143}, 0, {209, 1338}, {119, 53, 35, 255} }},
	{{ {-7860, 1568, -1143}, 0, {-1087, 1889}, {119, 53, 35, 255} }},
	{{ {-6176, 1568, -1143}, 0, {209, 1889}, {119, 53, 35, 255} }},
	{{ {-2658, 1566, -1026}, 0, {2914, 1891}, {119, 53, 34, 255} }},
	{{ {-2656, 2336, -1026}, 0, {2916, 1339}, {119, 53, 34, 255} }},
	{{ {-6176, 2964, -1143}, 0, {209, 856}, {119, 68, 41, 255} }},
	{{ {-8489, -3489, 7531}, 0, {240, 506}, {255, 255, 255, 255} }},
	{{ {-8489, -395, 7765}, 0, {240, 752}, {255, 255, 255, 255} }},
	{{ {-8255, -3489, 7765}, 0, {486, 752}, {255, 255, 255, 255} }},
	{{ {-8723, -3489, 7765}, 0, {-6, 752}, {255, 255, 255, 255} }},
	{{ {-8489, -3489, 7999}, 0, {240, 998}, {255, 255, 255, 255} }},
	{{ {915, -1488, 3367}, 0, {1567, 552}, {32, 32, 32, 255} }},
	{{ {1198, -1488, 3367}, 0, {1567, 383}, {32, 32, 32, 255} }},
	{{ {1198, -1586, 3104}, 0, {1432, 386}, {32, 32, 32, 255} }},
	{{ {915, -1586, 3104}, 0, {1432, 554}, {32, 32, 32, 255} }},
};

Gfx lll_dl_Cube_006_mesh_layer_1_tri_0[] = {
	gsSPVertex(lll_dl_Cube_006_mesh_layer_1_vtx_0 + 0, 31, 0),
	gsSP2Triangles(0, 1, 2, 0, 3, 4, 5, 0),
	gsSP2Triangles(5, 6, 3, 0, 5, 7, 6, 0),
	gsSP2Triangles(6, 8, 3, 0, 9, 10, 11, 0),
	gsSP2Triangles(12, 9, 11, 0, 11, 13, 12, 0),
	gsSP2Triangles(11, 14, 13, 0, 11, 15, 14, 0),
	gsSP2Triangles(11, 16, 15, 0, 15, 16, 17, 0),
	gsSP2Triangles(15, 17, 18, 0, 19, 20, 21, 0),
	gsSP2Triangles(19, 22, 20, 0, 22, 23, 20, 0),
	gsSP2Triangles(22, 24, 23, 0, 24, 25, 23, 0),
	gsSP2Triangles(24, 26, 25, 0, 26, 27, 25, 0),
	gsSP2Triangles(26, 28, 27, 0, 28, 29, 27, 0),
	gsSP1Triangle(28, 30, 29, 0),
	gsSPVertex(lll_dl_Cube_006_mesh_layer_1_vtx_0 + 31, 32, 0),
	gsSP2Triangles(0, 1, 2, 0, 0, 2, 3, 0),
	gsSP2Triangles(3, 4, 0, 0, 5, 0, 4, 0),
	gsSP2Triangles(5, 6, 0, 0, 7, 6, 5, 0),
	gsSP2Triangles(7, 8, 6, 0, 9, 10, 11, 0),
	gsSP2Triangles(9, 11, 12, 0, 13, 14, 15, 0),
	gsSP2Triangles(13, 15, 16, 0, 17, 18, 19, 0),
	gsSP2Triangles(20, 17, 19, 0, 19, 21, 20, 0),
	gsSP2Triangles(19, 22, 21, 0, 19, 23, 22, 0),
	gsSP2Triangles(22, 24, 21, 0, 22, 25, 24, 0),
	gsSP2Triangles(22, 26, 25, 0, 26, 27, 25, 0),
	gsSP2Triangles(28, 29, 30, 0, 28, 30, 31, 0),
	gsSPVertex(lll_dl_Cube_006_mesh_layer_1_vtx_0 + 63, 32, 0),
	gsSP2Triangles(0, 1, 2, 0, 0, 2, 3, 0),
	gsSP2Triangles(4, 5, 6, 0, 4, 6, 7, 0),
	gsSP2Triangles(8, 9, 10, 0, 11, 8, 10, 0),
	gsSP2Triangles(12, 11, 10, 0, 13, 11, 12, 0),
	gsSP2Triangles(12, 14, 13, 0, 13, 14, 15, 0),
	gsSP2Triangles(13, 15, 16, 0, 16, 15, 17, 0),
	gsSP2Triangles(15, 18, 17, 0, 15, 19, 18, 0),
	gsSP2Triangles(16, 11, 13, 0, 16, 8, 11, 0),
	gsSP2Triangles(20, 21, 22, 0, 20, 23, 21, 0),
	gsSP2Triangles(21, 23, 24, 0, 21, 24, 25, 0),
	gsSP2Triangles(25, 24, 26, 0, 25, 26, 27, 0),
	gsSP2Triangles(28, 29, 30, 0, 31, 28, 30, 0),
	gsSPVertex(lll_dl_Cube_006_mesh_layer_1_vtx_0 + 95, 32, 0),
	gsSP2Triangles(0, 1, 2, 0, 0, 3, 1, 0),
	gsSP2Triangles(4, 5, 6, 0, 7, 4, 6, 0),
	gsSP2Triangles(6, 8, 7, 0, 8, 6, 9, 0),
	gsSP2Triangles(8, 9, 10, 0, 10, 11, 8, 0),
	gsSP2Triangles(10, 12, 11, 0, 11, 13, 8, 0),
	gsSP2Triangles(7, 14, 4, 0, 15, 14, 7, 0),
	gsSP2Triangles(7, 16, 15, 0, 7, 17, 16, 0),
	gsSP2Triangles(16, 18, 15, 0, 19, 20, 21, 0),
	gsSP2Triangles(19, 21, 22, 0, 23, 24, 25, 0),
	gsSP2Triangles(25, 26, 23, 0, 25, 27, 26, 0),
	gsSP2Triangles(26, 28, 23, 0, 28, 26, 29, 0),
	gsSP2Triangles(28, 29, 30, 0, 28, 30, 31, 0),
	gsSPVertex(lll_dl_Cube_006_mesh_layer_1_vtx_0 + 127, 32, 0),
	gsSP2Triangles(0, 1, 2, 0, 1, 3, 2, 0),
	gsSP2Triangles(3, 4, 2, 0, 4, 5, 2, 0),
	gsSP2Triangles(6, 7, 8, 0, 6, 8, 9, 0),
	gsSP2Triangles(10, 11, 12, 0, 10, 12, 13, 0),
	gsSP2Triangles(14, 15, 16, 0, 14, 17, 15, 0),
	gsSP2Triangles(18, 15, 17, 0, 19, 18, 17, 0),
	gsSP2Triangles(17, 20, 19, 0, 17, 21, 20, 0),
	gsSP2Triangles(17, 22, 21, 0, 17, 23, 22, 0),
	gsSP2Triangles(24, 25, 26, 0, 24, 26, 27, 0),
	gsSP2Triangles(24, 27, 28, 0, 28, 29, 24, 0),
	gsSP2Triangles(28, 30, 29, 0, 29, 31, 24, 0),
	gsSPVertex(lll_dl_Cube_006_mesh_layer_1_vtx_0 + 159, 31, 0),
	gsSP2Triangles(0, 1, 2, 0, 0, 2, 3, 0),
	gsSP2Triangles(3, 2, 4, 0, 3, 4, 5, 0),
	gsSP2Triangles(4, 5, 6, 0, 4, 6, 7, 0),
	gsSP2Triangles(3, 5, 8, 0, 3, 8, 9, 0),
	gsSP2Triangles(8, 9, 10, 0, 8, 10, 11, 0),
	gsSP2Triangles(9, 12, 3, 0, 12, 13, 3, 0),
	gsSP2Triangles(14, 13, 12, 0, 14, 15, 13, 0),
	gsSP2Triangles(16, 17, 18, 0, 16, 18, 19, 0),
	gsSP2Triangles(20, 21, 22, 0, 20, 23, 21, 0),
	gsSP2Triangles(21, 23, 24, 0, 21, 24, 25, 0),
	gsSP2Triangles(26, 21, 25, 0, 25, 27, 26, 0),
	gsSP2Triangles(25, 28, 27, 0, 26, 27, 29, 0),
	gsSP1Triangle(26, 29, 30, 0),
	gsSPVertex(lll_dl_Cube_006_mesh_layer_1_vtx_0 + 190, 30, 0),
	gsSP2Triangles(0, 1, 2, 0, 2, 3, 0, 0),
	gsSP2Triangles(2, 4, 3, 0, 5, 6, 7, 0),
	gsSP2Triangles(7, 8, 5, 0, 7, 9, 8, 0),
	gsSP2Triangles(10, 11, 12, 0, 10, 12, 13, 0),
	gsSP2Triangles(14, 15, 16, 0, 14, 17, 15, 0),
	gsSP2Triangles(15, 17, 18, 0, 15, 18, 19, 0),
	gsSP2Triangles(20, 21, 22, 0, 20, 22, 23, 0),
	gsSP2Triangles(20, 23, 24, 0, 20, 24, 25, 0),
	gsSP2Triangles(26, 27, 28, 0, 26, 28, 29, 0),
	gsSPVertex(lll_dl_Cube_006_mesh_layer_1_vtx_0 + 220, 31, 0),
	gsSP2Triangles(0, 1, 2, 0, 0, 2, 3, 0),
	gsSP2Triangles(4, 5, 6, 0, 6, 7, 4, 0),
	gsSP2Triangles(7, 8, 4, 0, 8, 7, 9, 0),
	gsSP2Triangles(8, 9, 10, 0, 11, 12, 13, 0),
	gsSP2Triangles(11, 13, 14, 0, 15, 16, 17, 0),
	gsSP2Triangles(15, 17, 18, 0, 19, 20, 21, 0),
	gsSP2Triangles(19, 21, 22, 0, 23, 24, 25, 0),
	gsSP2Triangles(23, 25, 26, 0, 27, 28, 29, 0),
	gsSP1Triangle(27, 29, 30, 0),
	gsSPVertex(lll_dl_Cube_006_mesh_layer_1_vtx_0 + 251, 32, 0),
	gsSP2Triangles(0, 1, 2, 0, 0, 2, 3, 0),
	gsSP2Triangles(4, 5, 6, 0, 4, 6, 7, 0),
	gsSP2Triangles(8, 9, 10, 0, 8, 10, 11, 0),
	gsSP2Triangles(12, 13, 14, 0, 12, 14, 15, 0),
	gsSP2Triangles(16, 17, 18, 0, 16, 18, 19, 0),
	gsSP2Triangles(20, 21, 22, 0, 20, 22, 23, 0),
	gsSP2Triangles(23, 22, 24, 0, 23, 24, 25, 0),
	gsSP2Triangles(26, 23, 25, 0, 26, 25, 27, 0),
	gsSP2Triangles(28, 26, 27, 0, 28, 27, 29, 0),
	gsSP2Triangles(30, 28, 29, 0, 30, 29, 31, 0),
	gsSPVertex(lll_dl_Cube_006_mesh_layer_1_vtx_0 + 283, 32, 0),
	gsSP2Triangles(0, 1, 2, 0, 0, 2, 3, 0),
	gsSP2Triangles(0, 3, 4, 0, 0, 4, 5, 0),
	gsSP2Triangles(6, 7, 8, 0, 6, 9, 7, 0),
	gsSP2Triangles(10, 9, 6, 0, 10, 6, 11, 0),
	gsSP2Triangles(10, 11, 12, 0, 10, 12, 13, 0),
	gsSP2Triangles(14, 15, 16, 0, 14, 17, 15, 0),
	gsSP2Triangles(18, 17, 14, 0, 18, 14, 19, 0),
	gsSP2Triangles(18, 19, 20, 0, 20, 19, 21, 0),
	gsSP2Triangles(20, 21, 22, 0, 18, 20, 23, 0),
	gsSP2Triangles(24, 25, 26, 0, 24, 27, 25, 0),
	gsSP2Triangles(28, 27, 24, 0, 28, 24, 29, 0),
	gsSP2Triangles(28, 29, 30, 0, 28, 30, 31, 0),
	gsSPVertex(lll_dl_Cube_006_mesh_layer_1_vtx_0 + 315, 30, 0),
	gsSP2Triangles(0, 1, 2, 0, 0, 3, 1, 0),
	gsSP2Triangles(1, 3, 4, 0, 3, 5, 4, 0),
	gsSP2Triangles(3, 6, 5, 0, 1, 4, 7, 0),
	gsSP2Triangles(8, 9, 10, 0, 8, 10, 11, 0),
	gsSP2Triangles(12, 13, 14, 0, 12, 14, 15, 0),
	gsSP2Triangles(16, 17, 18, 0, 16, 19, 17, 0),
	gsSP2Triangles(19, 16, 20, 0, 16, 21, 20, 0),
	gsSP2Triangles(22, 21, 16, 0, 22, 16, 23, 0),
	gsSP2Triangles(20, 24, 19, 0, 20, 25, 24, 0),
	gsSP2Triangles(20, 26, 25, 0, 20, 27, 26, 0),
	gsSP2Triangles(25, 26, 28, 0, 25, 28, 29, 0),
	gsSPVertex(lll_dl_Cube_006_mesh_layer_1_vtx_0 + 345, 32, 0),
	gsSP2Triangles(0, 1, 2, 0, 0, 2, 3, 0),
	gsSP2Triangles(4, 5, 6, 0, 4, 7, 5, 0),
	gsSP2Triangles(5, 7, 8, 0, 5, 8, 9, 0),
	gsSP2Triangles(9, 8, 10, 0, 9, 10, 11, 0),
	gsSP2Triangles(11, 10, 12, 0, 11, 12, 13, 0),
	gsSP2Triangles(13, 12, 14, 0, 13, 14, 15, 0),
	gsSP2Triangles(16, 17, 18, 0, 16, 18, 19, 0),
	gsSP2Triangles(19, 18, 20, 0, 19, 20, 21, 0),
	gsSP2Triangles(21, 20, 22, 0, 21, 22, 23, 0),
	gsSP2Triangles(23, 22, 24, 0, 23, 24, 25, 0),
	gsSP2Triangles(26, 27, 28, 0, 26, 29, 27, 0),
	gsSP2Triangles(30, 29, 26, 0, 30, 31, 29, 0),
	gsSPVertex(lll_dl_Cube_006_mesh_layer_1_vtx_0 + 377, 32, 0),
	gsSP2Triangles(0, 1, 2, 0, 0, 3, 1, 0),
	gsSP2Triangles(4, 3, 0, 0, 4, 5, 3, 0),
	gsSP2Triangles(6, 5, 4, 0, 4, 7, 6, 0),
	gsSP2Triangles(4, 8, 7, 0, 9, 10, 11, 0),
	gsSP2Triangles(9, 12, 10, 0, 13, 12, 9, 0),
	gsSP2Triangles(13, 14, 12, 0, 15, 14, 13, 0),
	gsSP2Triangles(15, 16, 14, 0, 17, 16, 15, 0),
	gsSP2Triangles(17, 18, 16, 0, 18, 17, 19, 0),
	gsSP2Triangles(18, 19, 20, 0, 21, 22, 23, 0),
	gsSP2Triangles(21, 24, 22, 0, 25, 24, 21, 0),
	gsSP2Triangles(25, 26, 24, 0, 27, 26, 25, 0),
	gsSP2Triangles(27, 28, 26, 0, 29, 28, 27, 0),
	gsSP2Triangles(29, 30, 28, 0, 30, 29, 31, 0),
	gsSPVertex(lll_dl_Cube_006_mesh_layer_1_vtx_0 + 409, 32, 0),
	gsSP2Triangles(0, 1, 2, 0, 3, 0, 2, 0),
	gsSP2Triangles(3, 2, 4, 0, 5, 3, 4, 0),
	gsSP2Triangles(5, 4, 6, 0, 3, 5, 7, 0),
	gsSP2Triangles(3, 7, 8, 0, 8, 7, 9, 0),
	gsSP2Triangles(8, 9, 10, 0, 10, 9, 11, 0),
	gsSP2Triangles(10, 11, 12, 0, 12, 11, 13, 0),
	gsSP2Triangles(12, 13, 14, 0, 15, 12, 14, 0),
	gsSP2Triangles(15, 14, 16, 0, 17, 12, 15, 0),
	gsSP2Triangles(17, 10, 12, 0, 18, 10, 17, 0),
	gsSP2Triangles(18, 8, 10, 0, 0, 8, 18, 0),
	gsSP2Triangles(0, 3, 8, 0, 19, 20, 21, 0),
	gsSP2Triangles(19, 22, 20, 0, 22, 19, 23, 0),
	gsSP2Triangles(22, 23, 24, 0, 24, 23, 25, 0),
	gsSP2Triangles(24, 25, 26, 0, 27, 28, 29, 0),
	gsSP2Triangles(27, 30, 28, 0, 30, 31, 28, 0),
	gsSPVertex(lll_dl_Cube_006_mesh_layer_1_vtx_0 + 441, 32, 0),
	gsSP2Triangles(0, 1, 2, 0, 1, 3, 2, 0),
	gsSP2Triangles(1, 4, 3, 0, 5, 6, 7, 0),
	gsSP2Triangles(5, 7, 8, 0, 8, 7, 9, 0),
	gsSP2Triangles(10, 8, 9, 0, 9, 11, 10, 0),
	gsSP2Triangles(9, 12, 11, 0, 9, 13, 12, 0),
	gsSP2Triangles(9, 14, 13, 0, 9, 15, 14, 0),
	gsSP2Triangles(14, 15, 16, 0, 16, 17, 14, 0),
	gsSP2Triangles(17, 18, 14, 0, 18, 17, 19, 0),
	gsSP2Triangles(19, 20, 18, 0, 19, 21, 20, 0),
	gsSP2Triangles(20, 22, 18, 0, 12, 23, 11, 0),
	gsSP2Triangles(23, 12, 5, 0, 8, 23, 5, 0),
	gsSP2Triangles(23, 8, 24, 0, 23, 24, 25, 0),
	gsSP2Triangles(26, 27, 28, 0, 29, 27, 26, 0),
	gsSP1Triangle(30, 27, 31, 0),
	gsSPVertex(lll_dl_Cube_006_mesh_layer_1_vtx_0 + 473, 32, 0),
	gsSP2Triangles(0, 1, 2, 0, 3, 4, 5, 0),
	gsSP2Triangles(3, 5, 6, 0, 7, 8, 9, 0),
	gsSP2Triangles(7, 9, 10, 0, 11, 12, 13, 0),
	gsSP2Triangles(11, 13, 14, 0, 15, 16, 17, 0),
	gsSP2Triangles(15, 17, 18, 0, 19, 20, 21, 0),
	gsSP2Triangles(19, 21, 22, 0, 23, 24, 25, 0),
	gsSP2Triangles(25, 26, 23, 0, 25, 27, 26, 0),
	gsSP2Triangles(28, 29, 30, 0, 28, 30, 31, 0),
	gsSPVertex(lll_dl_Cube_006_mesh_layer_1_vtx_0 + 505, 31, 0),
	gsSP2Triangles(0, 1, 2, 0, 1, 3, 2, 0),
	gsSP2Triangles(3, 4, 2, 0, 2, 4, 5, 0),
	gsSP2Triangles(5, 4, 6, 0, 7, 8, 9, 0),
	gsSP2Triangles(7, 9, 10, 0, 9, 11, 10, 0),
	gsSP2Triangles(10, 12, 7, 0, 13, 14, 15, 0),
	gsSP2Triangles(16, 13, 15, 0, 15, 17, 16, 0),
	gsSP2Triangles(15, 18, 17, 0, 19, 20, 21, 0),
	gsSP2Triangles(22, 19, 21, 0, 22, 21, 23, 0),
	gsSP2Triangles(21, 24, 23, 0, 21, 25, 24, 0),
	gsSP2Triangles(24, 26, 23, 0, 27, 26, 24, 0),
	gsSP2Triangles(27, 28, 26, 0, 28, 27, 22, 0),
	gsSP2Triangles(27, 29, 22, 0, 30, 28, 22, 0),
	gsSP1Triangle(23, 30, 22, 0),
	gsSPVertex(lll_dl_Cube_006_mesh_layer_1_vtx_0 + 536, 32, 0),
	gsSP2Triangles(0, 1, 2, 0, 0, 2, 3, 0),
	gsSP2Triangles(0, 3, 4, 0, 4, 5, 0, 0),
	gsSP2Triangles(5, 6, 0, 0, 5, 7, 6, 0),
	gsSP2Triangles(7, 8, 6, 0, 6, 9, 0, 0),
	gsSP2Triangles(10, 11, 12, 0, 10, 12, 13, 0),
	gsSP2Triangles(10, 13, 14, 0, 10, 14, 15, 0),
	gsSP2Triangles(15, 16, 10, 0, 16, 17, 10, 0),
	gsSP2Triangles(18, 19, 20, 0, 18, 20, 21, 0),
	gsSP2Triangles(22, 23, 24, 0, 22, 24, 25, 0),
	gsSP2Triangles(26, 27, 28, 0, 26, 28, 29, 0),
	gsSP2Triangles(29, 30, 26, 0, 29, 31, 30, 0),
	gsSPVertex(lll_dl_Cube_006_mesh_layer_1_vtx_0 + 568, 32, 0),
	gsSP2Triangles(0, 1, 2, 0, 0, 3, 1, 0),
	gsSP2Triangles(1, 3, 4, 0, 1, 4, 5, 0),
	gsSP2Triangles(5, 4, 6, 0, 5, 6, 7, 0),
	gsSP2Triangles(8, 9, 10, 0, 8, 11, 9, 0),
	gsSP2Triangles(12, 13, 14, 0, 12, 14, 15, 0),
	gsSP2Triangles(15, 14, 16, 0, 15, 16, 17, 0),
	gsSP2Triangles(17, 16, 18, 0, 17, 18, 19, 0),
	gsSP2Triangles(17, 19, 20, 0, 17, 20, 21, 0),
	gsSP2Triangles(22, 23, 24, 0, 22, 25, 23, 0),
	gsSP2Triangles(26, 27, 28, 0, 26, 28, 29, 0),
	gsSP2Triangles(29, 28, 30, 0, 29, 30, 31, 0),
	gsSPVertex(lll_dl_Cube_006_mesh_layer_1_vtx_0 + 600, 30, 0),
	gsSP2Triangles(0, 1, 2, 0, 0, 2, 3, 0),
	gsSP2Triangles(4, 3, 2, 0, 4, 5, 3, 0),
	gsSP2Triangles(6, 7, 8, 0, 6, 9, 7, 0),
	gsSP2Triangles(10, 11, 12, 0, 10, 13, 11, 0),
	gsSP2Triangles(14, 15, 16, 0, 15, 17, 16, 0),
	gsSP2Triangles(15, 18, 17, 0, 18, 19, 17, 0),
	gsSP2Triangles(18, 20, 19, 0, 20, 21, 19, 0),
	gsSP2Triangles(20, 14, 21, 0, 14, 16, 21, 0),
	gsSP2Triangles(22, 23, 24, 0, 23, 25, 24, 0),
	gsSP2Triangles(23, 26, 25, 0, 26, 27, 25, 0),
	gsSP2Triangles(26, 28, 27, 0, 28, 29, 27, 0),
	gsSP2Triangles(28, 22, 29, 0, 22, 24, 29, 0),
	gsSPVertex(lll_dl_Cube_006_mesh_layer_1_vtx_0 + 630, 17, 0),
	gsSP2Triangles(0, 1, 2, 0, 2, 1, 3, 0),
	gsSP2Triangles(2, 3, 4, 0, 5, 2, 4, 0),
	gsSP2Triangles(5, 6, 2, 0, 7, 2, 6, 0),
	gsSP2Triangles(0, 2, 7, 0, 8, 9, 10, 0),
	gsSP2Triangles(11, 9, 8, 0, 12, 9, 11, 0),
	gsSP2Triangles(10, 9, 12, 0, 13, 14, 15, 0),
	gsSP1Triangle(13, 15, 16, 0),
	gsSPEndDisplayList(),
};

Vtx lll_dl_Cube_006_mesh_layer_1_vtx_1[789] = {
	{{ {-86, -1268, 618}, 0, {-1193, 1965}, {100, 43, 45, 255} }},
	{{ {-86, -1200, 618}, 0, {-1193, 1864}, {100, 43, 45, 55} }},
	{{ {86, -1200, 618}, 0, {-938, 1864}, {102, 44, 45, 255} }},
	{{ {86, -1268, 618}, 0, {-938, 1965}, {104, 70, 71, 60} }},
	{{ {-86, -1268, 790}, 0, {2094, 1965}, {100, 45, 47, 255} }},
	{{ {-86, -1200, 790}, 0, {2094, 1864}, {100, 43, 45, 228} }},
	{{ {-86, -1200, 618}, 0, {2349, 1864}, {100, 43, 45, 55} }},
	{{ {-86, -1268, 618}, 0, {2349, 1965}, {100, 43, 45, 255} }},
	{{ {86, -1268, 618}, 0, {2349, 1965}, {104, 70, 71, 60} }},
	{{ {86, -1200, 618}, 0, {2349, 1864}, {102, 44, 45, 255} }},
	{{ {86, -1200, 790}, 0, {2094, 1864}, {104, 69, 70, 255} }},
	{{ {86, -1268, 790}, 0, {2094, 1965}, {106, 77, 78, 255} }},
	{{ {86, -1268, 790}, 0, {-938, 1965}, {106, 77, 78, 255} }},
	{{ {86, -1200, 790}, 0, {-938, 1864}, {104, 69, 70, 255} }},
	{{ {-86, -1200, 790}, 0, {-1193, 1864}, {100, 43, 45, 228} }},
	{{ {-86, -1268, 790}, 0, {-1193, 1965}, {100, 45, 47, 255} }},
	{{ {-86, -1268, 618}, 0, {-1193, -1357}, {100, 43, 45, 255} }},
	{{ {86, -1268, 618}, 0, {-938, -1357}, {104, 70, 71, 60} }},
	{{ {86, -1268, 790}, 0, {-938, -1102}, {106, 77, 78, 255} }},
	{{ {-86, -1268, 790}, 0, {-1193, -1102}, {100, 45, 47, 255} }},
	{{ {-56, -1200, 760}, 0, {-1149, 1864}, {132, 51, 40, 255} }},
	{{ {56, -1200, 760}, 0, {-982, 1864}, {121, 70, 42, 255} }},
	{{ {56, 836, 760}, 0, {-982, -564}, {119, 79, 24, 255} }},
	{{ {-56, 836, 760}, 0, {-1149, -564}, {119, 79, 18, 255} }},
	{{ {118, 1154, 822}, 0, {-890, -1037}, {46, 31, 7, 255} }},
	{{ {-118, 1154, 822}, 0, {-1241, -1037}, {56, 50, 47, 255} }},
	{{ {118, 1240, 822}, 0, {-890, -1165}, {46, 31, 7, 255} }},
	{{ {-118, 1240, 822}, 0, {-1241, -1165}, {53, 45, 41, 255} }},
	{{ {56, -1200, 648}, 0, {-982, 1864}, {132, 51, 40, 255} }},
	{{ {-56, -1200, 648}, 0, {-1149, 1864}, {131, 55, 40, 251} }},
	{{ {-56, 836, 648}, 0, {-1149, -564}, {119, 79, 18, 255} }},
	{{ {56, 836, 648}, 0, {-982, -564}, {119, 79, 18, 255} }},
	{{ {-118, 1154, 586}, 0, {-1241, -1037}, {49, 37, 29, 255} }},
	{{ {56, 836, 648}, 0, {-982, -564}, {119, 79, 18, 255} }},
	{{ {-56, 836, 648}, 0, {-1149, -564}, {119, 79, 18, 255} }},
	{{ {118, 1154, 586}, 0, {-890, -1037}, {64, 60, 58, 255} }},
	{{ {-118, 1240, 586}, 0, {-1241, -1165}, {47, 32, 18, 255} }},
	{{ {118, 1240, 586}, 0, {-890, -1165}, {46, 31, 11, 255} }},
	{{ {56, -1200, 760}, 0, {2138, 1864}, {121, 70, 42, 255} }},
	{{ {56, -1200, 648}, 0, {2305, 1864}, {132, 51, 40, 255} }},
	{{ {56, 836, 648}, 0, {2305, -564}, {119, 79, 18, 255} }},
	{{ {56, 836, 760}, 0, {2138, -564}, {119, 79, 24, 255} }},
	{{ {118, 1154, 586}, 0, {2397, -1037}, {64, 60, 58, 255} }},
	{{ {118, 1154, 822}, 0, {2046, -1037}, {46, 31, 7, 255} }},
	{{ {118, 1240, 586}, 0, {2397, -1165}, {46, 31, 11, 255} }},
	{{ {118, 1240, 822}, 0, {2046, -1165}, {46, 31, 7, 255} }},
	{{ {-56, -1200, 648}, 0, {2305, 1864}, {131, 55, 40, 251} }},
	{{ {-56, -1200, 760}, 0, {2138, 1864}, {132, 51, 40, 255} }},
	{{ {-56, 836, 760}, 0, {2138, -564}, {119, 79, 18, 255} }},
	{{ {-56, 836, 648}, 0, {2305, -564}, {119, 79, 18, 255} }},
	{{ {-118, 1154, 822}, 0, {2046, -1037}, {56, 50, 47, 255} }},
	{{ {-118, 1154, 586}, 0, {2397, -1037}, {49, 37, 29, 255} }},
	{{ {-118, 1240, 822}, 0, {2046, -1165}, {53, 45, 41, 255} }},
	{{ {-118, 1240, 586}, 0, {2397, -1165}, {47, 32, 18, 255} }},
	{{ {118, 1240, 586}, 0, {-890, -1405}, {46, 31, 11, 255} }},
	{{ {-118, 1240, 586}, 0, {-1241, -1405}, {47, 32, 18, 255} }},
	{{ {-118, 1240, 822}, 0, {-1241, -1054}, {53, 45, 41, 255} }},
	{{ {118, 1240, 822}, 0, {-890, -1054}, {46, 31, 7, 255} }},
	{{ {-86, -1268, 2936}, 0, {-1193, 1965}, {100, 45, 47, 255} }},
	{{ {-86, -1200, 2936}, 0, {-1193, 1864}, {100, 43, 45, 255} }},
	{{ {86, -1200, 2936}, 0, {-938, 1864}, {103, 67, 68, 255} }},
	{{ {86, -1268, 2936}, 0, {-938, 1965}, {100, 46, 48, 255} }},
	{{ {-86, -1268, 3108}, 0, {-1357, 1965}, {101, 51, 53, 255} }},
	{{ {-86, -1200, 3108}, 0, {-1357, 1864}, {107, 80, 80, 255} }},
	{{ {-86, -1200, 2936}, 0, {-1102, 1864}, {100, 43, 45, 255} }},
	{{ {-86, -1268, 2936}, 0, {-1102, 1965}, {100, 45, 47, 255} }},
	{{ {86, -1268, 2936}, 0, {-1102, 1965}, {100, 46, 48, 255} }},
	{{ {86, -1200, 2936}, 0, {-1102, 1864}, {103, 67, 68, 255} }},
	{{ {86, -1200, 3108}, 0, {-1357, 1864}, {100, 44, 46, 255} }},
	{{ {86, -1268, 3108}, 0, {-1357, 1965}, {103, 66, 66, 255} }},
	{{ {86, -1268, 3108}, 0, {-938, 1965}, {103, 66, 66, 255} }},
	{{ {86, -1200, 3108}, 0, {-938, 1864}, {100, 44, 46, 255} }},
	{{ {-86, -1200, 3108}, 0, {-1193, 1864}, {107, 80, 80, 255} }},
	{{ {-86, -1268, 3108}, 0, {-1193, 1965}, {101, 51, 53, 255} }},
	{{ {-86, -1268, 2936}, 0, {-1193, 2094}, {100, 45, 47, 255} }},
	{{ {86, -1268, 2936}, 0, {-938, 2094}, {100, 46, 48, 255} }},
	{{ {86, -1268, 3108}, 0, {-938, 2349}, {103, 66, 66, 255} }},
	{{ {-86, -1268, 3108}, 0, {-1193, 2349}, {101, 51, 53, 255} }},
	{{ {-56, -1200, 3078}, 0, {-1149, 1864}, {132, 51, 40, 255} }},
	{{ {56, -1200, 3078}, 0, {-982, 1864}, {132, 51, 40, 255} }},
	{{ {56, 836, 3078}, 0, {-982, -564}, {119, 79, 18, 255} }},
	{{ {-56, 836, 3078}, 0, {-1149, -564}, {119, 79, 18, 255} }},
	{{ {118, 1154, 3140}, 0, {-890, -1037}, {49, 37, 30, 255} }},
	{{ {-118, 1154, 3140}, 0, {-1241, -1037}, {47, 31, 12, 255} }},
	{{ {118, 1240, 3140}, 0, {-890, -1165}, {63, 59, 57, 255} }},
	{{ {-118, 1240, 3140}, 0, {-1241, -1165}, {52, 44, 40, 255} }},
	{{ {56, -1200, 2966}, 0, {-982, 1864}, {132, 51, 40, 255} }},
	{{ {-56, -1200, 2966}, 0, {-1149, 1864}, {132, 51, 40, 255} }},
	{{ {-56, 836, 2966}, 0, {-1149, -564}, {119, 79, 18, 255} }},
	{{ {56, 836, 2966}, 0, {-982, -564}, {119, 79, 18, 255} }},
	{{ {-118, 1154, 2904}, 0, {-1241, -1037}, {46, 31, 7, 255} }},
	{{ {118, 1154, 2904}, 0, {-890, -1037}, {48, 36, 27, 255} }},
	{{ {-118, 1240, 2904}, 0, {-1241, -1165}, {46, 31, 7, 255} }},
	{{ {118, 1240, 2904}, 0, {-890, -1165}, {82, 80, 79, 255} }},
	{{ {56, -1200, 3078}, 0, {-1313, 1864}, {132, 51, 40, 255} }},
	{{ {56, -1200, 2966}, 0, {-1146, 1864}, {132, 51, 40, 255} }},
	{{ {56, 836, 2966}, 0, {-1146, -564}, {119, 79, 18, 255} }},
	{{ {56, 836, 3078}, 0, {-1313, -564}, {119, 79, 18, 255} }},
	{{ {118, 1154, 2904}, 0, {-1054, -1037}, {48, 36, 27, 255} }},
	{{ {118, 1154, 3140}, 0, {-1405, -1037}, {49, 37, 30, 255} }},
	{{ {118, 1240, 2904}, 0, {-1054, -1165}, {82, 80, 79, 255} }},
	{{ {118, 1240, 3140}, 0, {-1405, -1165}, {63, 59, 57, 255} }},
	{{ {-56, -1200, 2966}, 0, {-1146, 1864}, {132, 51, 40, 255} }},
	{{ {-56, -1200, 3078}, 0, {-1313, 1864}, {132, 51, 40, 255} }},
	{{ {-56, 836, 3078}, 0, {-1313, -564}, {119, 79, 18, 255} }},
	{{ {-56, 836, 2966}, 0, {-1146, -564}, {119, 79, 18, 255} }},
	{{ {-118, 1154, 3140}, 0, {-1405, -1037}, {47, 31, 12, 255} }},
	{{ {-118, 1154, 2904}, 0, {-1054, -1037}, {46, 31, 7, 255} }},
	{{ {-118, 1240, 3140}, 0, {-1405, -1165}, {52, 44, 40, 255} }},
	{{ {-118, 1240, 2904}, 0, {-1054, -1165}, {46, 31, 7, 255} }},
	{{ {118, 1240, 2904}, 0, {-890, 2046}, {82, 80, 79, 255} }},
	{{ {-118, 1240, 2904}, 0, {-1241, 2046}, {46, 31, 7, 255} }},
	{{ {-118, 1240, 3140}, 0, {-1241, 2397}, {52, 44, 40, 255} }},
	{{ {118, 1240, 3140}, 0, {-890, 2397}, {63, 59, 57, 255} }},
	{{ {2074, -1268, 618}, 0, {2023, 1965}, {100, 43, 45, 255} }},
	{{ {2074, -1200, 618}, 0, {2023, 1864}, {100, 47, 49, 255} }},
	{{ {2246, -1200, 618}, 0, {2278, 1864}, {100, 43, 45, 255} }},
	{{ {2246, -1268, 618}, 0, {2278, 1965}, {101, 54, 55, 255} }},
	{{ {2074, -1268, 790}, 0, {2094, 1965}, {100, 43, 45, 255} }},
	{{ {2074, -1200, 790}, 0, {2094, 1864}, {100, 43, 45, 255} }},
	{{ {2074, -1200, 618}, 0, {2349, 1864}, {100, 47, 49, 255} }},
	{{ {2074, -1268, 618}, 0, {2349, 1965}, {100, 43, 45, 255} }},
	{{ {2246, -1268, 618}, 0, {2349, 1965}, {101, 54, 55, 255} }},
	{{ {2246, -1200, 618}, 0, {2349, 1864}, {100, 43, 45, 255} }},
	{{ {2246, -1200, 790}, 0, {2094, 1864}, {100, 43, 46, 255} }},
	{{ {2246, -1268, 790}, 0, {2094, 1965}, {101, 49, 51, 255} }},
	{{ {2246, -1268, 790}, 0, {2278, 1965}, {101, 49, 51, 255} }},
	{{ {2246, -1200, 790}, 0, {2278, 1864}, {100, 43, 46, 255} }},
	{{ {2074, -1200, 790}, 0, {2023, 1864}, {100, 43, 45, 255} }},
	{{ {2074, -1268, 790}, 0, {2023, 1965}, {100, 43, 45, 255} }},
	{{ {2074, -1268, 618}, 0, {2023, -1357}, {100, 43, 45, 255} }},
	{{ {2246, -1268, 618}, 0, {2278, -1357}, {101, 54, 55, 255} }},
	{{ {2246, -1268, 790}, 0, {2278, -1102}, {101, 49, 51, 255} }},
	{{ {2074, -1268, 790}, 0, {2023, -1102}, {100, 43, 45, 255} }},
	{{ {2104, -1200, 760}, 0, {2066, 1864}, {131, 55, 40, 255} }},
	{{ {2216, -1200, 760}, 0, {2234, 1864}, {132, 51, 40, 255} }},
	{{ {2216, 836, 760}, 0, {2234, -564}, {119, 79, 27, 255} }},
	{{ {2104, 836, 760}, 0, {2066, -564}, {124, 96, 84, 255} }},
	{{ {2278, 1154, 822}, 0, {2326, -1037}, {46, 31, 9, 255} }},
	{{ {2042, 1154, 822}, 0, {1974, -1037}, {51, 42, 37, 255} }},
	{{ {2278, 1240, 822}, 0, {2326, -1165}, {54, 46, 43, 255} }},
	{{ {2042, 1240, 822}, 0, {1974, -1165}, {46, 31, 10, 255} }},
	{{ {2216, -1200, 648}, 0, {2234, 1864}, {132, 52, 40, 255} }},
	{{ {2104, -1200, 648}, 0, {2066, 1864}, {132, 51, 40, 255} }},
	{{ {2104, 836, 648}, 0, {2066, -564}, {119, 79, 27, 255} }},
	{{ {2216, 836, 648}, 0, {2234, -564}, {119, 79, 18, 255} }},
	{{ {2042, 1154, 586}, 0, {1974, -1037}, {46, 31, 7, 255} }},
	{{ {2278, 1154, 586}, 0, {2326, -1037}, {47, 32, 14, 255} }},
	{{ {2042, 1240, 586}, 0, {1974, -1165}, {46, 31, 8, 255} }},
	{{ {2278, 1240, 586}, 0, {2326, -1165}, {46, 31, 7, 255} }},
	{{ {2216, -1200, 760}, 0, {2138, 1864}, {132, 51, 40, 255} }},
	{{ {2216, -1200, 648}, 0, {2305, 1864}, {132, 52, 40, 255} }},
	{{ {2216, 836, 648}, 0, {2305, -564}, {119, 79, 18, 255} }},
	{{ {2216, 836, 760}, 0, {2138, -564}, {119, 79, 27, 255} }},
	{{ {2278, 1154, 586}, 0, {2397, -1037}, {47, 32, 14, 255} }},
	{{ {2278, 1154, 822}, 0, {2046, -1037}, {46, 31, 9, 255} }},
	{{ {2278, 1240, 586}, 0, {2397, -1165}, {46, 31, 7, 255} }},
	{{ {2278, 1240, 822}, 0, {2046, -1165}, {54, 46, 43, 255} }},
	{{ {2104, -1200, 648}, 0, {2305, 1864}, {132, 51, 40, 255} }},
	{{ {2104, -1200, 760}, 0, {2138, 1864}, {131, 55, 40, 255} }},
	{{ {2104, 836, 760}, 0, {2138, -564}, {124, 96, 84, 255} }},
	{{ {2104, 836, 648}, 0, {2305, -564}, {119, 79, 27, 255} }},
	{{ {2042, 1154, 822}, 0, {2046, -1037}, {51, 42, 37, 255} }},
	{{ {2042, 1154, 586}, 0, {2397, -1037}, {46, 31, 7, 255} }},
	{{ {2042, 1240, 822}, 0, {2046, -1165}, {46, 31, 10, 255} }},
	{{ {2042, 1240, 586}, 0, {2397, -1165}, {46, 31, 8, 255} }},
	{{ {2278, 1240, 586}, 0, {2326, -1405}, {46, 31, 7, 255} }},
	{{ {2042, 1240, 586}, 0, {1974, -1405}, {46, 31, 8, 255} }},
	{{ {2042, 1240, 822}, 0, {1974, -1054}, {46, 31, 10, 255} }},
	{{ {2278, 1240, 822}, 0, {2326, -1054}, {54, 46, 43, 255} }},
	{{ {1950, -1268, 2936}, 0, {1837, 1965}, {105, 72, 72, 255} }},
	{{ {1950, -1200, 2936}, 0, {1837, 1864}, {104, 44, 45, 255} }},
	{{ {2121, -1200, 2936}, 0, {2093, 1864}, {100, 43, 45, 255} }},
	{{ {2121, -1268, 2936}, 0, {2093, 1965}, {100, 43, 45, 255} }},
	{{ {1950, -1268, 3108}, 0, {-1357, 1965}, {100, 43, 45, 255} }},
	{{ {1950, -1200, 3108}, 0, {-1357, 1864}, {101, 43, 45, 255} }},
	{{ {1950, -1200, 2936}, 0, {-1102, 1864}, {104, 44, 45, 255} }},
	{{ {1950, -1268, 2936}, 0, {-1102, 1965}, {105, 72, 72, 255} }},
	{{ {2121, -1268, 2936}, 0, {-1102, 1965}, {100, 43, 45, 255} }},
	{{ {2121, -1200, 2936}, 0, {-1102, 1864}, {100, 43, 45, 255} }},
	{{ {2121, -1200, 3108}, 0, {-1357, 1864}, {110, 56, 55, 255} }},
	{{ {2121, -1268, 3108}, 0, {-1357, 1965}, {102, 59, 60, 255} }},
	{{ {2121, -1268, 3108}, 0, {2093, 1965}, {102, 59, 60, 255} }},
	{{ {2121, -1200, 3108}, 0, {2093, 1864}, {110, 56, 55, 255} }},
	{{ {1950, -1200, 3108}, 0, {1837, 1864}, {101, 43, 45, 255} }},
	{{ {1950, -1268, 3108}, 0, {1837, 1965}, {100, 43, 45, 255} }},
	{{ {1950, -1268, 2936}, 0, {1837, 2094}, {105, 72, 72, 255} }},
	{{ {2121, -1268, 2936}, 0, {2093, 2094}, {100, 43, 45, 255} }},
	{{ {2121, -1268, 3108}, 0, {2093, 2349}, {102, 59, 60, 255} }},
	{{ {1950, -1268, 3108}, 0, {1837, 2349}, {100, 43, 45, 255} }},
	{{ {1979, -1200, 3078}, 0, {1881, 1864}, {132, 51, 40, 255} }},
	{{ {2092, -1200, 3078}, 0, {2049, 1864}, {132, 51, 40, 255} }},
	{{ {2092, 836, 3078}, 0, {2049, -564}, {119, 79, 18, 255} }},
	{{ {1979, 836, 3078}, 0, {1881, -564}, {119, 79, 23, 255} }},
	{{ {2154, 1154, 3140}, 0, {2141, -1037}, {46, 31, 7, 255} }},
	{{ {1918, 1154, 3140}, 0, {1789, -1037}, {46, 31, 7, 255} }},
	{{ {2154, 1240, 3140}, 0, {2141, -1165}, {46, 31, 7, 255} }},
	{{ {1918, 1240, 3140}, 0, {1789, -1165}, {58, 53, 50, 255} }},
	{{ {2092, -1200, 2966}, 0, {2049, 1864}, {132, 51, 40, 255} }},
	{{ {1979, -1200, 2966}, 0, {1881, 1864}, {132, 51, 40, 255} }},
	{{ {1979, 836, 2966}, 0, {1881, -564}, {119, 79, 18, 255} }},
	{{ {2092, 836, 2966}, 0, {2049, -564}, {119, 79, 18, 255} }},
	{{ {1918, 1154, 2904}, 0, {1789, -1037}, {46, 31, 7, 255} }},
	{{ {2154, 1154, 2904}, 0, {2141, -1037}, {46, 31, 7, 255} }},
	{{ {1918, 1240, 2904}, 0, {1789, -1165}, {46, 31, 7, 255} }},
	{{ {2154, 1240, 2904}, 0, {2141, -1165}, {46, 31, 7, 255} }},
	{{ {2092, -1200, 3078}, 0, {-1313, 1864}, {132, 51, 40, 255} }},
	{{ {2092, -1200, 2966}, 0, {-1146, 1864}, {132, 51, 40, 255} }},
	{{ {2092, 836, 2966}, 0, {-1146, -564}, {119, 79, 18, 255} }},
	{{ {2092, 836, 3078}, 0, {-1313, -564}, {119, 79, 18, 255} }},
	{{ {2154, 1154, 2904}, 0, {-1054, -1037}, {46, 31, 7, 255} }},
	{{ {2154, 1154, 3140}, 0, {-1405, -1037}, {46, 31, 7, 255} }},
	{{ {2154, 1240, 2904}, 0, {-1054, -1165}, {46, 31, 7, 255} }},
	{{ {2154, 1240, 3140}, 0, {-1405, -1165}, {46, 31, 7, 255} }},
	{{ {1979, -1200, 2966}, 0, {-1146, 1864}, {132, 51, 40, 255} }},
	{{ {1979, -1200, 3078}, 0, {-1313, 1864}, {132, 51, 40, 255} }},
	{{ {1979, 836, 3078}, 0, {-1313, -564}, {119, 79, 23, 255} }},
	{{ {1979, 836, 2966}, 0, {-1146, -564}, {119, 79, 18, 255} }},
	{{ {1918, 1154, 3140}, 0, {-1405, -1037}, {46, 31, 7, 255} }},
	{{ {1918, 1154, 2904}, 0, {-1054, -1037}, {46, 31, 7, 255} }},
	{{ {1918, 1240, 3140}, 0, {-1405, -1165}, {58, 53, 50, 255} }},
	{{ {1918, 1240, 2904}, 0, {-1054, -1165}, {46, 31, 7, 255} }},
	{{ {2154, 1240, 2904}, 0, {2141, 2046}, {46, 31, 7, 255} }},
	{{ {1918, 1240, 2904}, 0, {1789, 2046}, {46, 31, 7, 255} }},
	{{ {1918, 1240, 3140}, 0, {1789, 2397}, {58, 53, 50, 255} }},
	{{ {2154, 1240, 3140}, 0, {2141, 2397}, {46, 31, 7, 255} }},
	{{ {-8161, -1259, 3097}, 0, {-1684, 2495}, {120, 80, 55, 255} }},
	{{ {-8161, -1173, 3097}, 0, {-1684, 2356}, {103, 45, 44, 255} }},
	{{ {-7945, -1173, 3097}, 0, {-1334, 2356}, {103, 44, 43, 255} }},
	{{ {-7945, -1259, 3097}, 0, {-1334, 2495}, {120, 80, 55, 255} }},
	{{ {-8161, -1259, 3313}, 0, {-1829, 2495}, {120, 80, 55, 255} }},
	{{ {-8161, -1173, 3313}, 0, {-1829, 2356}, {101, 47, 44, 255} }},
	{{ {-8161, -1173, 3097}, 0, {-1479, 2356}, {103, 45, 44, 255} }},
	{{ {-8161, -1259, 3097}, 0, {-1479, 2495}, {120, 80, 55, 255} }},
	{{ {-7945, -1259, 3097}, 0, {-1479, 2495}, {120, 80, 55, 255} }},
	{{ {-7945, -1173, 3097}, 0, {-1479, 2356}, {103, 44, 43, 255} }},
	{{ {-7945, -1173, 3313}, 0, {-1829, 2356}, {76, 42, 29, 255} }},
	{{ {-7945, -1259, 3313}, 0, {-1829, 2495}, {120, 80, 55, 255} }},
	{{ {-7945, -1259, 3313}, 0, {-1334, 2495}, {120, 80, 55, 255} }},
	{{ {-7945, -1173, 3313}, 0, {-1334, 2356}, {76, 42, 29, 255} }},
	{{ {-8161, -1173, 3313}, 0, {-1684, 2356}, {101, 47, 44, 255} }},
	{{ {-8161, -1259, 3313}, 0, {-1684, 2495}, {120, 80, 55, 255} }},
	{{ {-8161, -1259, 3097}, 0, {-1684, 2471}, {120, 80, 55, 255} }},
	{{ {-7945, -1259, 3097}, 0, {-1334, 2471}, {120, 80, 55, 255} }},
	{{ {-7945, -1259, 3313}, 0, {-1334, 2821}, {120, 80, 55, 255} }},
	{{ {-8161, -1259, 3313}, 0, {-1684, 2821}, {120, 80, 55, 255} }},
	{{ {-8124, -1173, 3276}, 0, {-1624, 2356}, {100, 45, 42, 255} }},
	{{ {-7982, -1173, 3276}, 0, {-1395, 2356}, {89, 43, 36, 255} }},
	{{ {-7982, 883, 3276}, 0, {-1395, -974}, {125, 83, 57, 255} }},
	{{ {-8124, 883, 3276}, 0, {-1624, -974}, {120, 80, 55, 255} }},
	{{ {-7904, 1284, 3354}, 0, {-1268, -1623}, {57, 42, 18, 255} }},
	{{ {-8202, 1284, 3354}, 0, {-1751, -1623}, {79, 53, 32, 255} }},
	{{ {-7904, 1393, 3354}, 0, {-1268, -1799}, {57, 42, 18, 255} }},
	{{ {-8202, 1393, 3354}, 0, {-1751, -1799}, {65, 45, 23, 255} }},
	{{ {-7982, -1173, 3134}, 0, {-1395, 2356}, {103, 44, 43, 255} }},
	{{ {-8124, -1173, 3134}, 0, {-1624, 2356}, {103, 44, 43, 255} }},
	{{ {-8124, 883, 3134}, 0, {-1624, -974}, {120, 80, 55, 255} }},
	{{ {-7982, 883, 3134}, 0, {-1395, -974}, {141, 94, 64, 255} }},
	{{ {-8202, 1284, 3056}, 0, {-1751, -1623}, {65, 46, 24, 255} }},
	{{ {-7904, 1284, 3056}, 0, {-1268, -1623}, {57, 42, 18, 255} }},
	{{ {-8202, 1393, 3056}, 0, {-1751, -1799}, {62, 44, 22, 255} }},
	{{ {-7904, 1393, 3056}, 0, {-1268, -1799}, {57, 42, 18, 255} }},
	{{ {-7982, -1173, 3276}, 0, {-1769, 2356}, {89, 43, 36, 255} }},
	{{ {-7982, -1173, 3134}, 0, {-1539, 2356}, {103, 44, 43, 255} }},
	{{ {-7982, 883, 3134}, 0, {-1539, -974}, {141, 94, 64, 255} }},
	{{ {-7982, 883, 3276}, 0, {-1769, -974}, {125, 83, 57, 255} }},
	{{ {-7904, 1284, 3056}, 0, {-1412, -1623}, {57, 42, 18, 255} }},
	{{ {-7904, 1284, 3354}, 0, {-1895, -1623}, {57, 42, 18, 255} }},
	{{ {-7904, 1393, 3056}, 0, {-1412, -1799}, {57, 42, 18, 255} }},
	{{ {-7904, 1393, 3354}, 0, {-1895, -1799}, {57, 42, 18, 255} }},
	{{ {-8124, -1173, 3134}, 0, {-1539, 2356}, {103, 44, 43, 255} }},
	{{ {-8124, -1173, 3276}, 0, {-1769, 2356}, {100, 45, 42, 255} }},
	{{ {-8124, 883, 3276}, 0, {-1769, -974}, {120, 80, 55, 255} }},
	{{ {-8124, 883, 3134}, 0, {-1539, -974}, {120, 80, 55, 255} }},
	{{ {-8202, 1284, 3354}, 0, {-1895, -1623}, {79, 53, 32, 255} }},
	{{ {-8202, 1284, 3056}, 0, {-1412, -1623}, {65, 46, 24, 255} }},
	{{ {-8202, 1393, 3354}, 0, {-1895, -1799}, {65, 45, 23, 255} }},
	{{ {-8202, 1393, 3056}, 0, {-1412, -1799}, {62, 44, 22, 255} }},
	{{ {-7904, 1393, 3056}, 0, {-1268, 2404}, {57, 42, 18, 255} }},
	{{ {-8202, 1393, 3056}, 0, {-1751, 2404}, {62, 44, 22, 255} }},
	{{ {-8202, 1393, 3354}, 0, {-1751, 2887}, {65, 45, 23, 255} }},
	{{ {-7904, 1393, 3354}, 0, {-1268, 2887}, {57, 42, 18, 255} }},
	{{ {-8161, -1271, 437}, 0, {-1684, 2514}, {120, 80, 55, 255} }},
	{{ {-8161, -1185, 437}, 0, {-1684, 2376}, {129, 80, 57, 255} }},
	{{ {-7945, -1185, 437}, 0, {-1334, 2376}, {110, 60, 46, 255} }},
	{{ {-7945, -1271, 437}, 0, {-1334, 2514}, {120, 80, 55, 255} }},
	{{ {-8161, -1271, 653}, 0, {2479, 2514}, {121, 83, 64, 255} }},
	{{ {-8161, -1185, 653}, 0, {2479, 2376}, {107, 54, 45, 255} }},
	{{ {-8161, -1185, 437}, 0, {2829, 2376}, {129, 80, 57, 255} }},
	{{ {-8161, -1271, 437}, 0, {2829, 2514}, {120, 80, 55, 255} }},
	{{ {-7945, -1271, 437}, 0, {2829, 2514}, {120, 80, 55, 255} }},
	{{ {-7945, -1185, 437}, 0, {2829, 2376}, {110, 60, 46, 255} }},
	{{ {-7945, -1185, 653}, 0, {2479, 2376}, {104, 44, 41, 255} }},
	{{ {-7945, -1271, 653}, 0, {2479, 2514}, {120, 80, 55, 255} }},
	{{ {-7945, -1271, 653}, 0, {-1334, 2514}, {120, 80, 55, 255} }},
	{{ {-7945, -1185, 653}, 0, {-1334, 2376}, {104, 44, 41, 255} }},
	{{ {-8161, -1185, 653}, 0, {-1684, 2376}, {107, 54, 45, 255} }},
	{{ {-8161, -1271, 653}, 0, {-1684, 2514}, {121, 83, 64, 255} }},
	{{ {-8161, -1271, 437}, 0, {-1684, -1837}, {120, 80, 55, 255} }},
	{{ {-7945, -1271, 437}, 0, {-1334, -1837}, {120, 80, 55, 255} }},
	{{ {-7945, -1271, 653}, 0, {-1334, -1487}, {120, 80, 55, 255} }},
	{{ {-8161, -1271, 653}, 0, {-1684, -1487}, {121, 83, 64, 255} }},
	{{ {-8124, -1185, 616}, 0, {-1624, 2376}, {103, 44, 43, 255} }},
	{{ {-7982, -1185, 616}, 0, {-1395, 2376}, {103, 37, 40, 255} }},
	{{ {-7982, 871, 616}, 0, {-1395, -954}, {156, 104, 72, 255} }},
	{{ {-8124, 871, 616}, 0, {-1624, -954}, {156, 104, 72, 255} }},
	{{ {-7904, 1272, 694}, 0, {-1268, -1603}, {59, 43, 20, 255} }},
	{{ {-8202, 1272, 694}, 0, {-1751, -1603}, {63, 45, 23, 255} }},
	{{ {-7904, 1380, 694}, 0, {-1268, -1779}, {58, 42, 19, 255} }},
	{{ {-8202, 1380, 694}, 0, {-1751, -1779}, {57, 42, 18, 255} }},
	{{ {-7982, -1185, 474}, 0, {-1395, 2376}, {106, 50, 43, 255} }},
	{{ {-8124, -1185, 474}, 0, {-1624, 2376}, {103, 44, 43, 255} }},
	{{ {-8124, 871, 474}, 0, {-1624, -954}, {120, 80, 55, 255} }},
	{{ {-7982, 871, 474}, 0, {-1395, -954}, {120, 80, 55, 255} }},
	{{ {-8202, 1272, 396}, 0, {-1751, -1603}, {59, 43, 22, 255} }},
	{{ {-7904, 1272, 396}, 0, {-1268, -1603}, {58, 42, 20, 255} }},
	{{ {-8202, 1380, 396}, 0, {-1751, -1779}, {57, 42, 18, 255} }},
	{{ {-7904, 1380, 396}, 0, {-1268, -1779}, {57, 42, 18, 255} }},
	{{ {-7982, -1185, 616}, 0, {2540, 2376}, {103, 37, 40, 255} }},
	{{ {-7982, -1185, 474}, 0, {2769, 2376}, {106, 50, 43, 255} }},
	{{ {-7982, 871, 474}, 0, {2769, -954}, {120, 80, 55, 255} }},
	{{ {-7982, 871, 616}, 0, {2540, -954}, {156, 104, 72, 255} }},
	{{ {-7904, 1272, 396}, 0, {2896, -1603}, {58, 42, 20, 255} }},
	{{ {-7904, 1272, 694}, 0, {2413, -1603}, {59, 43, 20, 255} }},
	{{ {-7904, 1380, 396}, 0, {2896, -1779}, {57, 42, 18, 255} }},
	{{ {-7904, 1380, 694}, 0, {2413, -1779}, {58, 42, 19, 255} }},
	{{ {-8124, -1185, 474}, 0, {2769, 2376}, {103, 44, 43, 255} }},
	{{ {-8124, -1185, 616}, 0, {2540, 2376}, {103, 44, 43, 255} }},
	{{ {-8124, 871, 616}, 0, {2540, -954}, {156, 104, 72, 255} }},
	{{ {-8124, 871, 474}, 0, {2769, -954}, {120, 80, 55, 255} }},
	{{ {-8202, 1272, 694}, 0, {2413, -1603}, {63, 45, 23, 255} }},
	{{ {-8202, 1272, 396}, 0, {2896, -1603}, {59, 43, 22, 255} }},
	{{ {-8202, 1380, 694}, 0, {2413, -1779}, {57, 42, 18, 255} }},
	{{ {-8202, 1380, 396}, 0, {2896, -1779}, {57, 42, 18, 255} }},
	{{ {-7904, 1380, 396}, 0, {-1268, -1904}, {57, 42, 18, 255} }},
	{{ {-8202, 1380, 396}, 0, {-1751, -1904}, {57, 42, 18, 255} }},
	{{ {-8202, 1380, 694}, 0, {-1751, -1421}, {57, 42, 18, 255} }},
	{{ {-7904, 1380, 694}, 0, {-1268, -1421}, {58, 42, 19, 255} }},
	{{ {-5682, -1271, 437}, 0, {2330, 2514}, {121, 84, 65, 255} }},
	{{ {-5682, -1185, 437}, 0, {2330, 2376}, {103, 44, 43, 255} }},
	{{ {-5466, -1185, 437}, 0, {2680, 2376}, {103, 44, 43, 255} }},
	{{ {-5466, -1271, 437}, 0, {2680, 2514}, {103, 44, 43, 255} }},
	{{ {-5682, -1271, 653}, 0, {2479, 2514}, {120, 80, 55, 255} }},
	{{ {-5682, -1185, 653}, 0, {2479, 2376}, {104, 47, 43, 255} }},
	{{ {-5682, -1185, 437}, 0, {2829, 2376}, {103, 44, 43, 255} }},
	{{ {-5682, -1271, 437}, 0, {2829, 2514}, {121, 84, 65, 255} }},
	{{ {-5466, -1271, 437}, 0, {2829, 2514}, {103, 44, 43, 255} }},
	{{ {-5466, -1185, 437}, 0, {2829, 2376}, {103, 44, 43, 255} }},
	{{ {-5466, -1185, 653}, 0, {2479, 2376}, {103, 44, 43, 255} }},
	{{ {-5466, -1271, 653}, 0, {2479, 2514}, {120, 80, 56, 255} }},
	{{ {-5466, -1271, 653}, 0, {2680, 2514}, {120, 80, 56, 255} }},
	{{ {-5466, -1185, 653}, 0, {2680, 2376}, {103, 44, 43, 255} }},
	{{ {-5682, -1185, 653}, 0, {2330, 2376}, {104, 47, 43, 255} }},
	{{ {-5682, -1271, 653}, 0, {2330, 2514}, {120, 80, 55, 255} }},
	{{ {-5682, -1271, 437}, 0, {2330, -1837}, {121, 84, 65, 255} }},
	{{ {-5466, -1271, 437}, 0, {2680, -1837}, {103, 44, 43, 255} }},
	{{ {-5466, -1271, 653}, 0, {2680, -1487}, {120, 80, 56, 255} }},
	{{ {-5682, -1271, 653}, 0, {2330, -1487}, {120, 80, 55, 255} }},
	{{ {-5645, -1185, 616}, 0, {2390, 2376}, {103, 44, 43, 255} }},
	{{ {-5503, -1185, 616}, 0, {2620, 2376}, {103, 44, 43, 255} }},
	{{ {-5503, -99, 616}, 0, {2620, 617}, {112, 66, 50, 255} }},
	{{ {-5645, -91, 616}, 0, {2390, 604}, {135, 83, 60, 255} }},
	{{ {-5503, 871, 616}, 0, {2620, -954}, {120, 80, 55, 255} }},
	{{ {-5645, 871, 616}, 0, {2390, -954}, {156, 104, 72, 255} }},
	{{ {-5425, 1272, 694}, 0, {2746, -1603}, {58, 42, 19, 255} }},
	{{ {-5723, 1272, 694}, 0, {2264, -1603}, {57, 42, 18, 255} }},
	{{ {-5425, 1380, 694}, 0, {2746, -1779}, {57, 42, 18, 255} }},
	{{ {-5723, 1380, 694}, 0, {2264, -1779}, {57, 42, 18, 255} }},
	{{ {-5503, -103, 474}, 0, {2620, 623}, {112, 66, 50, 255} }},
	{{ {-5503, -1185, 474}, 0, {2620, 2376}, {103, 44, 43, 255} }},
	{{ {-5645, -1185, 474}, 0, {2390, 2376}, {103, 44, 43, 255} }},
	{{ {-5503, 871, 474}, 0, {2620, -954}, {120, 80, 55, 255} }},
	{{ {-5645, 871, 474}, 0, {2390, -954}, {156, 104, 72, 255} }},
	{{ {-5723, 1272, 396}, 0, {2264, -1603}, {57, 42, 19, 255} }},
	{{ {-5425, 1272, 396}, 0, {2746, -1603}, {57, 42, 18, 255} }},
	{{ {-5723, 1380, 396}, 0, {2264, -1779}, {57, 42, 18, 255} }},
	{{ {-5425, 1380, 396}, 0, {2746, -1779}, {57, 42, 18, 255} }},
	{{ {-5503, -1185, 616}, 0, {2540, 2376}, {103, 44, 43, 255} }},
	{{ {-5503, -1185, 474}, 0, {2769, 2376}, {103, 44, 43, 255} }},
	{{ {-5503, -103, 474}, 0, {2769, 623}, {112, 66, 50, 255} }},
	{{ {-5503, -99, 616}, 0, {2540, 617}, {112, 66, 50, 255} }},
	{{ {-5503, 871, 474}, 0, {2769, -954}, {120, 80, 55, 255} }},
	{{ {-5503, -99, 616}, 0, {2540, 617}, {112, 66, 50, 255} }},
	{{ {-5503, 871, 474}, 0, {2769, -954}, {120, 80, 55, 255} }},
	{{ {-5503, 871, 616}, 0, {2540, -954}, {120, 80, 55, 255} }},
	{{ {-5425, 1272, 396}, 0, {2896, -1603}, {57, 42, 18, 255} }},
	{{ {-5425, 1272, 694}, 0, {2413, -1603}, {58, 42, 19, 255} }},
	{{ {-5425, 1380, 396}, 0, {2896, -1779}, {57, 42, 18, 255} }},
	{{ {-5425, 1380, 694}, 0, {2413, -1779}, {57, 42, 18, 255} }},
	{{ {-5645, 871, 474}, 0, {2769, -954}, {156, 104, 72, 255} }},
	{{ {-5645, -1185, 474}, 0, {2769, 2376}, {103, 44, 43, 255} }},
	{{ {-5645, -1185, 616}, 0, {2540, 2376}, {103, 44, 43, 255} }},
	{{ {-5645, 871, 616}, 0, {2540, -954}, {156, 104, 72, 255} }},
	{{ {-5645, -91, 616}, 0, {2540, 604}, {135, 83, 60, 255} }},
	{{ {-5723, 1272, 694}, 0, {2413, -1603}, {57, 42, 18, 255} }},
	{{ {-5723, 1272, 396}, 0, {2896, -1603}, {57, 42, 19, 255} }},
	{{ {-5723, 1380, 694}, 0, {2413, -1779}, {57, 42, 18, 255} }},
	{{ {-5723, 1380, 396}, 0, {2896, -1779}, {57, 42, 18, 255} }},
	{{ {-5425, 1380, 396}, 0, {2746, -1904}, {57, 42, 18, 255} }},
	{{ {-5723, 1380, 396}, 0, {2264, -1904}, {57, 42, 18, 255} }},
	{{ {-5723, 1380, 694}, 0, {2264, -1421}, {57, 42, 18, 255} }},
	{{ {-5425, 1380, 694}, 0, {2746, -1421}, {57, 42, 18, 255} }},
	{{ {-5682, -1271, 3103}, 0, {2330, 2514}, {120, 80, 55, 255} }},
	{{ {-5682, -1185, 3103}, 0, {2330, 2376}, {103, 44, 43, 255} }},
	{{ {-5466, -1185, 3103}, 0, {2680, 2376}, {103, 44, 43, 255} }},
	{{ {-5466, -1271, 3103}, 0, {2680, 2514}, {121, 82, 60, 255} }},
	{{ {-5682, -1271, 3319}, 0, {-1838, 2514}, {120, 80, 55, 255} }},
	{{ {-5682, -1185, 3319}, 0, {-1838, 2376}, {103, 44, 43, 255} }},
	{{ {-5682, -1185, 3103}, 0, {-1488, 2376}, {103, 44, 43, 255} }},
	{{ {-5682, -1271, 3103}, 0, {-1488, 2514}, {120, 80, 55, 255} }},
	{{ {-5466, -1271, 3103}, 0, {-1488, 2514}, {121, 82, 60, 255} }},
	{{ {-5466, -1185, 3103}, 0, {-1488, 2376}, {103, 44, 43, 255} }},
	{{ {-5466, -1185, 3319}, 0, {-1838, 2376}, {103, 44, 43, 255} }},
	{{ {-5466, -1271, 3319}, 0, {-1838, 2514}, {120, 80, 55, 255} }},
	{{ {-5466, -1271, 3319}, 0, {2680, 2514}, {120, 80, 55, 255} }},
	{{ {-5466, -1185, 3319}, 0, {2680, 2376}, {103, 44, 43, 255} }},
	{{ {-5682, -1185, 3319}, 0, {2330, 2376}, {103, 44, 43, 255} }},
	{{ {-5682, -1271, 3319}, 0, {2330, 2514}, {120, 80, 55, 255} }},
	{{ {-5682, -1271, 3103}, 0, {2330, 2480}, {120, 80, 55, 255} }},
	{{ {-5466, -1271, 3103}, 0, {2680, 2480}, {121, 82, 60, 255} }},
	{{ {-5466, -1271, 3319}, 0, {2680, 2830}, {120, 80, 55, 255} }},
	{{ {-5682, -1271, 3319}, 0, {2330, 2830}, {120, 80, 55, 255} }},
	{{ {-5645, -1185, 3282}, 0, {2390, 2376}, {103, 44, 43, 255} }},
	{{ {-5503, -1185, 3282}, 0, {2620, 2376}, {103, 44, 43, 255} }},
	{{ {-5503, 871, 3282}, 0, {2620, -954}, {120, 80, 55, 255} }},
	{{ {-5645, 871, 3282}, 0, {2390, -954}, {156, 104, 72, 255} }},
	{{ {-5425, 1272, 3360}, 0, {2746, -1603}, {57, 42, 19, 255} }},
	{{ {-5723, 1272, 3360}, 0, {2264, -1603}, {57, 42, 18, 255} }},
	{{ {-5425, 1380, 3360}, 0, {2746, -1779}, {60, 43, 21, 255} }},
	{{ {-5723, 1380, 3360}, 0, {2264, -1779}, {61, 44, 21, 255} }},
	{{ {-5503, -1185, 3140}, 0, {2620, 2376}, {103, 44, 43, 255} }},
	{{ {-5645, -1185, 3140}, 0, {2390, 2376}, {103, 44, 43, 255} }},
	{{ {-5645, 871, 3140}, 0, {2390, -954}, {156, 104, 71, 255} }},
	{{ {-5503, 871, 3140}, 0, {2620, -954}, {121, 81, 56, 255} }},
	{{ {-5723, 1272, 3062}, 0, {2264, -1603}, {57, 42, 18, 255} }},
	{{ {-5425, 1272, 3062}, 0, {2746, -1603}, {57, 42, 18, 255} }},
	{{ {-5723, 1380, 3062}, 0, {2264, -1779}, {57, 42, 18, 255} }},
	{{ {-5425, 1380, 3062}, 0, {2746, -1779}, {58, 42, 19, 255} }},
	{{ {-5503, -1185, 3282}, 0, {-1778, 2376}, {103, 44, 43, 255} }},
	{{ {-5503, -1185, 3140}, 0, {-1549, 2376}, {103, 44, 43, 255} }},
	{{ {-5503, 871, 3140}, 0, {-1549, -954}, {121, 81, 56, 255} }},
	{{ {-5503, 871, 3282}, 0, {-1778, -954}, {120, 80, 55, 255} }},
	{{ {-5425, 1272, 3062}, 0, {-1422, -1603}, {57, 42, 18, 255} }},
	{{ {-5425, 1272, 3360}, 0, {-1905, -1603}, {57, 42, 19, 255} }},
	{{ {-5425, 1380, 3062}, 0, {-1422, -1779}, {58, 42, 19, 255} }},
	{{ {-5425, 1380, 3360}, 0, {-1905, -1779}, {60, 43, 21, 255} }},
	{{ {-5645, -1185, 3140}, 0, {-1549, 2376}, {103, 44, 43, 255} }},
	{{ {-5645, -1185, 3282}, 0, {-1778, 2376}, {103, 44, 43, 255} }},
	{{ {-5645, 871, 3282}, 0, {-1778, -954}, {156, 104, 72, 255} }},
	{{ {-5645, 871, 3140}, 0, {-1549, -954}, {156, 104, 71, 255} }},
	{{ {-5723, 1272, 3360}, 0, {-1905, -1603}, {57, 42, 18, 255} }},
	{{ {-5723, 1272, 3062}, 0, {-1422, -1603}, {57, 42, 18, 255} }},
	{{ {-5723, 1380, 3360}, 0, {-1905, -1779}, {61, 44, 21, 255} }},
	{{ {-5723, 1380, 3062}, 0, {-1422, -1779}, {57, 42, 18, 255} }},
	{{ {-5425, 1380, 3062}, 0, {2746, 2414}, {58, 42, 19, 255} }},
	{{ {-5723, 1380, 3062}, 0, {2264, 2414}, {57, 42, 18, 255} }},
	{{ {-5723, 1380, 3360}, 0, {2264, 2897}, {61, 44, 21, 255} }},
	{{ {-5425, 1380, 3360}, 0, {2746, 2897}, {60, 43, 21, 255} }},
	{{ {-9384, -1272, -2458}, 0, {-4089, 1437}, {146, 125, 126, 255} }},
	{{ {-6723, -1272, -2458}, 0, {-960, 1437}, {173, 164, 164, 255} }},
	{{ {-6723, -2056, -2458}, 0, {-960, 515}, {112, 72, 79, 138} }},
	{{ {-9384, -2056, -2458}, 0, {-4089, 515}, {112, 72, 79, 193} }},
	{{ {-6723, -2134, -2458}, 0, {-960, 515}, {87, 47, 51, 67} }},
	{{ {-9384, -2134, -2458}, 0, {-4089, 515}, {128, 111, 113, 67} }},
	{{ {-9384, -2056, -7506}, 0, {-1901, 916}, {129, 47, 45, 120} }},
	{{ {-8543, -1258, -6962}, 0, {-511, -325}, {127, 102, 64, 255} }},
	{{ {-9384, -1162, -7506}, 0, {-1901, -325}, {106, 80, 68, 255} }},
	{{ {-8543, -2056, -6962}, 0, {-511, 916}, {156, 53, 51, 255} }},
	{{ {-9384, -2134, -7506}, 0, {-1901, 1317}, {127, 47, 45, 88} }},
	{{ {-8543, -2134, -6962}, 0, {-511, 1317}, {127, 47, 45, 88} }},
	{{ {-7429, -2056, -6962}, 0, {1036, 916}, {138, 48, 45, 255} }},
	{{ {-7429, -2134, -6962}, 0, {1036, 1317}, {150, 48, 45, 67} }},
	{{ {-6723, -2056, -7506}, 0, {2272, 916}, {164, 69, 49, 69} }},
	{{ {-6723, -2134, -7506}, 0, {2272, 1317}, {177, 50, 48, 68} }},
	{{ {-7429, -1258, -6962}, 0, {1036, -325}, {127, 102, 64, 255} }},
	{{ {-6723, -1162, -7506}, 0, {2272, -325}, {103, 72, 50, 255} }},
	{{ {-7960, -2352, -3058}, 0, {-942, 2196}, {161, 7, 0, 255} }},
	{{ {-8123, -2352, -2463}, 0, {-2215, 2196}, {161, 11, 10, 255} }},
	{{ {-8123, -1272, -2463}, 0, {-2215, -1204}, {138, 121, 105, 255} }},
	{{ {-7960, -1272, -3058}, 0, {-942, -1204}, {138, 121, 105, 255} }},
	{{ {-7987, -2352, -3568}, 0, {151, 2196}, {161, 18, 19, 255} }},
	{{ {-7987, -1272, -3568}, 0, {151, -1204}, {138, 121, 105, 255} }},
	{{ {-7589, -2352, -2463}, 0, {-2215, 2196}, {156, 66, 71, 255} }},
	{{ {-7312, -1272, -3083}, 0, {-888, -1204}, {143, 129, 118, 255} }},
	{{ {-7589, -1272, -2463}, 0, {-2215, -1204}, {138, 121, 106, 255} }},
	{{ {-7312, -2352, -3083}, 0, {-888, 2196}, {161, 7, 0, 255} }},
	{{ {-7412, -1272, -3687}, 0, {407, -1204}, {141, 127, 114, 255} }},
	{{ {-7412, -2352, -3687}, 0, {407, 2196}, {161, 7, 1, 255} }},
	{{ {-8384, -2352, -3825}, 0, {92, 2196}, {161, 7, 0, 255} }},
	{{ {-7987, -2352, -3568}, 0, {942, 2196}, {161, 18, 19, 255} }},
	{{ {-7987, -1272, -3568}, 0, {942, -1204}, {138, 121, 105, 255} }},
	{{ {-8384, -1272, -3825}, 0, {92, -1204}, {138, 121, 105, 255} }},
	{{ {-7412, -2352, -3687}, 0, {2175, 2196}, {161, 7, 1, 255} }},
	{{ {-7879, -2352, -4030}, 0, {1175, 2196}, {161, 7, 0, 255} }},
	{{ {-7879, -1272, -4030}, 0, {1175, -1204}, {138, 121, 105, 255} }},
	{{ {-7412, -1272, -3687}, 0, {2175, -1204}, {141, 127, 114, 255} }},
	{{ {-8692, -2352, -4475}, 0, {2094, 2196}, {161, 31, 33, 255} }},
	{{ {-8384, -2352, -3825}, 0, {700, 2196}, {161, 7, 0, 255} }},
	{{ {-8384, -1272, -3825}, 0, {700, -1204}, {138, 121, 105, 255} }},
	{{ {-8692, -1272, -4475}, 0, {2094, -1204}, {138, 121, 105, 255} }},
	{{ {-8417, -2352, -4903}, 0, {3010, 2196}, {161, 16, 16, 255} }},
	{{ {-8417, -1272, -4903}, 0, {3010, -1204}, {138, 121, 105, 255} }},
	{{ {-7879, -2352, -4030}, 0, {1140, 2196}, {161, 7, 0, 255} }},
	{{ {-8298, -1272, -4487}, 0, {2120, -1204}, {138, 121, 105, 255} }},
	{{ {-7879, -1272, -4030}, 0, {1140, -1204}, {138, 121, 105, 255} }},
	{{ {-8298, -2352, -4487}, 0, {2120, 2196}, {161, 7, 0, 255} }},
	{{ {-8105, -1272, -4853}, 0, {2903, -1204}, {138, 121, 105, 255} }},
	{{ {-8105, -2352, -4853}, 0, {2903, 2196}, {161, 7, 0, 255} }},
	{{ {-8105, -2352, -4853}, 0, {690, 2196}, {161, 7, 0, 255} }},
	{{ {-7630, -1272, -5124}, 0, {1707, -1204}, {142, 127, 115, 255} }},
	{{ {-8105, -1272, -4853}, 0, {690, -1204}, {138, 121, 105, 255} }},
	{{ {-7630, -2352, -5124}, 0, {1707, 2196}, {160, 51, 45, 89} }},
	{{ {-8015, -1272, -5124}, 0, {884, -1204}, {142, 128, 116, 255} }},
	{{ {-8015, -2352, -5124}, 0, {884, 2196}, {161, 7, 0, 133} }},
	{{ {-8417, -1272, -4903}, 0, {22, -1204}, {138, 121, 105, 255} }},
	{{ {-8417, -2352, -4903}, 0, {22, 2196}, {161, 16, 16, 255} }},
	{{ {-8015, -2352, -5124}, 0, {897, -651}, {161, 7, 0, 133} }},
	{{ {-7630, -2352, -5124}, 0, {850, -725}, {160, 51, 45, 89} }},
	{{ {-8105, -2352, -4853}, 0, {790, -544}, {161, 7, 0, 255} }},
	{{ {-8298, -2352, -4487}, 0, {599, -185}, {161, 7, 0, 255} }},
	{{ {-8692, -2352, -4475}, 0, {976, -57}, {161, 31, 33, 255} }},
	{{ {-7987, -2352, -3568}, 0, {365, 854}, {161, 18, 19, 255} }},
	{{ {-7879, -2352, -4030}, 0, {168, 342}, {161, 7, 0, 255} }},
	{{ {-7589, -2352, -2463}, 0, {-168, 1474}, {156, 66, 71, 255} }},
	{{ {-7412, -2352, -3687}, 0, {-209, 754}, {161, 7, 1, 255} }},
	{{ {-7312, -2352, -3083}, 0, {-261, 1175}, {161, 7, 0, 255} }},
	{{ {-7960, -2352, -3058}, 0, {134, 1289}, {161, 7, 0, 255} }},
	{{ {-8123, -2352, -2463}, 0, {-24, 1549}, {161, 11, 10, 255} }},
	{{ {-8417, -2352, -4903}, 0, {945, -412}, {161, 16, 16, 255} }},
	{{ {-8384, -2352, -3825}, 0, {713, 494}, {161, 7, 0, 255} }},
	{{ {-8449, 2378, -7620}, 0, {1807, 1315}, {97, 78, 53, 255} }},
	{{ {-8449, 1410, -7632}, 0, {1831, -321}, {140, 24, 27, 255} }},
	{{ {-8449, 1410, -6990}, 0, {747, -323}, {119, 20, 23, 255} }},
	{{ {-8449, 2378, -6990}, 0, {743, 1313}, {122, 76, 62, 255} }},
	{{ {-7859, 1412, -6990}, 0, {-250, -321}, {119, 20, 23, 255} }},
	{{ {-7859, 2381, -6990}, 0, {-253, 1315}, {122, 76, 62, 255} }},
	{{ {-7859, 1412, -7631}, 0, {-1333, -323}, {120, 20, 23, 255} }},
	{{ {-7859, 2381, -7620}, 0, {-1317, 1313}, {97, 78, 53, 255} }},
	{{ {-8448, 2336, -1143}, 0, {-2066, 135}, {119, 83, 47, 255} }},
	{{ {-8448, 1565, -1143}, 0, {-2066, 860}, {159, 50, 43, 255} }},
	{{ {-8448, 1618, -391}, 0, {-548, 860}, {158, 50, 43, 255} }},
	{{ {-8448, 2336, -391}, 0, {-548, 135}, {119, 83, 47, 255} }},
	{{ {-7139, 2338, -391}, 0, {691, 132}, {119, 83, 47, 255} }},
	{{ {-7860, 1621, -391}, 0, {45, 857}, {159, 50, 43, 255} }},
	{{ {-7139, 1621, -391}, 0, {691, 857}, {159, 50, 43, 255} }},
	{{ {-7139, 1621, -1143}, 0, {2208, 857}, {156, 49, 44, 255} }},
	{{ {-7139, 2338, -1143}, 0, {2208, 132}, {119, 75, 44, 255} }},
	{{ {-4020, 2288, -1110}, 0, {-1036, 266}, {119, 91, 65, 255} }},
	{{ {-4022, 1570, -1110}, 0, {-1036, 725}, {159, 50, 43, 255} }},
	{{ {-4059, 1570, -210}, 0, {-319, 726}, {159, 50, 43, 255} }},
	{{ {-4057, 2288, -209}, 0, {-318, 266}, {119, 90, 65, 255} }},
	{{ {-2696, 1619, -126}, 0, {422, 726}, {159, 50, 43, 255} }},
	{{ {-1459, 1618, -84}, 0, {1214, 725}, {159, 50, 43, 255} }},
	{{ {-1459, 2336, -84}, 0, {1213, 266}, {119, 88, 63, 255} }},
	{{ {-6044, 465, 9089}, 0, {673, 1171}, {135, 101, 72, 255} }},
	{{ {-6044, 465, 8635}, 0, {212, 954}, {134, 100, 70, 255} }},
	{{ {-5021, 465, 8635}, 0, {212, 954}, {134, 100, 70, 255} }},
	{{ {-5021, 465, 9089}, 0, {673, 1171}, {135, 101, 72, 255} }},
	{{ {-6464, -1220, 5389}, 0, {1357, -248}, {255, 255, 255, 255} }},
	{{ {-6464, -2265, 6114}, 0, {767, 1240}, {0, 0, 0, 255} }},
	{{ {-6464, -2265, 5389}, 0, {1357, 1240}, {1, 1, 1, 255} }},
	{{ {-6464, -1220, 6114}, 0, {767, -248}, {255, 255, 255, 255} }},
	{{ {-6775, -1220, 6114}, 0, {767, -248}, {255, 255, 255, 255} }},
	{{ {-6775, -2265, 6114}, 0, {767, 1240}, {0, 0, 0, 255} }},
	{{ {-7333, -2265, 6114}, 0, {-27, 1240}, {1, 1, 1, 255} }},
	{{ {-7333, -1220, 6114}, 0, {-27, -248}, {255, 255, 255, 255} }},
	{{ {-7545, -1220, 6114}, 0, {-27, -248}, {255, 255, 255, 255} }},
	{{ {-7545, -2265, 6114}, 0, {-27, 1240}, {1, 1, 1, 255} }},
	{{ {-7545, -2265, 5389}, 0, {-618, 1240}, {0, 0, 0, 255} }},
	{{ {-7545, -1220, 5389}, 0, {-618, -248}, {255, 255, 255, 255} }},
	{{ {-6732, -41, 9095}, 0, {942, 236}, {134, 100, 70, 255} }},
	{{ {-6732, -41, 8635}, 0, {496, 236}, {134, 100, 70, 255} }},
	{{ {-6044, 465, 8635}, 0, {496, 945}, {134, 100, 70, 255} }},
	{{ {-6044, 465, 9089}, 0, {936, 945}, {135, 101, 72, 255} }},
	{{ {-7723, -548, 8635}, 0, {-248, 1300}, {134, 100, 70, 255} }},
	{{ {-6969, 43, 8635}, 0, {173, 406}, {134, 100, 70, 255} }},
	{{ {-6969, -222, 8635}, 0, {-39, 470}, {134, 100, 70, 255} }},
	{{ {-7723, -283, 8635}, 0, {-37, 1235}, {134, 100, 70, 255} }},
	{{ {-9368, -548, 8635}, 0, {153, 2616}, {134, 100, 70, 255} }},
	{{ {-9368, -283, 8635}, 0, {364, 2552}, {134, 100, 70, 255} }},
	{{ {-9368, -548, 8753}, 0, {1178, 341}, {134, 100, 70, 255} }},
	{{ {-9368, -548, 8635}, 0, {1164, 81}, {134, 100, 70, 255} }},
	{{ {-7723, -548, 8635}, 0, {-199, 205}, {134, 100, 70, 255} }},
	{{ {-9368, -548, 9089}, 0, {1178, 666}, {135, 101, 72, 255} }},
	{{ {-7723, -548, 9089}, 0, {-417, 666}, {135, 101, 72, 255} }},
	{{ {-7723, -548, 8635}, 0, {50, 104}, {134, 100, 70, 255} }},
	{{ {-6969, -222, 8635}, 0, {50, 945}, {134, 100, 70, 255} }},
	{{ {-6969, -222, 9095}, 0, {496, 945}, {134, 100, 70, 255} }},
	{{ {-7723, -548, 9089}, 0, {490, 104}, {135, 101, 72, 255} }},
	{{ {-5021, 465, 9089}, 0, {-234, -1560}, {135, 101, 72, 255} }},
	{{ {-5021, 730, 8635}, 0, {115, -1173}, {134, 100, 70, 255} }},
	{{ {-5021, 730, 9089}, 0, {-22, -1624}, {135, 101, 72, 255} }},
	{{ {-5021, 465, 8635}, 0, {-97, -1108}, {134, 100, 70, 255} }},
	{{ {-6044, 465, 8635}, 0, {153, -290}, {134, 100, 70, 255} }},
	{{ {-6044, 730, 8635}, 0, {364, -355}, {134, 100, 70, 255} }},
	{{ {-6732, -41, 8635}, 0, {-12, 361}, {134, 100, 70, 255} }},
	{{ {-6732, 223, 8635}, 0, {200, 297}, {134, 100, 70, 255} }},
	{{ {-1643, 2027, 8427}, 0, {1249, 899}, {135, 101, 72, 255} }},
	{{ {-2273, 2026, 8427}, 0, {-249, 902}, {135, 101, 72, 255} }},
	{{ {-2276, 2367, 8427}, 0, {-257, 90}, {135, 101, 72, 255} }},
	{{ {-1643, 2366, 8427}, 0, {1249, 92}, {135, 101, 72, 255} }},
	{{ {-1643, 2027, 9089}, 0, {1249, 1282}, {135, 101, 72, 255} }},
	{{ {-2273, 2026, 9089}, 0, {-249, 1282}, {135, 101, 72, 255} }},
	{{ {-2273, 2026, 8427}, 0, {-249, -290}, {135, 101, 72, 255} }},
	{{ {-1643, 2027, 8427}, 0, {1249, -290}, {135, 101, 72, 255} }},
	{{ {-2273, 2026, 9089}, 0, {-290, 902}, {135, 101, 72, 255} }},
	{{ {-2276, 2367, 9089}, 0, {-290, 90}, {135, 101, 72, 255} }},
	{{ {-2276, 2367, 8427}, 0, {1282, 90}, {135, 101, 72, 255} }},
	{{ {-2273, 2026, 8427}, 0, {1282, 902}, {135, 101, 72, 255} }},
	{{ {-2295, 3964, 8411}, 0, {368, 1549}, {132, 131, 123, 255} }},
	{{ {-2295, 4164, 8411}, 0, {894, 1549}, {96, 94, 28, 255} }},
	{{ {-2295, 4164, 7494}, 0, {894, 1022}, {96, 93, 19, 255} }},
	{{ {-2295, 3964, 7494}, 0, {368, 1022}, {96, 94, 19, 255} }},
	{{ {-1643, 4164, 7494}, 0, {894, 496}, {97, 96, 52, 255} }},
	{{ {-1643, 3964, 7494}, 0, {368, 496}, {96, 94, 19, 255} }},
	{{ {-1643, 3964, 8411}, 0, {368, -30}, {130, 129, 121, 255} }},
	{{ {-1643, 4164, 8411}, 0, {894, -30}, {96, 93, 19, 255} }},
	{{ {-2295, 4164, 8411}, 0, {894, -557}, {96, 94, 28, 255} }},
	{{ {-2295, 3964, 8411}, 0, {368, -557}, {132, 131, 123, 255} }},
	{{ {-2295, 3964, 7494}, 0, {-158, 496}, {96, 94, 19, 255} }},
	{{ {-2295, 3964, 8411}, 0, {-158, -30}, {132, 131, 123, 255} }},
	{{ {-8258, 2740, 5389}, 0, {2016, 908}, {96, 68, 29, 255} }},
	{{ {-8258, 3318, 5389}, 0, {2016, 84}, {93, 63, 24, 255} }},
	{{ {-8258, 3318, 6976}, 0, {-246, 84}, {120, 82, 44, 255} }},
	{{ {-8258, 2740, 6976}, 0, {-246, 908}, {120, 82, 44, 255} }},
	{{ {-9368, 2746, 6976}, 0, {-1829, 900}, {130, 88, 39, 255} }},
	{{ {-9368, 3314, 6976}, 0, {-1829, 89}, {93, 63, 24, 255} }},
	{{ {-2549, 1638, 613}, 0, {1008, 496}, {142, 48, 46, 255} }},
	{{ {-2549, 2028, 613}, 0, {1008, -16}, {165, 129, 134, 255} }},
	{{ {-2173, 2028, 830}, 0, {837, -16}, {164, 128, 134, 255} }},
	{{ {-2173, 1638, 830}, 0, {837, 496}, {142, 56, 55, 255} }},
	{{ {-2173, 2028, 1264}, 0, {667, -16}, {165, 129, 134, 255} }},
	{{ {-2173, 1638, 1264}, 0, {667, 496}, {142, 42, 37, 255} }},
	{{ {-2173, 1638, 1264}, 0, {667, 496}, {142, 42, 37, 255} }},
	{{ {-2173, 2028, 1264}, 0, {667, -16}, {165, 129, 134, 255} }},
	{{ {-2549, 2028, 1481}, 0, {496, -16}, {126, 99, 103, 255} }},
	{{ {-2549, 1638, 1481}, 0, {496, 496}, {142, 42, 37, 255} }},
	{{ {-2925, 2028, 1264}, 0, {325, -16}, {165, 129, 134, 255} }},
	{{ {-2925, 1638, 1264}, 0, {325, 496}, {142, 42, 37, 255} }},
	{{ {-2925, 2028, 830}, 0, {155, -16}, {165, 129, 134, 255} }},
	{{ {-2925, 1638, 830}, 0, {155, 496}, {145, 85, 85, 255} }},
	{{ {-2549, 2028, 613}, 0, {-16, -16}, {165, 129, 134, 255} }},
	{{ {-2549, 1638, 613}, 0, {-16, 496}, {142, 48, 46, 255} }},
	{{ {-3046, 1608, 2189}, 0, {1163, 498}, {194, 46, 56, 255} }},
	{{ {-3046, 2133, 2189}, 0, {1163, -169}, {165, 129, 134, 255} }},
	{{ {-2803, 2133, 2330}, 0, {940, -169}, {165, 129, 134, 255} }},
	{{ {-2803, 1608, 2330}, 0, {940, 498}, {194, 44, 54, 255} }},
	{{ {-2803, 2133, 2611}, 0, {718, -169}, {165, 129, 134, 255} }},
	{{ {-2803, 1608, 2611}, 0, {718, 498}, {194, 44, 54, 255} }},
	{{ {-3046, 2133, 2752}, 0, {496, -169}, {165, 129, 135, 255} }},
	{{ {-3046, 1608, 2752}, 0, {496, 498}, {194, 53, 60, 255} }},
	{{ {-3290, 2133, 2611}, 0, {274, -169}, {165, 129, 134, 255} }},
	{{ {-3290, 1608, 2611}, 0, {274, 498}, {194, 44, 54, 255} }},
	{{ {-3290, 2133, 2330}, 0, {52, -169}, {165, 129, 134, 255} }},
	{{ {-3290, 1608, 2330}, 0, {52, 498}, {194, 44, 54, 255} }},
	{{ {-3046, 2133, 2189}, 0, {-171, -169}, {165, 129, 134, 255} }},
	{{ {-3046, 1608, 2189}, 0, {-171, 498}, {194, 46, 56, 255} }},
	{{ {-3290, 1608, 2330}, 0, {552, 671}, {194, 44, 54, 255} }},
	{{ {-3046, 1608, 2189}, 0, {829, 511}, {194, 46, 56, 255} }},
	{{ {-2803, 1608, 2330}, 0, {1107, 671}, {194, 44, 54, 255} }},
	{{ {-3046, 1608, 2752}, 0, {829, 1151}, {194, 53, 60, 255} }},
	{{ {-2803, 1608, 2611}, 0, {1107, 991}, {194, 44, 54, 255} }},
	{{ {-3290, 1608, 2611}, 0, {552, 991}, {194, 44, 54, 255} }},
	{{ {-3852, 1588, 4895}, 0, {-784, 197}, {194, 46, 56, 255} }},
	{{ {-3852, 2342, 4895}, 0, {-784, 1051}, {143, 128, 127, 255} }},
	{{ {-3852, 2342, 3374}, 0, {69, 1051}, {122, 77, 72, 255} }},
	{{ {-3852, 1588, 3374}, 0, {69, 197}, {194, 44, 54, 255} }},
	{{ {-2529, 2342, 3374}, 0, {923, 1051}, {143, 127, 126, 255} }},
	{{ {-2529, 1588, 3374}, 0, {923, 197}, {194, 44, 54, 255} }},
	{{ {-2529, 2342, 4895}, 0, {1776, 1051}, {153, 141, 141, 255} }},
	{{ {-2529, 1588, 4895}, 0, {1776, 197}, {194, 59, 64, 255} }},
	{{ {3098, -1308, 2226}, 0, {1846, -159}, {164, 158, 153, 255} }},
	{{ {3098, -1240, 2226}, 0, {1846, 318}, {163, 158, 153, 255} }},
	{{ {3098, -1240, 1438}, 0, {-561, 318}, {164, 158, 153, 255} }},
	{{ {3098, -1308, 1438}, 0, {-561, -159}, {163, 158, 153, 255} }},
	{{ {3162, -1240, 1438}, 0, {-561, 318}, {133, 129, 124, 255} }},
	{{ {3162, -1240, 2226}, 0, {1846, 318}, {133, 129, 124, 255} }},
	{{ {3162, -1218, 2226}, 0, {1846, 651}, {112, 108, 104, 255} }},
	{{ {3162, -1218, 1438}, 0, {-561, 651}, {112, 108, 104, 255} }},
	{{ {3162, -1240, 1438}, 0, {1700, 35}, {133, 129, 124, 255} }},
	{{ {3098, -1240, 1438}, 0, {1700, -416}, {164, 158, 153, 255} }},
	{{ {3098, -1240, 2226}, 0, {-708, -416}, {163, 158, 153, 255} }},
	{{ {3162, -1240, 2226}, 0, {-708, 35}, {133, 129, 124, 255} }},
	{{ {3269, -1240, 2226}, 0, {-708, 528}, {77, 74, 72, 255} }},
	{{ {3269, -1240, 1438}, 0, {1700, 528}, {77, 74, 72, 255} }},
	{{ {3269, -1192, 1438}, 0, {1700, -56}, {77, 74, 72, 255} }},
	{{ {3269, -1192, 2226}, 0, {-708, -56}, {77, 74, 72, 255} }},
	{{ {3162, -1218, 1438}, 0, {1700, 35}, {112, 108, 104, 255} }},
	{{ {3162, -1218, 2226}, 0, {-708, 35}, {112, 108, 104, 255} }},
	{{ {3218, -1218, 2226}, 0, {-708, 429}, {96, 93, 89, 255} }},
	{{ {3218, -1218, 1438}, 0, {1700, 429}, {96, 93, 89, 255} }},
	{{ {3218, -1240, 2226}, 0, {-708, 528}, {77, 74, 72, 255} }},
	{{ {3218, -1240, 1438}, 0, {1700, 528}, {77, 74, 72, 255} }},
	{{ {3218, -1218, 1438}, 0, {1700, 195}, {96, 93, 89, 255} }},
	{{ {3218, -1218, 2226}, 0, {-708, 195}, {96, 93, 89, 255} }},
	{{ {3218, -1192, 1438}, 0, {1700, 429}, {77, 74, 72, 255} }},
	{{ {3218, -1192, 2226}, 0, {-708, 429}, {77, 74, 72, 255} }},
	{{ {3269, -1192, 2226}, 0, {-708, 782}, {77, 74, 72, 255} }},
	{{ {3269, -1192, 1438}, 0, {1700, 782}, {77, 74, 72, 255} }},
	{{ {3218, -1240, 1438}, 0, {-561, 318}, {77, 74, 72, 255} }},
	{{ {3218, -1240, 2226}, 0, {1846, 318}, {77, 74, 72, 255} }},
	{{ {3218, -1192, 2226}, 0, {1846, 902}, {77, 74, 72, 255} }},
	{{ {3218, -1192, 1438}, 0, {-561, 902}, {77, 74, 72, 255} }},
	{{ {3269, -1166, 1438}, 0, {1700, 782}, {45, 43, 42, 255} }},
	{{ {3269, -1166, 2226}, 0, {-708, 782}, {45, 43, 42, 255} }},
	{{ {3335, -1166, 2226}, 0, {-708, 1246}, {22, 21, 20, 255} }},
	{{ {3335, -1166, 1438}, 0, {1700, 1246}, {22, 21, 20, 255} }},
	{{ {3335, -1146, 2226}, 0, {-708, 1246}, {14, 14, 14, 255} }},
	{{ {3335, -1146, 1438}, 0, {1700, 1246}, {14, 14, 14, 255} }},
	{{ {3388, -1146, 2226}, 0, {-708, 1246}, {0, 0, 0, 255} }},
	{{ {3388, -1146, 1438}, 0, {1700, 1246}, {0, 0, 0, 255} }},
	{{ {3388, -1121, 1926}, 0, {-708, 1246}, {22, 21, 20, 255} }},
	{{ {3388, -1121, 1438}, 0, {1700, 1246}, {22, 21, 20, 255} }},
	{{ {3269, -1240, 1438}, 0, {-561, 318}, {77, 74, 72, 255} }},
	{{ {3269, -1240, 2226}, 0, {1846, 318}, {77, 74, 72, 255} }},
	{{ {3269, -1166, 2226}, 0, {1846, 1151}, {45, 43, 42, 255} }},
	{{ {3269, -1166, 1438}, 0, {-561, 1151}, {45, 43, 42, 255} }},
	{{ {-6732, 223, 8635}, 0, {496, 668}, {134, 100, 70, 255} }},
	{{ {-6732, -41, 8635}, 0, {616, 668}, {134, 100, 70, 255} }},
	{{ {-6732, -41, 9095}, 0, {616, 459}, {134, 100, 70, 255} }},
	{{ {-6732, 223, 9095}, 0, {496, 459}, {134, 100, 70, 255} }},
	{{ {-6969, -222, 8635}, 0, {496, 459}, {134, 100, 70, 255} }},
	{{ {-6969, 43, 8635}, 0, {376, 459}, {134, 100, 70, 255} }},
	{{ {-6969, 43, 9095}, 0, {376, 668}, {134, 100, 70, 255} }},
	{{ {-6969, -222, 9095}, 0, {496, 668}, {134, 100, 70, 255} }},
	{{ {-56, -1200, 760}, 0, {-1149, -1146}, {132, 51, 40, 255} }},
	{{ {-56, -1200, 648}, 0, {-1149, -1313}, {131, 55, 40, 251} }},
	{{ {-86, -1200, 618}, 0, {-1193, -1357}, {100, 43, 45, 55} }},
	{{ {86, -1200, 618}, 0, {-938, -1357}, {102, 44, 45, 255} }},
	{{ {56, -1200, 648}, 0, {-982, -1313}, {132, 51, 40, 255} }},
	{{ {86, -1200, 790}, 0, {-938, -1102}, {104, 69, 70, 255} }},
	{{ {56, -1200, 760}, 0, {-982, -1146}, {121, 70, 42, 255} }},
	{{ {-86, -1200, 790}, 0, {-1193, -1102}, {100, 43, 45, 228} }},
	{{ {-56, -1200, 3078}, 0, {-1149, 2305}, {132, 51, 40, 255} }},
	{{ {-56, -1200, 2966}, 0, {-1149, 2138}, {132, 51, 40, 255} }},
	{{ {-86, -1200, 2936}, 0, {-1193, 2094}, {100, 43, 45, 255} }},
	{{ {86, -1200, 2936}, 0, {-938, 2094}, {103, 67, 68, 255} }},
	{{ {56, -1200, 2966}, 0, {-982, 2138}, {132, 51, 40, 255} }},
	{{ {86, -1200, 3108}, 0, {-938, 2349}, {100, 44, 46, 255} }},
	{{ {56, -1200, 3078}, 0, {-982, 2305}, {132, 51, 40, 255} }},
	{{ {-86, -1200, 3108}, 0, {-1193, 2349}, {107, 80, 80, 255} }},
	{{ {2104, -1200, 760}, 0, {2066, -1146}, {131, 55, 40, 255} }},
	{{ {2104, -1200, 648}, 0, {2066, -1313}, {132, 51, 40, 255} }},
	{{ {2074, -1200, 618}, 0, {2023, -1357}, {100, 47, 49, 255} }},
	{{ {2246, -1200, 618}, 0, {2278, -1357}, {100, 43, 45, 255} }},
	{{ {2216, -1200, 648}, 0, {2234, -1313}, {132, 52, 40, 255} }},
	{{ {2246, -1200, 790}, 0, {2278, -1102}, {100, 43, 46, 255} }},
	{{ {2216, -1200, 760}, 0, {2234, -1146}, {132, 51, 40, 255} }},
	{{ {2074, -1200, 790}, 0, {2023, -1102}, {100, 43, 45, 255} }},
	{{ {1979, -1200, 3078}, 0, {1881, 2305}, {132, 51, 40, 255} }},
	{{ {1979, -1200, 2966}, 0, {1881, 2138}, {132, 51, 40, 255} }},
	{{ {1950, -1200, 2936}, 0, {1837, 2094}, {104, 44, 45, 255} }},
	{{ {2121, -1200, 2936}, 0, {2093, 2094}, {100, 43, 45, 255} }},
	{{ {2092, -1200, 2966}, 0, {2049, 2138}, {132, 51, 40, 255} }},
	{{ {2121, -1200, 3108}, 0, {2093, 2349}, {110, 56, 55, 255} }},
	{{ {2092, -1200, 3078}, 0, {2049, 2305}, {132, 51, 40, 255} }},
	{{ {1950, -1200, 3108}, 0, {1837, 2349}, {101, 43, 45, 255} }},
	{{ {-8124, -1173, 3276}, 0, {-1624, 2761}, {100, 45, 42, 255} }},
	{{ {-8124, -1173, 3134}, 0, {-1624, 2531}, {103, 44, 43, 255} }},
	{{ {-8161, -1173, 3097}, 0, {-1684, 2471}, {103, 45, 44, 255} }},
	{{ {-7945, -1173, 3097}, 0, {-1334, 2471}, {103, 44, 43, 255} }},
	{{ {-7982, -1173, 3134}, 0, {-1395, 2531}, {103, 44, 43, 255} }},
	{{ {-7945, -1173, 3313}, 0, {-1334, 2821}, {76, 42, 29, 255} }},
	{{ {-7982, -1173, 3276}, 0, {-1395, 2761}, {89, 43, 36, 255} }},
	{{ {-8161, -1173, 3313}, 0, {-1684, 2821}, {101, 47, 44, 255} }},
	{{ {-8124, -1185, 616}, 0, {-1624, -1548}, {103, 44, 43, 255} }},
	{{ {-8124, -1185, 474}, 0, {-1624, -1777}, {103, 44, 43, 255} }},
	{{ {-8161, -1185, 437}, 0, {-1684, -1837}, {129, 80, 57, 255} }},
	{{ {-7945, -1185, 437}, 0, {-1334, -1837}, {110, 60, 46, 255} }},
	{{ {-7982, -1185, 474}, 0, {-1395, -1777}, {106, 50, 43, 255} }},
	{{ {-7945, -1185, 653}, 0, {-1334, -1487}, {104, 44, 41, 255} }},
	{{ {-7982, -1185, 616}, 0, {-1395, -1548}, {103, 37, 40, 255} }},
	{{ {-8161, -1185, 653}, 0, {-1684, -1487}, {107, 54, 45, 255} }},
	{{ {-5645, -1185, 616}, 0, {2390, -1548}, {103, 44, 43, 255} }},
	{{ {-5645, -1185, 474}, 0, {2390, -1777}, {103, 44, 43, 255} }},
	{{ {-5682, -1185, 437}, 0, {2330, -1837}, {103, 44, 43, 255} }},
	{{ {-5466, -1185, 437}, 0, {2680, -1837}, {103, 44, 43, 255} }},
	{{ {-5503, -1185, 474}, 0, {2620, -1777}, {103, 44, 43, 255} }},
	{{ {-5466, -1185, 653}, 0, {2680, -1487}, {103, 44, 43, 255} }},
	{{ {-5503, -1185, 616}, 0, {2620, -1548}, {103, 44, 43, 255} }},
	{{ {-5682, -1185, 653}, 0, {2330, -1487}, {104, 47, 43, 255} }},
	{{ {-5645, -1185, 3282}, 0, {2390, 2770}, {103, 44, 43, 255} }},
	{{ {-5645, -1185, 3140}, 0, {2390, 2541}, {103, 44, 43, 255} }},
	{{ {-5682, -1185, 3103}, 0, {2330, 2480}, {103, 44, 43, 255} }},
	{{ {-5466, -1185, 3103}, 0, {2680, 2480}, {103, 44, 43, 255} }},
	{{ {-5503, -1185, 3140}, 0, {2620, 2541}, {103, 44, 43, 255} }},
	{{ {-5466, -1185, 3319}, 0, {2680, 2830}, {103, 44, 43, 255} }},
	{{ {-5503, -1185, 3282}, 0, {2620, 2770}, {103, 44, 43, 255} }},
	{{ {-5682, -1185, 3319}, 0, {2330, 2830}, {103, 44, 43, 255} }},
};

Gfx lll_dl_Cube_006_mesh_layer_1_tri_1[] = {
	gsSPVertex(lll_dl_Cube_006_mesh_layer_1_vtx_1 + 0, 32, 0),
	gsSP2Triangles(0, 1, 2, 0, 0, 2, 3, 0),
	gsSP2Triangles(4, 5, 6, 0, 4, 6, 7, 0),
	gsSP2Triangles(8, 9, 10, 0, 8, 10, 11, 0),
	gsSP2Triangles(12, 13, 14, 0, 12, 14, 15, 0),
	gsSP2Triangles(16, 17, 18, 0, 16, 18, 19, 0),
	gsSP2Triangles(20, 21, 22, 0, 20, 22, 23, 0),
	gsSP2Triangles(24, 23, 22, 0, 24, 25, 23, 0),
	gsSP2Triangles(25, 24, 26, 0, 25, 26, 27, 0),
	gsSP2Triangles(28, 29, 30, 0, 28, 30, 31, 0),
	gsSPVertex(lll_dl_Cube_006_mesh_layer_1_vtx_1 + 32, 30, 0),
	gsSP2Triangles(0, 1, 2, 0, 0, 3, 1, 0),
	gsSP2Triangles(3, 0, 4, 0, 3, 4, 5, 0),
	gsSP2Triangles(6, 7, 8, 0, 6, 8, 9, 0),
	gsSP2Triangles(10, 9, 8, 0, 10, 11, 9, 0),
	gsSP2Triangles(11, 10, 12, 0, 11, 12, 13, 0),
	gsSP2Triangles(14, 15, 16, 0, 14, 16, 17, 0),
	gsSP2Triangles(18, 17, 16, 0, 18, 19, 17, 0),
	gsSP2Triangles(19, 18, 20, 0, 19, 20, 21, 0),
	gsSP2Triangles(22, 23, 24, 0, 22, 24, 25, 0),
	gsSP2Triangles(26, 27, 28, 0, 26, 28, 29, 0),
	gsSPVertex(lll_dl_Cube_006_mesh_layer_1_vtx_1 + 62, 32, 0),
	gsSP2Triangles(0, 1, 2, 0, 0, 2, 3, 0),
	gsSP2Triangles(4, 5, 6, 0, 4, 6, 7, 0),
	gsSP2Triangles(8, 9, 10, 0, 8, 10, 11, 0),
	gsSP2Triangles(12, 13, 14, 0, 12, 14, 15, 0),
	gsSP2Triangles(16, 17, 18, 0, 16, 18, 19, 0),
	gsSP2Triangles(20, 19, 18, 0, 20, 21, 19, 0),
	gsSP2Triangles(21, 20, 22, 0, 21, 22, 23, 0),
	gsSP2Triangles(24, 25, 26, 0, 24, 26, 27, 0),
	gsSP2Triangles(28, 27, 26, 0, 28, 29, 27, 0),
	gsSP2Triangles(29, 28, 30, 0, 29, 30, 31, 0),
	gsSPVertex(lll_dl_Cube_006_mesh_layer_1_vtx_1 + 94, 32, 0),
	gsSP2Triangles(0, 1, 2, 0, 0, 2, 3, 0),
	gsSP2Triangles(4, 3, 2, 0, 4, 5, 3, 0),
	gsSP2Triangles(5, 4, 6, 0, 5, 6, 7, 0),
	gsSP2Triangles(8, 9, 10, 0, 8, 10, 11, 0),
	gsSP2Triangles(12, 11, 10, 0, 12, 13, 11, 0),
	gsSP2Triangles(13, 12, 14, 0, 13, 14, 15, 0),
	gsSP2Triangles(16, 17, 18, 0, 16, 18, 19, 0),
	gsSP2Triangles(20, 21, 22, 0, 20, 22, 23, 0),
	gsSP2Triangles(24, 25, 26, 0, 24, 26, 27, 0),
	gsSP2Triangles(28, 29, 30, 0, 28, 30, 31, 0),
	gsSPVertex(lll_dl_Cube_006_mesh_layer_1_vtx_1 + 126, 32, 0),
	gsSP2Triangles(0, 1, 2, 0, 0, 2, 3, 0),
	gsSP2Triangles(4, 5, 6, 0, 4, 6, 7, 0),
	gsSP2Triangles(8, 9, 10, 0, 8, 10, 11, 0),
	gsSP2Triangles(12, 11, 10, 0, 12, 13, 11, 0),
	gsSP2Triangles(13, 12, 14, 0, 13, 14, 15, 0),
	gsSP2Triangles(16, 17, 18, 0, 16, 18, 19, 0),
	gsSP2Triangles(20, 19, 18, 0, 20, 21, 19, 0),
	gsSP2Triangles(21, 20, 22, 0, 21, 22, 23, 0),
	gsSP2Triangles(24, 25, 26, 0, 24, 26, 27, 0),
	gsSP2Triangles(28, 27, 26, 0, 28, 29, 27, 0),
	gsSP2Triangles(29, 28, 30, 0, 29, 30, 31, 0),
	gsSPVertex(lll_dl_Cube_006_mesh_layer_1_vtx_1 + 158, 32, 0),
	gsSP2Triangles(0, 1, 2, 0, 0, 2, 3, 0),
	gsSP2Triangles(4, 3, 2, 0, 4, 5, 3, 0),
	gsSP2Triangles(5, 4, 6, 0, 5, 6, 7, 0),
	gsSP2Triangles(8, 9, 10, 0, 8, 10, 11, 0),
	gsSP2Triangles(12, 13, 14, 0, 12, 14, 15, 0),
	gsSP2Triangles(16, 17, 18, 0, 16, 18, 19, 0),
	gsSP2Triangles(20, 21, 22, 0, 20, 22, 23, 0),
	gsSP2Triangles(24, 25, 26, 0, 24, 26, 27, 0),
	gsSP2Triangles(28, 29, 30, 0, 28, 30, 31, 0),
	gsSPVertex(lll_dl_Cube_006_mesh_layer_1_vtx_1 + 190, 32, 0),
	gsSP2Triangles(0, 1, 2, 0, 0, 2, 3, 0),
	gsSP2Triangles(4, 3, 2, 0, 4, 5, 3, 0),
	gsSP2Triangles(5, 4, 6, 0, 5, 6, 7, 0),
	gsSP2Triangles(8, 9, 10, 0, 8, 10, 11, 0),
	gsSP2Triangles(12, 11, 10, 0, 12, 13, 11, 0),
	gsSP2Triangles(13, 12, 14, 0, 13, 14, 15, 0),
	gsSP2Triangles(16, 17, 18, 0, 16, 18, 19, 0),
	gsSP2Triangles(20, 19, 18, 0, 20, 21, 19, 0),
	gsSP2Triangles(21, 20, 22, 0, 21, 22, 23, 0),
	gsSP2Triangles(24, 25, 26, 0, 24, 26, 27, 0),
	gsSP2Triangles(28, 27, 26, 0, 28, 29, 27, 0),
	gsSP2Triangles(29, 28, 30, 0, 29, 30, 31, 0),
	gsSPVertex(lll_dl_Cube_006_mesh_layer_1_vtx_1 + 222, 32, 0),
	gsSP2Triangles(0, 1, 2, 0, 0, 2, 3, 0),
	gsSP2Triangles(4, 5, 6, 0, 4, 6, 7, 0),
	gsSP2Triangles(8, 9, 10, 0, 8, 10, 11, 0),
	gsSP2Triangles(12, 13, 14, 0, 12, 14, 15, 0),
	gsSP2Triangles(16, 17, 18, 0, 16, 18, 19, 0),
	gsSP2Triangles(20, 21, 22, 0, 20, 22, 23, 0),
	gsSP2Triangles(24, 25, 26, 0, 24, 26, 27, 0),
	gsSP2Triangles(28, 27, 26, 0, 28, 29, 27, 0),
	gsSP2Triangles(29, 28, 30, 0, 29, 30, 31, 0),
	gsSPVertex(lll_dl_Cube_006_mesh_layer_1_vtx_1 + 254, 32, 0),
	gsSP2Triangles(0, 1, 2, 0, 0, 2, 3, 0),
	gsSP2Triangles(4, 3, 2, 0, 4, 5, 3, 0),
	gsSP2Triangles(5, 4, 6, 0, 5, 6, 7, 0),
	gsSP2Triangles(8, 9, 10, 0, 8, 10, 11, 0),
	gsSP2Triangles(12, 11, 10, 0, 12, 13, 11, 0),
	gsSP2Triangles(13, 12, 14, 0, 13, 14, 15, 0),
	gsSP2Triangles(16, 17, 18, 0, 16, 18, 19, 0),
	gsSP2Triangles(20, 19, 18, 0, 20, 21, 19, 0),
	gsSP2Triangles(21, 20, 22, 0, 21, 22, 23, 0),
	gsSP2Triangles(24, 25, 26, 0, 24, 26, 27, 0),
	gsSP2Triangles(28, 29, 30, 0, 28, 30, 31, 0),
	gsSPVertex(lll_dl_Cube_006_mesh_layer_1_vtx_1 + 286, 32, 0),
	gsSP2Triangles(0, 1, 2, 0, 0, 2, 3, 0),
	gsSP2Triangles(4, 5, 6, 0, 4, 6, 7, 0),
	gsSP2Triangles(8, 9, 10, 0, 8, 10, 11, 0),
	gsSP2Triangles(12, 13, 14, 0, 12, 14, 15, 0),
	gsSP2Triangles(16, 17, 18, 0, 16, 18, 19, 0),
	gsSP2Triangles(20, 19, 18, 0, 20, 21, 19, 0),
	gsSP2Triangles(21, 20, 22, 0, 21, 22, 23, 0),
	gsSP2Triangles(24, 25, 26, 0, 24, 26, 27, 0),
	gsSP2Triangles(28, 27, 26, 0, 28, 29, 27, 0),
	gsSP2Triangles(29, 28, 30, 0, 29, 30, 31, 0),
	gsSPVertex(lll_dl_Cube_006_mesh_layer_1_vtx_1 + 318, 32, 0),
	gsSP2Triangles(0, 1, 2, 0, 0, 2, 3, 0),
	gsSP2Triangles(4, 3, 2, 0, 4, 5, 3, 0),
	gsSP2Triangles(5, 4, 6, 0, 5, 6, 7, 0),
	gsSP2Triangles(8, 9, 10, 0, 8, 10, 11, 0),
	gsSP2Triangles(12, 11, 10, 0, 12, 13, 11, 0),
	gsSP2Triangles(13, 12, 14, 0, 13, 14, 15, 0),
	gsSP2Triangles(16, 17, 18, 0, 16, 18, 19, 0),
	gsSP2Triangles(20, 21, 22, 0, 20, 22, 23, 0),
	gsSP2Triangles(24, 25, 26, 0, 24, 26, 27, 0),
	gsSP2Triangles(28, 29, 30, 0, 28, 30, 31, 0),
	gsSPVertex(lll_dl_Cube_006_mesh_layer_1_vtx_1 + 350, 32, 0),
	gsSP2Triangles(0, 1, 2, 0, 0, 2, 3, 0),
	gsSP2Triangles(4, 5, 6, 0, 4, 6, 7, 0),
	gsSP2Triangles(8, 9, 10, 0, 8, 10, 11, 0),
	gsSP2Triangles(11, 10, 12, 0, 11, 12, 13, 0),
	gsSP2Triangles(14, 13, 12, 0, 14, 15, 13, 0),
	gsSP2Triangles(15, 14, 16, 0, 15, 16, 17, 0),
	gsSP2Triangles(18, 19, 20, 0, 20, 21, 18, 0),
	gsSP2Triangles(20, 22, 21, 0, 23, 21, 22, 0),
	gsSP2Triangles(23, 24, 21, 0, 24, 23, 25, 0),
	gsSP2Triangles(24, 25, 26, 0, 27, 28, 29, 0),
	gsSP2Triangles(27, 29, 30, 0, 30, 29, 31, 0),
	gsSPVertex(lll_dl_Cube_006_mesh_layer_1_vtx_1 + 382, 32, 0),
	gsSP2Triangles(0, 1, 2, 0, 3, 2, 1, 0),
	gsSP2Triangles(3, 4, 2, 0, 4, 3, 5, 0),
	gsSP2Triangles(4, 5, 6, 0, 7, 8, 9, 0),
	gsSP2Triangles(9, 10, 7, 0, 9, 11, 10, 0),
	gsSP2Triangles(12, 7, 10, 0, 12, 13, 7, 0),
	gsSP2Triangles(13, 12, 14, 0, 13, 14, 15, 0),
	gsSP2Triangles(16, 17, 18, 0, 16, 18, 19, 0),
	gsSP2Triangles(20, 21, 22, 0, 20, 22, 23, 0),
	gsSP2Triangles(24, 25, 26, 0, 24, 26, 27, 0),
	gsSP2Triangles(28, 29, 30, 0, 28, 30, 31, 0),
	gsSPVertex(lll_dl_Cube_006_mesh_layer_1_vtx_1 + 414, 32, 0),
	gsSP2Triangles(0, 1, 2, 0, 0, 2, 3, 0),
	gsSP2Triangles(4, 5, 6, 0, 4, 6, 7, 0),
	gsSP2Triangles(8, 9, 10, 0, 8, 10, 11, 0),
	gsSP2Triangles(12, 11, 10, 0, 12, 13, 11, 0),
	gsSP2Triangles(13, 12, 14, 0, 13, 14, 15, 0),
	gsSP2Triangles(16, 17, 18, 0, 16, 18, 19, 0),
	gsSP2Triangles(20, 19, 18, 0, 20, 21, 19, 0),
	gsSP2Triangles(21, 20, 22, 0, 21, 22, 23, 0),
	gsSP2Triangles(24, 25, 26, 0, 24, 26, 27, 0),
	gsSP2Triangles(28, 27, 26, 0, 28, 29, 27, 0),
	gsSP2Triangles(29, 28, 30, 0, 29, 30, 31, 0),
	gsSPVertex(lll_dl_Cube_006_mesh_layer_1_vtx_1 + 446, 30, 0),
	gsSP2Triangles(0, 1, 2, 0, 0, 2, 3, 0),
	gsSP2Triangles(4, 3, 2, 0, 4, 5, 3, 0),
	gsSP2Triangles(5, 4, 6, 0, 5, 6, 7, 0),
	gsSP2Triangles(8, 9, 10, 0, 8, 10, 11, 0),
	gsSP2Triangles(12, 13, 14, 0, 12, 14, 15, 0),
	gsSP2Triangles(15, 14, 16, 0, 15, 16, 17, 0),
	gsSP2Triangles(18, 19, 20, 0, 18, 21, 19, 0),
	gsSP2Triangles(21, 18, 22, 0, 21, 22, 23, 0),
	gsSP2Triangles(24, 21, 23, 0, 24, 23, 25, 0),
	gsSP2Triangles(26, 24, 25, 0, 26, 25, 27, 0),
	gsSP2Triangles(28, 24, 26, 0, 19, 24, 28, 0),
	gsSP2Triangles(19, 21, 24, 0, 28, 26, 29, 0),
	gsSPVertex(lll_dl_Cube_006_mesh_layer_1_vtx_1 + 476, 32, 0),
	gsSP2Triangles(0, 1, 2, 0, 0, 2, 3, 0),
	gsSP2Triangles(4, 0, 3, 0, 4, 3, 5, 0),
	gsSP2Triangles(6, 7, 8, 0, 6, 9, 7, 0),
	gsSP2Triangles(9, 10, 7, 0, 9, 11, 10, 0),
	gsSP2Triangles(12, 13, 14, 0, 12, 14, 15, 0),
	gsSP2Triangles(16, 17, 18, 0, 16, 18, 19, 0),
	gsSP2Triangles(20, 21, 22, 0, 20, 22, 23, 0),
	gsSP2Triangles(24, 20, 23, 0, 24, 23, 25, 0),
	gsSP2Triangles(26, 27, 28, 0, 26, 29, 27, 0),
	gsSP2Triangles(29, 30, 27, 0, 29, 31, 30, 0),
	gsSPVertex(lll_dl_Cube_006_mesh_layer_1_vtx_1 + 508, 30, 0),
	gsSP2Triangles(0, 1, 2, 0, 0, 3, 1, 0),
	gsSP2Triangles(3, 4, 1, 0, 3, 5, 4, 0),
	gsSP2Triangles(5, 6, 4, 0, 5, 7, 6, 0),
	gsSP2Triangles(8, 9, 10, 0, 8, 10, 11, 0),
	gsSP2Triangles(12, 8, 11, 0, 11, 13, 12, 0),
	gsSP2Triangles(11, 14, 13, 0, 14, 15, 13, 0),
	gsSP2Triangles(14, 16, 15, 0, 16, 17, 15, 0),
	gsSP2Triangles(15, 18, 13, 0, 15, 19, 18, 0),
	gsSP2Triangles(12, 20, 8, 0, 13, 21, 12, 0),
	gsSP2Triangles(22, 23, 24, 0, 22, 24, 25, 0),
	gsSP2Triangles(25, 24, 26, 0, 25, 26, 27, 0),
	gsSP2Triangles(28, 27, 26, 0, 28, 29, 27, 0),
	gsSPVertex(lll_dl_Cube_006_mesh_layer_1_vtx_1 + 538, 32, 0),
	gsSP2Triangles(0, 1, 2, 0, 0, 2, 3, 0),
	gsSP2Triangles(4, 3, 2, 0, 5, 4, 2, 0),
	gsSP2Triangles(5, 6, 4, 0, 7, 4, 6, 0),
	gsSP2Triangles(7, 8, 4, 0, 9, 10, 11, 0),
	gsSP2Triangles(9, 11, 12, 0, 12, 11, 13, 0),
	gsSP2Triangles(12, 13, 14, 0, 14, 15, 12, 0),
	gsSP2Triangles(16, 17, 18, 0, 16, 18, 19, 0),
	gsSP2Triangles(20, 21, 22, 0, 20, 23, 21, 0),
	gsSP2Triangles(24, 21, 23, 0, 24, 25, 21, 0),
	gsSP2Triangles(24, 26, 25, 0, 24, 27, 26, 0),
	gsSP2Triangles(26, 27, 28, 0, 26, 28, 29, 0),
	gsSP2Triangles(28, 30, 29, 0, 28, 31, 30, 0),
	gsSPVertex(lll_dl_Cube_006_mesh_layer_1_vtx_1 + 570, 31, 0),
	gsSP2Triangles(0, 1, 2, 0, 0, 2, 3, 0),
	gsSP2Triangles(4, 5, 6, 0, 4, 7, 5, 0),
	gsSP2Triangles(8, 7, 4, 0, 8, 9, 7, 0),
	gsSP2Triangles(10, 11, 12, 0, 10, 12, 13, 0),
	gsSP2Triangles(12, 14, 13, 0, 15, 16, 17, 0),
	gsSP2Triangles(15, 17, 18, 0, 19, 20, 21, 0),
	gsSP2Triangles(19, 22, 20, 0, 23, 20, 22, 0),
	gsSP2Triangles(23, 24, 20, 0, 25, 24, 23, 0),
	gsSP2Triangles(25, 26, 24, 0, 27, 28, 29, 0),
	gsSP1Triangle(27, 29, 30, 0),
	gsSPVertex(lll_dl_Cube_006_mesh_layer_1_vtx_1 + 601, 32, 0),
	gsSP2Triangles(0, 1, 2, 0, 0, 2, 3, 0),
	gsSP2Triangles(4, 5, 6, 0, 4, 6, 7, 0),
	gsSP2Triangles(8, 9, 10, 0, 8, 10, 11, 0),
	gsSP2Triangles(11, 10, 12, 0, 11, 12, 13, 0),
	gsSP2Triangles(14, 15, 16, 0, 14, 16, 17, 0),
	gsSP2Triangles(18, 13, 14, 0, 18, 14, 19, 0),
	gsSP2Triangles(20, 21, 22, 0, 20, 22, 23, 0),
	gsSP2Triangles(24, 23, 22, 0, 24, 22, 25, 0),
	gsSP2Triangles(26, 27, 28, 0, 26, 28, 29, 0),
	gsSP2Triangles(29, 28, 30, 0, 29, 30, 31, 0),
	gsSPVertex(lll_dl_Cube_006_mesh_layer_1_vtx_1 + 633, 30, 0),
	gsSP2Triangles(0, 1, 2, 0, 0, 2, 3, 0),
	gsSP2Triangles(3, 2, 4, 0, 3, 4, 5, 0),
	gsSP2Triangles(5, 4, 6, 0, 5, 6, 7, 0),
	gsSP2Triangles(7, 6, 8, 0, 7, 8, 9, 0),
	gsSP2Triangles(10, 11, 12, 0, 10, 12, 13, 0),
	gsSP2Triangles(13, 12, 14, 0, 13, 14, 15, 0),
	gsSP2Triangles(15, 14, 16, 0, 15, 16, 17, 0),
	gsSP2Triangles(17, 16, 18, 0, 17, 18, 19, 0),
	gsSP2Triangles(19, 18, 20, 0, 19, 20, 21, 0),
	gsSP2Triangles(21, 20, 22, 0, 21, 22, 23, 0),
	gsSP2Triangles(24, 25, 26, 0, 26, 27, 24, 0),
	gsSP2Triangles(26, 28, 27, 0, 27, 29, 24, 0),
	gsSPVertex(lll_dl_Cube_006_mesh_layer_1_vtx_1 + 663, 32, 0),
	gsSP2Triangles(0, 1, 2, 0, 0, 2, 3, 0),
	gsSP2Triangles(3, 2, 4, 0, 3, 4, 5, 0),
	gsSP2Triangles(5, 4, 6, 0, 5, 6, 7, 0),
	gsSP2Triangles(8, 9, 10, 0, 8, 10, 11, 0),
	gsSP2Triangles(12, 13, 14, 0, 12, 14, 15, 0),
	gsSP2Triangles(16, 17, 18, 0, 16, 18, 19, 0),
	gsSP2Triangles(20, 21, 22, 0, 20, 22, 23, 0),
	gsSP2Triangles(24, 25, 26, 0, 24, 26, 27, 0),
	gsSP2Triangles(28, 29, 30, 0, 28, 30, 31, 0),
	gsSPVertex(lll_dl_Cube_006_mesh_layer_1_vtx_1 + 695, 30, 0),
	gsSP2Triangles(0, 1, 2, 0, 0, 2, 3, 0),
	gsSP2Triangles(4, 5, 6, 0, 4, 6, 7, 0),
	gsSP2Triangles(8, 9, 10, 0, 8, 10, 11, 0),
	gsSP2Triangles(11, 10, 12, 0, 11, 12, 13, 0),
	gsSP2Triangles(13, 12, 14, 0, 13, 14, 15, 0),
	gsSP2Triangles(16, 15, 14, 0, 16, 17, 15, 0),
	gsSP2Triangles(18, 19, 20, 0, 18, 20, 21, 0),
	gsSP2Triangles(22, 23, 24, 0, 22, 24, 25, 0),
	gsSP2Triangles(26, 27, 28, 0, 26, 28, 29, 0),
	gsSPVertex(lll_dl_Cube_006_mesh_layer_1_vtx_1 + 725, 32, 0),
	gsSP2Triangles(0, 1, 2, 0, 1, 3, 2, 0),
	gsSP2Triangles(1, 4, 3, 0, 4, 5, 3, 0),
	gsSP2Triangles(4, 6, 5, 0, 6, 7, 5, 0),
	gsSP2Triangles(6, 0, 7, 0, 0, 2, 7, 0),
	gsSP2Triangles(8, 9, 10, 0, 9, 11, 10, 0),
	gsSP2Triangles(9, 12, 11, 0, 12, 13, 11, 0),
	gsSP2Triangles(12, 14, 13, 0, 14, 15, 13, 0),
	gsSP2Triangles(14, 8, 15, 0, 8, 10, 15, 0),
	gsSP2Triangles(16, 17, 18, 0, 17, 19, 18, 0),
	gsSP2Triangles(17, 20, 19, 0, 20, 21, 19, 0),
	gsSP2Triangles(20, 22, 21, 0, 22, 23, 21, 0),
	gsSP2Triangles(22, 16, 23, 0, 16, 18, 23, 0),
	gsSP2Triangles(24, 25, 26, 0, 25, 27, 26, 0),
	gsSP2Triangles(25, 28, 27, 0, 28, 29, 27, 0),
	gsSP2Triangles(28, 30, 29, 0, 30, 31, 29, 0),
	gsSP2Triangles(30, 24, 31, 0, 24, 26, 31, 0),
	gsSPVertex(lll_dl_Cube_006_mesh_layer_1_vtx_1 + 757, 32, 0),
	gsSP2Triangles(0, 1, 2, 0, 1, 3, 2, 0),
	gsSP2Triangles(1, 4, 3, 0, 4, 5, 3, 0),
	gsSP2Triangles(4, 6, 5, 0, 6, 7, 5, 0),
	gsSP2Triangles(6, 0, 7, 0, 0, 2, 7, 0),
	gsSP2Triangles(8, 9, 10, 0, 9, 11, 10, 0),
	gsSP2Triangles(9, 12, 11, 0, 12, 13, 11, 0),
	gsSP2Triangles(12, 14, 13, 0, 14, 15, 13, 0),
	gsSP2Triangles(14, 8, 15, 0, 8, 10, 15, 0),
	gsSP2Triangles(16, 17, 18, 0, 17, 19, 18, 0),
	gsSP2Triangles(17, 20, 19, 0, 20, 21, 19, 0),
	gsSP2Triangles(20, 22, 21, 0, 22, 23, 21, 0),
	gsSP2Triangles(22, 16, 23, 0, 16, 18, 23, 0),
	gsSP2Triangles(24, 25, 26, 0, 25, 27, 26, 0),
	gsSP2Triangles(25, 28, 27, 0, 28, 29, 27, 0),
	gsSP2Triangles(28, 30, 29, 0, 30, 31, 29, 0),
	gsSP2Triangles(30, 24, 31, 0, 24, 26, 31, 0),
	gsSPEndDisplayList(),
};

Vtx lll_dl_Cube_006_mesh_layer_1_vtx_2[247] = {
	{{ {-8690, -1272, -1209}, 0, {846, 857}, {75, 55, 40, 255} }},
	{{ {-8334, -1272, -1209}, 0, {846, 135}, {75, 55, 40, 255} }},
	{{ {-8334, -1272, -1662}, 0, {-72, 135}, {159, 100, 96, 255} }},
	{{ {-8690, -1272, -1662}, 0, {-72, 857}, {158, 97, 94, 255} }},
	{{ {-9384, -1272, -2458}, 0, {2609, -2543}, {146, 125, 126, 255} }},
	{{ {-9384, -1272, -1659}, 0, {760, -2543}, {105, 73, 51, 255} }},
	{{ {-6723, -1272, -1659}, 0, {760, 3613}, {103, 72, 50, 255} }},
	{{ {-6723, -1272, -2458}, 0, {2609, 3613}, {173, 164, 164, 255} }},
	{{ {-8105, -1272, -4853}, 0, {-424, -2035}, {138, 121, 105, 255} }},
	{{ {-7630, -1272, -5124}, 0, {758, -2484}, {142, 127, 115, 255} }},
	{{ {-8015, -1272, -5124}, 0, {-121, -2621}, {142, 128, 116, 255} }},
	{{ {-8298, -1272, -4487}, 0, {-995, -1268}, {138, 121, 105, 255} }},
	{{ {-8692, -1272, -4475}, 0, {-1900, -1380}, {138, 121, 105, 255} }},
	{{ {-8417, -1272, -4903}, 0, {-1119, -2260}, {138, 121, 105, 255} }},
	{{ {-7987, -1272, -3568}, 0, {-613, 946}, {138, 121, 105, 255} }},
	{{ {-8384, -1272, -3825}, 0, {-1429, 217}, {138, 121, 105, 255} }},
	{{ {-7879, -1272, -4030}, 0, {-201, -71}, {138, 121, 105, 255} }},
	{{ {-7589, -1272, -2463}, 0, {-98, 3613}, {138, 121, 106, 255} }},
	{{ {-7960, -1272, -3058}, 0, {-732, 2122}, {138, 121, 105, 255} }},
	{{ {-8123, -1272, -2463}, 0, {-1318, 3423}, {138, 121, 105, 255} }},
	{{ {-7412, -1272, -3687}, 0, {745, 878}, {141, 127, 114, 255} }},
	{{ {-7312, -1272, -3083}, 0, {758, 2295}, {143, 129, 118, 255} }},
	{{ {-7860, 2338, -1843}, 0, {246, -480}, {119, 82, 47, 255} }},
	{{ {-8448, 2336, -1843}, 0, {-274, -480}, {119, 75, 44, 255} }},
	{{ {-8448, 2336, -1143}, 0, {-274, 141}, {119, 83, 47, 255} }},
	{{ {-7860, 2338, -1143}, 0, {246, 141}, {119, 83, 47, 255} }},
	{{ {-7139, 2338, -391}, 0, {812, 1472}, {119, 83, 47, 255} }},
	{{ {-8448, 2336, -391}, 0, {-274, 1472}, {119, 83, 47, 255} }},
	{{ {-7139, 2338, -1143}, 0, {812, 141}, {119, 75, 44, 255} }},
	{{ {-7787, 2262, -2505}, 0, {339, -332}, {45, 33, 16, 255} }},
	{{ {-8442, 2338, -2505}, 0, {653, -1159}, {46, 36, 26, 255} }},
	{{ {-8442, 2262, -2505}, 0, {339, -1159}, {45, 33, 16, 255} }},
	{{ {-7787, 2262, -2505}, 0, {339, -332}, {45, 33, 16, 255} }},
	{{ {-7787, 2338, -2505}, 0, {653, -332}, {45, 33, 16, 255} }},
	{{ {-8442, 2338, -2505}, 0, {653, -1159}, {46, 36, 26, 255} }},
	{{ {-7918, 2200, -3385}, 0, {82, -319}, {45, 33, 16, 255} }},
	{{ {-7787, 2400, -6658}, 0, {910, 483}, {46, 35, 23, 255} }},
	{{ {-7787, 2262, -6720}, 0, {339, 496}, {45, 33, 16, 255} }},
	{{ {-7918, 2200, -5840}, 0, {82, 483}, {45, 33, 16, 255} }},
	{{ {-8311, 2200, -5840}, 0, {-746, 483}, {60, 57, 55, 255} }},
	{{ {-8311, 2200, -3385}, 0, {-746, -319}, {70, 67, 66, 255} }},
	{{ {-7787, 2262, -2505}, 0, {82, -332}, {45, 33, 16, 255} }},
	{{ {-8442, 2262, -2505}, 0, {-746, -332}, {45, 33, 16, 255} }},
	{{ {-8442, 2262, -6720}, 0, {-746, 496}, {52, 38, 19, 255} }},
	{{ {-7787, 2262, -6720}, 0, {82, 496}, {45, 33, 16, 255} }},
	{{ {-7787, 2338, -6720}, 0, {653, 496}, {45, 33, 16, 255} }},
	{{ {-8442, 2262, -6720}, 0, {339, 1324}, {52, 38, 19, 255} }},
	{{ {-8442, 2338, -6720}, 0, {653, 1324}, {48, 38, 31, 255} }},
	{{ {-8311, 2200, -5840}, 0, {82, 1337}, {60, 57, 55, 255} }},
	{{ {-8442, 2400, -2567}, 0, {910, 2139}, {51, 44, 39, 255} }},
	{{ {-8442, 2262, -2505}, 0, {339, 2151}, {45, 33, 16, 255} }},
	{{ {-8311, 2200, -3385}, 0, {82, 2139}, {70, 67, 66, 255} }},
	{{ {-8442, 2338, -2505}, 0, {653, 2151}, {46, 36, 26, 255} }},
	{{ {-8442, 2400, -6658}, 0, {910, 1337}, {45, 33, 17, 255} }},
	{{ {-7787, 2400, -2567}, 0, {910, -319}, {67, 65, 64, 255} }},
	{{ {-7895, 2400, -6550}, 0, {1046, 461}, {255, 255, 255, 255} }},
	{{ {-8334, 2400, -6550}, 0, {1601, 461}, {255, 255, 255, 255} }},
	{{ {-8442, 2400, -6658}, 0, {1738, 483}, {45, 33, 17, 255} }},
	{{ {-8334, 2400, -2675}, 0, {1601, -297}, {255, 255, 255, 255} }},
	{{ {-8442, 2400, -2567}, 0, {1738, -319}, {51, 44, 39, 255} }},
	{{ {-7895, 2400, -2675}, 0, {1046, -297}, {255, 255, 255, 255} }},
	{{ {-8442, 2400, -6658}, 0, {910, 1324}, {45, 33, 17, 255} }},
	{{ {-7787, 2400, -6658}, 0, {910, 496}, {46, 35, 23, 255} }},
	{{ {-7787, 2400, -2567}, 0, {910, -332}, {67, 65, 64, 255} }},
	{{ {-8442, 2400, -2567}, 0, {910, -1159}, {51, 44, 39, 255} }},
	{{ {-8442, 2338, -2505}, 0, {653, -1159}, {46, 36, 26, 255} }},
	{{ {-7787, 2338, -2505}, 0, {653, -332}, {45, 33, 16, 255} }},
	{{ {-8449, 2378, -7620}, 0, {-765, 1629}, {97, 78, 53, 255} }},
	{{ {-8449, 2378, -6990}, 0, {-765, 3555}, {122, 76, 62, 255} }},
	{{ {-7859, 2381, -6990}, 0, {1038, 3555}, {122, 76, 62, 255} }},
	{{ {-7859, 2381, -7620}, 0, {1038, 1629}, {97, 78, 53, 255} }},
	{{ {-2656, 2336, -1026}, 0, {-207, 527}, {119, 53, 34, 255} }},
	{{ {-4020, 2288, -1110}, 0, {-207, 1416}, {119, 91, 65, 255} }},
	{{ {-4057, 2288, -209}, 0, {656, 1416}, {119, 90, 65, 255} }},
	{{ {-1421, 2336, -984}, 0, {-207, -424}, {119, 74, 52, 255} }},
	{{ {-1459, 2336, -84}, 0, {656, -424}, {119, 88, 63, 255} }},
	{{ {-6775, -1272, 5018}, 0, {594, 891}, {129, 95, 66, 255} }},
	{{ {-7333, -1272, 5018}, 0, {594, 101}, {135, 109, 96, 255} }},
	{{ {-7333, -1220, 5389}, 0, {62, 101}, {149, 133, 128, 255} }},
	{{ {-6775, -1220, 5389}, 0, {62, 891}, {144, 127, 120, 255} }},
	{{ {-7333, -1503, 5389}, 0, {62, 101}, {149, 133, 128, 255} }},
	{{ {-6775, -1503, 5389}, 0, {62, 891}, {144, 127, 120, 255} }},
	{{ {-7333, -1648, 5389}, 0, {62, 101}, {149, 133, 128, 255} }},
	{{ {-6775, -1648, 5389}, 0, {62, 891}, {144, 127, 120, 255} }},
	{{ {-7333, -1791, 5389}, 0, {62, 101}, {149, 133, 128, 255} }},
	{{ {-6775, -1791, 5389}, 0, {62, 891}, {144, 127, 120, 255} }},
	{{ {-7333, -2192, 5389}, 0, {62, 101}, {0, 0, 0, 255} }},
	{{ {-6775, -2192, 5389}, 0, {62, 891}, {0, 0, 0, 255} }},
	{{ {-6775, -2265, 5389}, 0, {62, 891}, {0, 0, 0, 255} }},
	{{ {-6464, -1220, 5389}, 0, {62, 891}, {144, 127, 120, 255} }},
	{{ {-6464, -2265, 5389}, 0, {62, 891}, {0, 0, 0, 255} }},
	{{ {-7333, -2265, 5389}, 0, {62, 101}, {0, 0, 0, 255} }},
	{{ {-7545, -2265, 5389}, 0, {62, 101}, {0, 0, 0, 255} }},
	{{ {-7545, -1220, 5389}, 0, {62, 101}, {149, 133, 128, 255} }},
	{{ {-6775, -1220, 5389}, 0, {678, 918}, {255, 255, 255, 255} }},
	{{ {-6464, -1220, 6114}, 0, {51, 918}, {255, 255, 255, 255} }},
	{{ {-6464, -1220, 5389}, 0, {678, 918}, {255, 255, 255, 255} }},
	{{ {-6775, -1220, 6114}, 0, {51, 918}, {255, 255, 255, 255} }},
	{{ {-7333, -1220, 5389}, 0, {678, 74}, {255, 255, 255, 255} }},
	{{ {-7333, -1220, 6114}, 0, {51, 74}, {255, 255, 255, 255} }},
	{{ {-7545, -1220, 5389}, 0, {678, 74}, {255, 255, 255, 255} }},
	{{ {-7545, -1220, 6114}, 0, {51, 74}, {255, 255, 255, 255} }},
	{{ {-7723, -283, 9089}, 0, {-374, -308}, {135, 101, 72, 255} }},
	{{ {-6969, 43, 9095}, 0, {-386, 1358}, {134, 100, 70, 255} }},
	{{ {-6969, 43, 8635}, 0, {496, 1358}, {134, 100, 70, 255} }},
	{{ {-7723, -283, 8635}, 0, {496, -309}, {134, 100, 70, 255} }},
	{{ {-9368, -283, 9089}, 0, {-186, -511}, {135, 101, 72, 255} }},
	{{ {-7723, -283, 9089}, 0, {-186, 1503}, {135, 101, 72, 255} }},
	{{ {-7723, -283, 8635}, 0, {505, 1503}, {134, 100, 70, 255} }},
	{{ {-9368, -283, 8753}, 0, {225, -511}, {134, 100, 70, 255} }},
	{{ {-9368, -283, 8635}, 0, {505, -511}, {134, 100, 70, 255} }},
	{{ {-6044, 730, 8635}, 0, {428, 1073}, {134, 100, 70, 255} }},
	{{ {-6044, 730, 9089}, 0, {-266, 1073}, {135, 101, 72, 255} }},
	{{ {-5021, 730, 9089}, 0, {-266, 2333}, {135, 101, 72, 255} }},
	{{ {-5021, 730, 8635}, 0, {428, 2333}, {134, 100, 70, 255} }},
	{{ {-2276, 2367, 9089}, 0, {1521, -598}, {135, 101, 72, 255} }},
	{{ {-1643, 2366, 9089}, 0, {-573, -598}, {135, 101, 72, 255} }},
	{{ {-1643, 2366, 8427}, 0, {-573, 1590}, {135, 101, 72, 255} }},
	{{ {-2276, 2367, 8427}, 0, {1521, 1590}, {135, 101, 72, 255} }},
	{{ {-1643, 4164, 7494}, 0, {408, 712}, {97, 96, 52, 255} }},
	{{ {-2295, 4164, 7494}, 0, {1096, 712}, {96, 93, 19, 255} }},
	{{ {-2295, 4164, 8411}, 0, {1096, 24}, {96, 94, 28, 255} }},
	{{ {-1643, 4164, 8411}, 0, {408, 24}, {96, 93, 19, 255} }},
	{{ {-8258, 3318, 5389}, 0, {1180, -702}, {93, 63, 24, 255} }},
	{{ {-9368, 3314, 5389}, 0, {-496, -702}, {93, 67, 34, 255} }},
	{{ {-9368, 3314, 6976}, 0, {-496, 1694}, {93, 63, 24, 255} }},
	{{ {-8258, 3318, 5389}, 0, {1180, -702}, {93, 63, 24, 255} }},
	{{ {-9368, 3314, 6976}, 0, {-496, 1694}, {93, 63, 24, 255} }},
	{{ {-8258, 3318, 6976}, 0, {1180, 1694}, {120, 82, 44, 255} }},
	{{ {-2173, 2028, 1264}, 0, {453, 875}, {165, 129, 134, 255} }},
	{{ {-2173, 2028, 830}, 0, {453, 629}, {164, 128, 134, 255} }},
	{{ {-2549, 2028, 613}, 0, {240, 506}, {165, 129, 134, 255} }},
	{{ {-2925, 2028, 1264}, 0, {27, 875}, {165, 129, 134, 255} }},
	{{ {-2925, 2028, 830}, 0, {27, 629}, {165, 129, 134, 255} }},
	{{ {-2549, 2028, 1481}, 0, {240, 998}, {126, 99, 103, 255} }},
	{{ {-2803, 2133, 2611}, 0, {392, 840}, {165, 129, 134, 255} }},
	{{ {-2803, 2133, 2330}, 0, {392, 664}, {165, 129, 134, 255} }},
	{{ {-3046, 2133, 2189}, 0, {240, 576}, {165, 129, 134, 255} }},
	{{ {-3290, 2133, 2611}, 0, {88, 840}, {165, 129, 134, 255} }},
	{{ {-3290, 2133, 2330}, 0, {88, 664}, {165, 129, 134, 255} }},
	{{ {-3046, 2133, 2752}, 0, {240, 928}, {165, 129, 135, 255} }},
	{{ {-2529, 2342, 3374}, 0, {478, 642}, {143, 127, 126, 255} }},
	{{ {-3852, 2342, 3374}, 0, {1026, 642}, {122, 77, 72, 255} }},
	{{ {-3852, 2342, 4895}, 0, {1026, 94}, {143, 128, 127, 255} }},
	{{ {-2529, 2342, 4895}, 0, {478, 94}, {153, 141, 141, 255} }},
	{{ {372, -1629, -2061}, 0, {-1215, 920}, {97, 78, 57, 255} }},
	{{ {903, -1629, -4657}, 0, {-479, -1238}, {98, 79, 58, 255} }},
	{{ {372, -1629, -4657}, 0, {-1215, -1238}, {97, 78, 57, 255} }},
	{{ {903, -1629, -2061}, 0, {-479, 920}, {0, 0, 0, 255} }},
	{{ {372, -1269, -1186}, 0, {-1215, 2230}, {97, 78, 57, 255} }},
	{{ {903, -1269, -1186}, 0, {-479, 2230}, {98, 79, 58, 255} }},
	{{ {2872, -1629, -4657}, 0, {1245, -1238}, {98, 79, 58, 255} }},
	{{ {2872, -1629, -2931}, 0, {1245, 196}, {88, 70, 51, 255} }},
	{{ {2872, -1629, -2700}, 0, {1245, 389}, {86, 69, 50, 255} }},
	{{ {2871, -1629, -2061}, 0, {1245, 920}, {82, 66, 48, 255} }},
	{{ {2892, -1629, -2927}, 0, {1338, 215}, {98, 79, 58, 255} }},
	{{ {2893, -1629, -2697}, 0, {1338, 407}, {98, 79, 58, 255} }},
	{{ {3947, -1629, -4657}, 0, {2187, -1238}, {98, 79, 58, 255} }},
	{{ {2893, -1629, -2697}, 0, {1338, 407}, {98, 79, 58, 255} }},
	{{ {3947, -1629, -2061}, 0, {2187, 920}, {98, 79, 58, 255} }},
	{{ {3947, -1629, -4657}, 0, {2187, -1238}, {98, 79, 58, 255} }},
	{{ {2894, -1629, -2061}, 0, {1339, 920}, {98, 79, 58, 255} }},
	{{ {2889, -1629, -4657}, 0, {1335, -1238}, {98, 79, 58, 255} }},
	{{ {2892, -1629, -2927}, 0, {1338, 215}, {98, 79, 58, 255} }},
	{{ {372, -1629, -2061}, 0, {666, 4219}, {97, 78, 57, 255} }},
	{{ {372, 277, -4657}, 0, {-533, 2585}, {97, 78, 57, 255} }},
	{{ {372, 277, -2061}, 0, {-533, 4219}, {0, 0, 0, 255} }},
	{{ {372, -1629, -4657}, 0, {666, 2585}, {97, 78, 57, 255} }},
	{{ {3947, 277, -4657}, 0, {-533, 335}, {98, 79, 58, 255} }},
	{{ {3947, -1629, -4657}, 0, {666, 335}, {98, 79, 58, 255} }},
	{{ {3947, 277, -2061}, 0, {-533, -1299}, {0, 0, 0, 255} }},
	{{ {3947, -1629, -2061}, 0, {666, -1299}, {98, 79, 58, 255} }},
	{{ {903, -1629, -2061}, 0, {666, -3216}, {188, 188, 188, 255} }},
	{{ {884, 248, -2061}, 0, {-515, -3227}, {255, 255, 255, 255} }},
	{{ {2871, 135, -2061}, 0, {1648, 1535}, {96, 77, 57, 255} }},
	{{ {2894, 321, -2061}, 0, {1648, 1693}, {52, 41, 28, 255} }},
	{{ {2871, 321, -2061}, 0, {1648, 1535}, {57, 45, 31, 255} }},
	{{ {2894, 135, -2061}, 0, {1648, 1693}, {18, 13, 7, 255} }},
	{{ {2958, 135, -2061}, 0, {1648, 1693}, {85, 69, 50, 255} }},
	{{ {2958, 321, -2061}, 0, {1648, 1693}, {17, 11, 6, 255} }},
	{{ {654, -6, -2061}, 0, {294, 471}, {0, 0, 0, 255} }},
	{{ {382, -137, -2061}, 0, {134, 823}, {94, 76, 55, 255} }},
	{{ {372, 277, -2061}, 0, {663, 823}, {255, 255, 255, 255} }},
	{{ {884, -122, -2061}, 0, {138, 180}, {0, 0, 0, 255} }},
	{{ {884, 248, -2061}, 0, {611, 169}, {255, 255, 255, 255} }},
	{{ {913, -1561, 2733}, 0, {1058, 562}, {93, 69, 49, 255} }},
	{{ {913, -1268, 2733}, 0, {1058, 562}, {93, 69, 49, 255} }},
	{{ {915, -1268, 2988}, 0, {1567, 552}, {97, 73, 52, 255} }},
	{{ {915, -1586, 3104}, 0, {1432, 554}, {32, 32, 32, 255} }},
	{{ {915, -1488, 3367}, 0, {1567, 552}, {32, 32, 32, 255} }},
	{{ {915, -1268, 2988}, 0, {1567, 552}, {97, 73, 52, 255} }},
	{{ {1198, -1488, 3367}, 0, {1567, 383}, {32, 32, 32, 255} }},
	{{ {915, -1488, 3367}, 0, {1567, 552}, {32, 32, 32, 255} }},
	{{ {1198, -1268, 2988}, 0, {1567, 383}, {93, 70, 50, 255} }},
	{{ {1197, -1268, 2733}, 0, {1057, 394}, {88, 66, 47, 255} }},
	{{ {1198, -1586, 3104}, 0, {1432, 386}, {32, 32, 32, 255} }},
	{{ {1197, -1561, 2733}, 0, {1057, 394}, {88, 66, 47, 255} }},
	{{ {915, -1586, 3104}, 0, {1432, 554}, {32, 32, 32, 255} }},
	{{ {913, -1268, 2733}, 0, {1058, 562}, {93, 69, 49, 255} }},
	{{ {-6044, 730, 9089}, 0, {509, 1358}, {135, 101, 72, 255} }},
	{{ {-6044, 730, 8635}, 0, {1378, 1358}, {134, 100, 70, 255} }},
	{{ {-6732, 223, 8635}, 0, {1378, -47}, {134, 100, 70, 255} }},
	{{ {-6732, 223, 9095}, 0, {496, -47}, {134, 100, 70, 255} }},
	{{ {-8106, -1343, -5981}, 0, {156, 284}, {255, 255, 255, 255} }},
	{{ {-8106, -1343, -6197}, 0, {156, 452}, {255, 255, 255, 255} }},
	{{ {-8163, -1343, -6254}, 0, {112, 496}, {117, 105, 95, 255} }},
	{{ {-7833, -1343, -6254}, 0, {368, 496}, {112, 98, 83, 255} }},
	{{ {-7890, -1343, -6197}, 0, {324, 452}, {255, 255, 255, 255} }},
	{{ {-7833, -1343, -5924}, 0, {368, 240}, {109, 92, 70, 255} }},
	{{ {-7890, -1343, -5981}, 0, {324, 284}, {255, 255, 255, 255} }},
	{{ {-8163, -1343, -5924}, 0, {112, 240}, {109, 92, 70, 255} }},
	{{ {-8163, -1416, -5924}, 0, {112, 240}, {91, 77, 59, 255} }},
	{{ {-8163, -1416, -5981}, 0, {112, 285}, {91, 77, 59, 255} }},
	{{ {-8163, -1416, -6203}, 0, {112, 456}, {91, 77, 59, 255} }},
	{{ {-8163, -1416, -6254}, 0, {112, 496}, {91, 77, 59, 255} }},
	{{ {-8100, -1416, -6254}, 0, {161, 496}, {91, 77, 59, 255} }},
	{{ {-7936, -1416, -6254}, 0, {288, 496}, {91, 77, 60, 255} }},
	{{ {-7833, -1416, -6254}, 0, {368, 496}, {91, 77, 59, 255} }},
	{{ {-7833, -1416, -6182}, 0, {368, 440}, {91, 77, 59, 255} }},
	{{ {-7833, -1416, -5998}, 0, {368, 297}, {91, 77, 59, 255} }},
	{{ {-7833, -1416, -5924}, 0, {368, 240}, {91, 77, 59, 255} }},
	{{ {-7903, -1416, -5924}, 0, {314, 240}, {91, 77, 59, 255} }},
	{{ {-8163, -1343, -5924}, 0, {112, 240}, {109, 92, 70, 255} }},
	{{ {-8109, -1416, -5924}, 0, {154, 240}, {91, 77, 59, 255} }},
	{{ {-7903, -1416, -5924}, 0, {314, 240}, {91, 77, 59, 255} }},
	{{ {-8163, -1416, -5924}, 0, {112, 240}, {91, 77, 59, 255} }},
	{{ {-8163, -2433, -5924}, 0, {112, 240}, {109, 33, 35, 255} }},
	{{ {-8163, -2433, -5981}, 0, {112, 285}, {109, 41, 41, 255} }},
	{{ {-8163, -1416, -5981}, 0, {112, 285}, {91, 77, 59, 255} }},
	{{ {-8109, -2433, -5924}, 0, {154, 240}, {109, 52, 52, 255} }},
	{{ {-7833, -1416, -6182}, 0, {368, 440}, {91, 77, 59, 255} }},
	{{ {-8100, -1416, -6254}, 0, {161, 496}, {91, 77, 59, 255} }},
	{{ {-8163, -1416, -6203}, 0, {112, 456}, {91, 77, 59, 255} }},
	{{ {-8163, -2433, -6203}, 0, {112, 456}, {103, 30, 30, 255} }},
	{{ {-8163, -2433, -6254}, 0, {112, 496}, {103, 30, 30, 255} }},
	{{ {-8163, -1416, -6254}, 0, {112, 496}, {91, 77, 59, 255} }},
	{{ {-8100, -2433, -6254}, 0, {161, 496}, {106, 62, 62, 255} }},
	{{ {-7936, -1416, -6254}, 0, {288, 496}, {91, 77, 60, 255} }},
	{{ {-7936, -2433, -6254}, 0, {288, 496}, {109, 33, 34, 255} }},
	{{ {-7833, -2433, -6254}, 0, {368, 496}, {109, 33, 35, 255} }},
	{{ {-7833, -1416, -6254}, 0, {368, 496}, {91, 77, 59, 255} }},
	{{ {-7833, -2433, -6182}, 0, {368, 440}, {109, 33, 34, 255} }},
	{{ {-7833, -1416, -5998}, 0, {368, 297}, {91, 77, 59, 255} }},
	{{ {-7833, -2433, -5998}, 0, {368, 297}, {103, 31, 31, 255} }},
	{{ {-7833, -2433, -5924}, 0, {368, 240}, {103, 30, 30, 255} }},
	{{ {-7833, -1416, -5924}, 0, {368, 240}, {91, 77, 59, 255} }},
	{{ {-7903, -2433, -5924}, 0, {314, 240}, {103, 30, 30, 255} }},
};

Gfx lll_dl_Cube_006_mesh_layer_1_tri_2[] = {
	gsSPVertex(lll_dl_Cube_006_mesh_layer_1_vtx_2 + 0, 32, 0),
	gsSP2Triangles(0, 1, 2, 0, 0, 2, 3, 0),
	gsSP2Triangles(4, 5, 6, 0, 4, 6, 7, 0),
	gsSP2Triangles(8, 9, 10, 0, 11, 8, 10, 0),
	gsSP2Triangles(11, 10, 12, 0, 10, 13, 12, 0),
	gsSP2Triangles(12, 14, 11, 0, 12, 15, 14, 0),
	gsSP2Triangles(14, 16, 11, 0, 14, 17, 16, 0),
	gsSP2Triangles(14, 18, 17, 0, 18, 19, 17, 0),
	gsSP2Triangles(17, 20, 16, 0, 17, 21, 20, 0),
	gsSP2Triangles(22, 23, 24, 0, 22, 24, 25, 0),
	gsSP2Triangles(26, 25, 24, 0, 24, 27, 26, 0),
	gsSP2Triangles(26, 28, 25, 0, 29, 30, 31, 0),
	gsSPVertex(lll_dl_Cube_006_mesh_layer_1_vtx_2 + 32, 31, 0),
	gsSP2Triangles(0, 1, 2, 0, 1, 0, 3, 0),
	gsSP2Triangles(4, 1, 3, 0, 3, 5, 4, 0),
	gsSP2Triangles(3, 6, 5, 0, 7, 6, 3, 0),
	gsSP2Triangles(7, 3, 8, 0, 8, 3, 9, 0),
	gsSP2Triangles(8, 9, 10, 0, 6, 7, 11, 0),
	gsSP2Triangles(6, 11, 12, 0, 5, 13, 4, 0),
	gsSP2Triangles(14, 13, 5, 0, 14, 15, 13, 0),
	gsSP2Triangles(15, 14, 16, 0, 17, 15, 16, 0),
	gsSP2Triangles(16, 18, 17, 0, 16, 19, 18, 0),
	gsSP2Triangles(18, 20, 17, 0, 17, 21, 15, 0),
	gsSP2Triangles(4, 22, 1, 0, 23, 22, 4, 0),
	gsSP2Triangles(24, 23, 4, 0, 24, 4, 25, 0),
	gsSP2Triangles(26, 24, 25, 0, 26, 25, 27, 0),
	gsSP2Triangles(28, 26, 27, 0, 28, 27, 22, 0),
	gsSP2Triangles(23, 28, 22, 0, 29, 30, 13, 0),
	gsSP1Triangle(29, 13, 15, 0),
	gsSPVertex(lll_dl_Cube_006_mesh_layer_1_vtx_2 + 63, 31, 0),
	gsSP2Triangles(0, 1, 2, 0, 0, 2, 3, 0),
	gsSP2Triangles(4, 5, 6, 0, 4, 6, 7, 0),
	gsSP2Triangles(8, 9, 10, 0, 8, 10, 11, 0),
	gsSP2Triangles(10, 12, 11, 0, 13, 14, 15, 0),
	gsSP2Triangles(13, 15, 16, 0, 16, 15, 17, 0),
	gsSP2Triangles(16, 17, 18, 0, 18, 17, 19, 0),
	gsSP2Triangles(18, 19, 20, 0, 20, 19, 21, 0),
	gsSP2Triangles(20, 21, 22, 0, 22, 21, 23, 0),
	gsSP2Triangles(22, 23, 24, 0, 15, 16, 25, 0),
	gsSP2Triangles(25, 16, 26, 0, 25, 26, 27, 0),
	gsSP2Triangles(15, 25, 28, 0, 15, 28, 29, 0),
	gsSP1Triangle(15, 29, 30, 0),
	gsSPVertex(lll_dl_Cube_006_mesh_layer_1_vtx_2 + 94, 32, 0),
	gsSP2Triangles(0, 1, 2, 0, 0, 3, 1, 0),
	gsSP2Triangles(4, 3, 0, 0, 4, 5, 3, 0),
	gsSP2Triangles(5, 4, 6, 0, 5, 6, 7, 0),
	gsSP2Triangles(8, 9, 10, 0, 8, 10, 11, 0),
	gsSP2Triangles(12, 13, 14, 0, 14, 15, 12, 0),
	gsSP2Triangles(14, 16, 15, 0, 17, 18, 19, 0),
	gsSP2Triangles(17, 19, 20, 0, 21, 22, 23, 0),
	gsSP2Triangles(21, 23, 24, 0, 25, 26, 27, 0),
	gsSP2Triangles(25, 27, 28, 0, 29, 30, 31, 0),
	gsSPVertex(lll_dl_Cube_006_mesh_layer_1_vtx_2 + 126, 32, 0),
	gsSP2Triangles(0, 1, 2, 0, 3, 4, 5, 0),
	gsSP2Triangles(5, 6, 3, 0, 5, 7, 6, 0),
	gsSP2Triangles(6, 8, 3, 0, 9, 10, 11, 0),
	gsSP2Triangles(11, 12, 9, 0, 11, 13, 12, 0),
	gsSP2Triangles(12, 14, 9, 0, 15, 16, 17, 0),
	gsSP2Triangles(15, 17, 18, 0, 19, 20, 21, 0),
	gsSP2Triangles(19, 22, 20, 0, 22, 19, 23, 0),
	gsSP2Triangles(22, 23, 24, 0, 25, 20, 22, 0),
	gsSP2Triangles(26, 25, 22, 0, 22, 27, 26, 0),
	gsSP2Triangles(22, 28, 27, 0, 29, 26, 27, 0),
	gsSP2Triangles(29, 27, 30, 0, 31, 29, 30, 0),
	gsSPVertex(lll_dl_Cube_006_mesh_layer_1_vtx_2 + 158, 32, 0),
	gsSP2Triangles(0, 1, 2, 0, 0, 3, 1, 0),
	gsSP2Triangles(2, 4, 5, 0, 6, 7, 8, 0),
	gsSP2Triangles(6, 9, 7, 0, 10, 7, 9, 0),
	gsSP2Triangles(10, 9, 11, 0, 11, 12, 10, 0),
	gsSP2Triangles(11, 13, 12, 0, 12, 13, 14, 0),
	gsSP2Triangles(12, 14, 15, 0, 16, 17, 18, 0),
	gsSP2Triangles(16, 19, 17, 0, 17, 19, 20, 0),
	gsSP2Triangles(17, 20, 21, 0, 22, 23, 24, 0),
	gsSP2Triangles(24, 25, 22, 0, 24, 26, 25, 0),
	gsSP2Triangles(27, 28, 29, 0, 29, 30, 27, 0),
	gsSP1Triangle(29, 31, 30, 0),
	gsSPVertex(lll_dl_Cube_006_mesh_layer_1_vtx_2 + 190, 32, 0),
	gsSP2Triangles(0, 1, 2, 0, 0, 3, 1, 0),
	gsSP2Triangles(1, 3, 4, 0, 4, 5, 1, 0),
	gsSP2Triangles(4, 6, 5, 0, 4, 7, 5, 0),
	gsSP2Triangles(4, 8, 7, 0, 9, 10, 11, 0),
	gsSP2Triangles(9, 11, 12, 0, 13, 14, 15, 0),
	gsSP2Triangles(14, 16, 15, 0, 14, 17, 16, 0),
	gsSP2Triangles(17, 18, 16, 0, 17, 19, 18, 0),
	gsSP2Triangles(19, 20, 18, 0, 19, 13, 20, 0),
	gsSP2Triangles(13, 15, 20, 0, 21, 20, 15, 0),
	gsSP2Triangles(22, 21, 15, 0, 15, 23, 22, 0),
	gsSP2Triangles(15, 24, 23, 0, 24, 15, 16, 0),
	gsSP2Triangles(25, 24, 16, 0, 16, 26, 25, 0),
	gsSP2Triangles(16, 27, 26, 0, 27, 16, 18, 0),
	gsSP2Triangles(28, 27, 18, 0, 18, 29, 28, 0),
	gsSP2Triangles(18, 30, 29, 0, 30, 18, 20, 0),
	gsSP1Triangle(31, 30, 20, 0),
	gsSPVertex(lll_dl_Cube_006_mesh_layer_1_vtx_2 + 222, 25, 0),
	gsSP2Triangles(0, 1, 2, 0, 0, 3, 1, 0),
	gsSP2Triangles(1, 3, 4, 0, 3, 5, 4, 0),
	gsSP2Triangles(3, 6, 5, 0, 6, 7, 5, 0),
	gsSP2Triangles(6, 1, 7, 0, 2, 1, 6, 0),
	gsSP2Triangles(8, 2, 6, 0, 6, 9, 8, 0),
	gsSP2Triangles(6, 10, 9, 0, 9, 10, 11, 0),
	gsSP2Triangles(10, 12, 11, 0, 10, 13, 12, 0),
	gsSP2Triangles(13, 14, 12, 0, 13, 9, 14, 0),
	gsSP2Triangles(9, 11, 14, 0, 12, 14, 11, 0),
	gsSP2Triangles(9, 15, 8, 0, 8, 15, 16, 0),
	gsSP2Triangles(15, 17, 16, 0, 15, 18, 17, 0),
	gsSP2Triangles(18, 19, 17, 0, 18, 8, 19, 0),
	gsSP2Triangles(8, 16, 19, 0, 19, 16, 17, 0),
	gsSP2Triangles(8, 20, 2, 0, 2, 20, 21, 0),
	gsSP2Triangles(20, 22, 21, 0, 20, 23, 22, 0),
	gsSP2Triangles(23, 24, 22, 0, 23, 2, 24, 0),
	gsSP2Triangles(2, 21, 24, 0, 24, 21, 22, 0),
	gsSP2Triangles(1, 4, 7, 0, 5, 7, 4, 0),
	gsSPEndDisplayList(),
};

Vtx lll_dl_Cube_006_mesh_layer_1_vtx_3[22] = {
	{{ {-1278, -1948, -1209}, 0, {-5751, -4446}, {100, 81, 60, 255} }},
	{{ {-4934, -1948, -1209}, 0, {-3717, -1392}, {133, 68, 58, 255} }},
	{{ {-4934, -1948, 1439}, 0, {-2298, -2655}, {133, 68, 58, 255} }},
	{{ {-4934, -1948, 2137}, 0, {-1923, -2988}, {133, 68, 58, 255} }},
	{{ {-1278, -1948, 5018}, 0, {-719, -7080}, {138, 80, 63, 255} }},
	{{ {-4934, -1948, 5018}, 0, {-379, -4362}, {133, 67, 59, 255} }},
	{{ {-9384, -2134, -7506}, 0, {2291, 4361}, {127, 47, 45, 88} }},
	{{ {-9384, -2134, -2458}, 0, {2291, -3369}, {128, 111, 113, 67} }},
	{{ {-6723, -2134, -2458}, 0, {-1783, -3369}, {87, 47, 51, 67} }},
	{{ {-8543, -2134, -6962}, 0, {1003, 3529}, {127, 47, 45, 88} }},
	{{ {-7429, -2134, -6962}, 0, {-703, 3529}, {150, 48, 45, 67} }},
	{{ {-6723, -2134, -7506}, 0, {-1783, 4361}, {177, 50, 48, 68} }},
	{{ {-6920, 1398, -7620}, 0, {-405, 6254}, {119, 20, 23, 255} }},
	{{ {-9388, 1388, -7620}, 0, {1483, 6098}, {119, 20, 23, 255} }},
	{{ {-9209, 1571, -1843}, 0, {1574, -4888}, {119, 20, 23, 255} }},
	{{ {-7099, 1580, -1843}, 0, {-628, -4046}, {119, 24, 25, 255} }},
	{{ {-2658, 1566, -1026}, 0, {-1687, -1353}, {119, 53, 34, 255} }},
	{{ {-1421, 1565, -985}, 0, {-1657, -2239}, {119, 53, 34, 255} }},
	{{ {-1459, 1618, -84}, 0, {-1657, -2239}, {159, 50, 43, 255} }},
	{{ {-2696, 1619, -126}, 0, {-1687, -1353}, {159, 50, 43, 255} }},
	{{ {-4059, 1570, -210}, 0, {-1687, -1353}, {159, 50, 43, 255} }},
	{{ {-4022, 1570, -1110}, 0, {-1687, -1353}, {159, 50, 43, 255} }},
};

Gfx lll_dl_Cube_006_mesh_layer_1_tri_3[] = {
	gsSPVertex(lll_dl_Cube_006_mesh_layer_1_vtx_3 + 0, 22, 0),
	gsSP2Triangles(0, 1, 2, 0, 0, 2, 3, 0),
	gsSP2Triangles(3, 4, 0, 0, 3, 5, 4, 0),
	gsSP2Triangles(6, 7, 8, 0, 9, 6, 8, 0),
	gsSP2Triangles(8, 10, 9, 0, 8, 11, 10, 0),
	gsSP2Triangles(12, 13, 14, 0, 12, 14, 15, 0),
	gsSP2Triangles(16, 17, 18, 0, 16, 18, 19, 0),
	gsSP2Triangles(16, 19, 20, 0, 16, 20, 21, 0),
	gsSPEndDisplayList(),
};

Vtx lll_dl_Cube_006_mesh_layer_1_vtx_4[217] = {
	{{ {-8334, -480, -1209}, 0, {-68, -390}, {160, 134, 122, 255} }},
	{{ {-8334, -1272, -1209}, 0, {1001, -1769}, {75, 55, 40, 255} }},
	{{ {-8334, -1272, -1157}, 0, {922, -1831}, {157, 131, 119, 255} }},
	{{ {-8334, -480, -1157}, 0, {-177, -440}, {153, 128, 116, 255} }},
	{{ {-8269, -445, -1157}, 0, {-311, -520}, {159, 133, 121, 255} }},
	{{ {-8269, -643, -1157}, 0, {-33, -844}, {76, 56, 40, 255} }},
	{{ {-8269, -1272, -1157}, 0, {812, -1918}, {159, 133, 121, 255} }},
	{{ {-8269, -1272, -1209}, 0, {724, -1987}, {75, 55, 40, 255} }},
	{{ {-8269, -643, -1209}, 0, {-122, -917}, {75, 55, 40, 255} }},
	{{ {-8269, -445, -1209}, 0, {-414, -582}, {75, 55, 40, 255} }},
	{{ {-8512, -283, -1157}, 0, {-542, 116}, {159, 133, 121, 255} }},
	{{ {-8512, -283, -1209}, 0, {-685, 95}, {75, 55, 40, 255} }},
	{{ {-8755, -445, -1157}, 0, {-432, 848}, {159, 133, 121, 255} }},
	{{ {-8755, -445, -1209}, 0, {-586, 894}, {75, 55, 40, 255} }},
	{{ {-8755, -1272, -1157}, 0, {728, 2893}, {159, 133, 121, 255} }},
	{{ {-8755, -1272, -1209}, 0, {575, 2979}, {75, 55, 40, 255} }},
	{{ {-8690, -1272, -1157}, 0, {869, 2812}, {159, 133, 121, 255} }},
	{{ {-8690, -480, -1157}, 0, {-268, 786}, {75, 55, 40, 255} }},
	{{ {-8690, -1272, -1209}, 0, {1001, 2739}, {75, 55, 40, 255} }},
	{{ {-8690, -480, -1209}, 0, {-119, 738}, {158, 133, 120, 255} }},
	{{ {-8512, -360, -1157}, 0, {-330, 136}, {159, 133, 121, 255} }},
	{{ {-8512, -360, -1209}, 0, {-191, 143}, {161, 136, 125, 255} }},
	{{ {-8690, -480, -1209}, 0, {-144, 726}, {158, 133, 120, 255} }},
	{{ {-8690, -1272, -1209}, 0, {-144, 1577}, {75, 55, 40, 255} }},
	{{ {-8690, -1272, -1662}, 0, {342, 1577}, {158, 97, 94, 255} }},
	{{ {-8690, -480, -1662}, 0, {342, 726}, {153, 127, 115, 255} }},
	{{ {-8512, -360, -1209}, 0, {-144, 496}, {161, 136, 125, 255} }},
	{{ {-8512, -360, -1662}, 0, {342, 496}, {103, 72, 50, 255} }},
	{{ {-8334, -480, -1209}, 0, {-144, 266}, {160, 134, 122, 255} }},
	{{ {-8334, -480, -1662}, 0, {342, 266}, {142, 117, 105, 255} }},
	{{ {-8334, -1272, -1209}, 0, {-144, -585}, {75, 55, 40, 255} }},
	{{ {-8334, -1272, -1662}, 0, {342, -585}, {159, 100, 96, 255} }},
	{{ {-8269, -445, -1659}, 0, {-522, 1263}, {255, 255, 255, 255} }},
	{{ {-8269, -1272, -1659}, 0, {754, 3060}, {255, 255, 255, 255} }},
	{{ {-8269, -1271, -1701}, 0, {845, 2993}, {255, 255, 255, 255} }},
	{{ {-8269, -444, -1701}, 0, {-420, 1213}, {255, 255, 255, 255} }},
	{{ {-8512, -283, -1659}, 0, {-736, 496}, {103, 72, 50, 255} }},
	{{ {-8269, -445, -1659}, 0, {-522, 1263}, {103, 72, 50, 255} }},
	{{ {-8269, -444, -1701}, 0, {-420, 1213}, {103, 72, 50, 255} }},
	{{ {-8512, -282, -1701}, 0, {-600, 496}, {103, 72, 50, 255} }},
	{{ {-8512, -360, -1704}, 0, {-377, 496}, {103, 72, 50, 255} }},
	{{ {-8334, -479, -1704}, 0, {-267, 1138}, {103, 72, 50, 255} }},
	{{ {-8334, -1271, -1704}, 0, {968, 2906}, {159, 91, 91, 255} }},
	{{ {-8269, -1271, -1701}, 0, {845, 2993}, {99, 75, 63, 255} }},
	{{ {-8334, -1272, -1662}, 0, {1063, 2843}, {159, 100, 96, 255} }},
	{{ {-8334, -480, -1662}, 0, {-152, 1093}, {142, 117, 105, 255} }},
	{{ {-8512, -360, -1662}, 0, {-267, 496}, {103, 72, 50, 255} }},
	{{ {-8690, -479, -1704}, 0, {-267, -146}, {103, 72, 50, 255} }},
	{{ {-8690, -480, -1662}, 0, {-152, -101}, {153, 127, 115, 255} }},
	{{ {-8690, -1271, -1704}, 0, {968, -1914}, {75, 55, 40, 255} }},
	{{ {-8690, -1272, -1662}, 0, {1063, -1851}, {158, 97, 94, 255} }},
	{{ {-8755, -444, -1701}, 0, {-420, -221}, {103, 72, 50, 255} }},
	{{ {-8755, -1271, -1701}, 0, {845, -2001}, {75, 56, 42, 255} }},
	{{ {-8755, -1272, -1659}, 0, {754, -2068}, {75, 56, 42, 255} }},
	{{ {-8755, -445, -1659}, 0, {-522, -271}, {103, 72, 50, 255} }},
	{{ {-7859, -432, -7639}, 0, {295, 1388}, {97, 78, 53, 255} }},
	{{ {-7860, -1162, -7639}, 0, {-1105, 3123}, {97, 78, 53, 255} }},
	{{ {-7860, -1162, -7511}, 0, {-863, 3325}, {233, 233, 233, 255} }},
	{{ {-7859, -432, -7511}, 0, {650, 1527}, {103, 73, 52, 255} }},
	{{ {-7772, -1162, -7511}, 0, {-697, 3472}, {255, 255, 255, 255} }},
	{{ {-7771, -344, -7511}, 0, {981, 1647}, {103, 72, 50, 255} }},
	{{ {-7772, -1162, -7639}, 0, {-396, 3745}, {103, 72, 50, 255} }},
	{{ {-7771, -344, -7639}, 0, {1354, 1813}, {103, 72, 50, 255} }},
	{{ {-8537, -344, -7511}, 0, {1016, -512}, {255, 255, 255, 255} }},
	{{ {-7771, -344, -7639}, 0, {1354, 1813}, {103, 72, 50, 255} }},
	{{ {-8537, -344, -7639}, 0, {1481, -625}, {103, 72, 51, 255} }},
	{{ {-8537, -344, -7511}, 0, {1016, -512}, {255, 255, 255, 255} }},
	{{ {-8537, -1162, -7511}, 0, {-630, -2405}, {255, 255, 255, 255} }},
	{{ {-8537, -1162, -7639}, 0, {-230, -2753}, {103, 72, 50, 255} }},
	{{ {-8449, -432, -7511}, 0, {763, -407}, {255, 255, 255, 255} }},
	{{ {-7771, -344, -7511}, 0, {981, 1647}, {103, 72, 50, 255} }},
	{{ {-7859, -432, -7511}, 0, {650, 1527}, {103, 73, 52, 255} }},
	{{ {-8449, -432, -7639}, 0, {351, -263}, {97, 78, 53, 255} }},
	{{ {-8449, -1162, -7639}, 0, {-1105, -2001}, {97, 78, 53, 255} }},
	{{ {-8449, -1162, -7511}, 0, {-801, -2256}, {255, 255, 255, 255} }},
	{{ {-7859, -432, -7639}, 0, {295, 1388}, {97, 78, 53, 255} }},
	{{ {-9318, -1273, 2251}, 0, {-16, 1008}, {0, 0, 0, 255} }},
	{{ {-9359, -1273, 1454}, 0, {-16, 1008}, {23, 23, 23, 255} }},
	{{ {-9359, -144, 1453}, 0, {-16, 1008}, {0, 0, 0, 255} }},
	{{ {-9318, -1042, 2251}, 0, {-16, 1008}, {0, 0, 0, 255} }},
	{{ {-9359, 110, 2055}, 0, {-16, 1008}, {0, 0, 0, 255} }},
	{{ {-9359, 110, 1649}, 0, {-16, 1008}, {0, 0, 0, 255} }},
	{{ {-9318, -144, 2251}, 0, {-16, 1008}, {0, 0, 0, 255} }},
	{{ {-9292, -1273, 1389}, 0, {1033, -3214}, {255, 255, 255, 255} }},
	{{ {-9383, -1273, 1389}, 0, {886, -3322}, {255, 255, 255, 255} }},
	{{ {-9383, -122, 1389}, 0, {-483, -1467}, {255, 255, 255, 255} }},
	{{ {-9292, -122, 1389}, 0, {-320, -1370}, {255, 255, 255, 255} }},
	{{ {-9292, 174, 1617}, 0, {-631, -659}, {255, 255, 255, 255} }},
	{{ {-9383, 174, 1617}, 0, {-846, -720}, {255, 255, 255, 255} }},
	{{ {-9292, 174, 2087}, 0, {-728, 491}, {255, 255, 255, 255} }},
	{{ {-9383, 174, 2087}, 0, {-986, 504}, {255, 255, 255, 255} }},
	{{ {-9292, -122, 2315}, 0, {-463, 1432}, {255, 255, 255, 255} }},
	{{ {-9383, -122, 2315}, 0, {-716, 1524}, {255, 255, 255, 255} }},
	{{ {-9292, -1273, 2315}, 0, {973, 4198}, {255, 255, 255, 255} }},
	{{ {-9383, -1273, 2315}, 0, {752, 4314}, {255, 255, 255, 255} }},
	{{ {-9292, -1273, 2251}, 0, {1138, 4111}, {255, 255, 255, 255} }},
	{{ {-9292, -1273, 2251}, 0, {1138, 4111}, {255, 255, 255, 255} }},
	{{ {-9292, -1041, 2251}, 0, {832, 3517}, {1, 1, 1, 255} }},
	{{ {-9292, -122, 2315}, 0, {-463, 1432}, {255, 255, 255, 255} }},
	{{ {-9318, -1273, 2251}, 0, {1254, 4050}, {0, 0, 0, 255} }},
	{{ {-9318, -1042, 2251}, 0, {944, 3459}, {0, 0, 0, 255} }},
	{{ {-9318, -144, 2251}, 0, {-199, 1328}, {0, 0, 0, 255} }},
	{{ {-9292, -144, 2251}, 0, {-310, 1370}, {255, 255, 255, 255} }},
	{{ {-9292, 110, 2055}, 0, {-529, 472}, {255, 255, 255, 255} }},
	{{ {-9359, 110, 2055}, 0, {-293, 445}, {0, 0, 0, 255} }},
	{{ {-9292, 110, 1649}, 0, {-480, -620}, {255, 255, 255, 255} }},
	{{ {-9359, 110, 1649}, 0, {-283, -585}, {0, 0, 0, 255} }},
	{{ {-9292, -144, 1453}, 0, {-210, -1306}, {255, 255, 255, 255} }},
	{{ {-9359, -144, 1453}, 0, {-55, -1225}, {0, 0, 0, 255} }},
	{{ {-9292, -1273, 1454}, 0, {1127, -3145}, {255, 255, 255, 255} }},
	{{ {-9359, -1273, 1454}, 0, {1254, -3053}, {23, 23, 23, 255} }},
	{{ {-9292, -1273, 1389}, 0, {1033, -3214}, {255, 255, 255, 255} }},
	{{ {-9292, -122, 1389}, 0, {-320, -1370}, {255, 255, 255, 255} }},
	{{ {-9292, 174, 1617}, 0, {-631, -659}, {255, 255, 255, 255} }},
	{{ {-9292, 174, 2087}, 0, {-728, 491}, {255, 255, 255, 255} }},
	{{ {-7333, -1272, 5018}, 0, {342, -536}, {135, 109, 96, 255} }},
	{{ {-7333, -1220, 5018}, 0, {323, -498}, {111, 75, 52, 255} }},
	{{ {-7333, -1220, 5389}, 0, {590, -366}, {149, 133, 128, 255} }},
	{{ {-9368, -1220, 5389}, 0, {590, -366}, {130, 88, 39, 255} }},
	{{ {-9368, -1220, 5018}, 0, {323, -498}, {115, 77, 51, 255} }},
	{{ {-6723, -517, 5018}, 0, {-182, 834}, {110, 77, 51, 255} }},
	{{ {-6723, -1272, 5018}, 0, {60, 1598}, {120, 80, 55, 255} }},
	{{ {-6723, -1272, 4957}, 0, {130, 1575}, {120, 80, 55, 255} }},
	{{ {-6723, -517, 4957}, 0, {-111, 821}, {110, 77, 51, 255} }},
	{{ {-6775, -1220, 4957}, 0, {169, 1500}, {119, 80, 55, 255} }},
	{{ {-6775, -1272, 4957}, 0, {187, 1555}, {120, 80, 55, 255} }},
	{{ {-6775, -1272, 5018}, 0, {249, 1533}, {129, 95, 66, 255} }},
	{{ {-6775, -1220, 5018}, 0, {232, 1481}, {119, 80, 55, 255} }},
	{{ {-6775, -1272, 5018}, 0, {249, 1533}, {129, 95, 66, 255} }},
	{{ {-6775, -1220, 5389}, 0, {590, 1358}, {129, 95, 66, 255} }},
	{{ {-6775, -1220, 5018}, 0, {232, 1481}, {119, 80, 55, 255} }},
	{{ {-6775, -540, 5018}, 0, {3, 795}, {110, 77, 51, 255} }},
	{{ {-6775, -540, 5389}, 0, {368, 726}, {110, 77, 51, 255} }},
	{{ {-7054, -291, 5018}, 0, {-41, 392}, {107, 75, 50, 255} }},
	{{ {-7054, -291, 5389}, 0, {324, 406}, {107, 75, 50, 255} }},
	{{ {-7332, -540, 5018}, 0, {53, 24}, {104, 73, 49, 255} }},
	{{ {-7332, -540, 5389}, 0, {367, 115}, {96, 68, 29, 255} }},
	{{ {-7333, -1220, 5018}, 0, {323, -498}, {111, 75, 52, 255} }},
	{{ {-7333, -1220, 5389}, 0, {590, -366}, {128, 95, 66, 255} }},
	{{ {-7333, -1220, 4957}, 0, {278, -520}, {111, 75, 52, 255} }},
	{{ {-7333, -1272, 4957}, 0, {298, -560}, {112, 75, 52, 255} }},
	{{ {-7333, -1272, 5018}, 0, {342, -536}, {129, 95, 66, 255} }},
	{{ {-7384, -1272, 4957}, 0, {256, -582}, {111, 75, 52, 255} }},
	{{ {-7332, -540, 4957}, 0, {3, 5}, {104, 73, 49, 255} }},
	{{ {-7384, -517, 4957}, 0, {-37, -12}, {103, 72, 49, 255} }},
	{{ {-7384, -1272, 5018}, 0, {210, -606}, {111, 75, 52, 255} }},
	{{ {-7384, -517, 5018}, 0, {-88, -34}, {103, 72, 49, 255} }},
	{{ {-7054, -222, 4957}, 0, {-172, 382}, {107, 74, 50, 255} }},
	{{ {-7054, -222, 5018}, 0, {-237, 373}, {107, 74, 50, 255} }},
	{{ {-6723, -517, 4957}, 0, {-111, 821}, {110, 77, 51, 255} }},
	{{ {-6723, -517, 5018}, 0, {-182, 834}, {110, 77, 51, 255} }},
	{{ {-6775, -540, 4957}, 0, {-62, 809}, {110, 77, 51, 255} }},
	{{ {-7054, -291, 4957}, 0, {-106, 388}, {107, 75, 50, 255} }},
	{{ {-6775, -1220, 4957}, 0, {169, 1500}, {119, 80, 55, 255} }},
	{{ {2890, -1263, 1443}, 0, {-497, 1862}, {105, 79, 56, 255} }},
	{{ {2895, -559, 1320}, 0, {-804, 122}, {143, 130, 122, 255} }},
	{{ {2890, -1263, 1321}, 0, {-799, 1863}, {104, 78, 56, 255} }},
	{{ {2895, -599, 1442}, 0, {-501, 221}, {140, 127, 119, 255} }},
	{{ {2898, -158, 1615}, 0, {-76, -871}, {157, 147, 141, 255} }},
	{{ {2897, -282, 1676}, 0, {76, -566}, {152, 141, 134, 255} }},
	{{ {2897, -282, 1676}, 0, {76, -566}, {152, 141, 134, 255} }},
	{{ {2898, -166, 2111}, 0, {1152, -854}, {152, 141, 134, 255} }},
	{{ {2898, -158, 1615}, 0, {-76, -871}, {157, 147, 141, 255} }},
	{{ {2897, -287, 2040}, 0, {976, -553}, {149, 137, 129, 255} }},
	{{ {2895, -560, 2338}, 0, {1715, 121}, {103, 85, 67, 255} }},
	{{ {2895, -593, 2216}, 0, {1413, 202}, {137, 121, 111, 255} }},
	{{ {2890, -1263, 2337}, 0, {1715, 1859}, {114, 85, 61, 255} }},
	{{ {2890, -1263, 2215}, 0, {1414, 1860}, {113, 84, 60, 255} }},
	{{ {3025, -1268, 2337}, 0, {20, 3331}, {114, 85, 61, 255} }},
	{{ {2895, -560, 2338}, 0, {-239, 1935}, {103, 85, 67, 255} }},
	{{ {2890, -1263, 2337}, 0, {-249, 3331}, {114, 85, 61, 255} }},
	{{ {3030, -560, 2338}, 0, {30, 1935}, {100, 81, 60, 255} }},
	{{ {2898, -166, 2111}, 0, {-234, 1032}, {152, 141, 134, 255} }},
	{{ {3033, -166, 2111}, 0, {36, 1032}, {100, 81, 60, 255} }},
	{{ {2898, -158, 1615}, 0, {-233, 47}, {157, 147, 141, 255} }},
	{{ {3033, -158, 1615}, 0, {36, 47}, {100, 81, 60, 255} }},
	{{ {2895, -559, 1320}, 0, {-239, -941}, {143, 130, 122, 255} }},
	{{ {3030, -559, 1320}, 0, {30, -941}, {100, 81, 60, 255} }},
	{{ {2890, -1263, 1321}, 0, {-249, -2339}, {104, 78, 56, 255} }},
	{{ {3025, -1268, 1321}, 0, {20, -2339}, {100, 81, 60, 255} }},
	{{ {3394, -593, 2216}, 0, {315, -193}, {0, 0, 0, 255} }},
	{{ {3389, -1268, 2215}, 0, {306, -1523}, {0, 0, 0, 255} }},
	{{ {2890, -1263, 2215}, 0, {37, -1523}, {113, 84, 60, 255} }},
	{{ {2895, -593, 2216}, 0, {46, -193}, {137, 121, 111, 255} }},
	{{ {3396, -287, 2040}, 0, {320, 508}, {0, 0, 0, 248} }},
	{{ {2897, -287, 2040}, 0, {50, 508}, {149, 137, 129, 255} }},
	{{ {3396, -282, 1676}, 0, {320, 1230}, {13, 11, 10, 0} }},
	{{ {2897, -282, 1676}, 0, {50, 1230}, {152, 141, 134, 255} }},
	{{ {3394, -599, 1442}, 0, {315, 2013}, {14, 11, 10, 255} }},
	{{ {2895, -599, 1442}, 0, {46, 2013}, {140, 127, 119, 255} }},
	{{ {3389, -1268, 1443}, 0, {306, 3331}, {0, 0, 0, 255} }},
	{{ {2890, -1263, 1443}, 0, {37, 3331}, {105, 79, 56, 255} }},
	{{ {903, -1629, -1209}, 0, {1991, 2931}, {98, 79, 58, 255} }},
	{{ {884, -122, -2061}, 0, {1887, -587}, {0, 0, 0, 255} }},
	{{ {903, -1629, -2061}, 0, {1991, 2931}, {0, 0, 0, 255} }},
	{{ {884, -122, -1209}, 0, {1887, -587}, {87, 70, 51, 255} }},
	{{ {903, -1629, -1107}, 0, {1991, 2931}, {98, 79, 58, 255} }},
	{{ {1019, -1293, -1107}, 0, {2632, 3310}, {98, 79, 58, 255} }},
	{{ {1019, -1293, -1209}, 0, {2632, 3310}, {98, 79, 58, 255} }},
	{{ {997, -52, -1107}, 0, {2510, -566}, {79, 63, 45, 255} }},
	{{ {997, -52, -1209}, 0, {2510, -566}, {113, 73, 37, 255} }},
	{{ {655, 121, -1107}, 0, {617, -2369}, {25, 18, 11, 255} }},
	{{ {655, 121, -1209}, 0, {617, -2369}, {113, 73, 37, 255} }},
	{{ {269, -66, -1107}, 0, {-1521, -1235}, {50, 38, 27, 255} }},
	{{ {269, -66, -1209}, 0, {-1521, -1235}, {113, 73, 37, 255} }},
	{{ {258, -1293, -1107}, 0, {-1584, 3310}, {97, 78, 57, 255} }},
	{{ {258, -1293, -1209}, 0, {-1584, 3310}, {97, 78, 57, 255} }},
	{{ {372, -1629, -1107}, 0, {-949, 2900}, {97, 78, 57, 255} }},
	{{ {372, -1629, -1209}, 0, {-949, 2900}, {97, 78, 57, 255} }},
	{{ {382, -137, -1107}, 0, {-895, -994}, {82, 65, 47, 255} }},
	{{ {382, -137, -1209}, 0, {-895, -994}, {90, 72, 53, 255} }},
	{{ {372, -1629, -2061}, 0, {-949, 2900}, {97, 78, 57, 255} }},
	{{ {382, -137, -2061}, 0, {-895, -994}, {94, 76, 55, 255} }},
	{{ {654, -6, -1209}, 0, {611, -1604}, {95, 76, 55, 255} }},
	{{ {654, -6, -2061}, 0, {611, -1604}, {0, 0, 0, 255} }},
	{{ {884, -122, -1107}, 0, {1887, -587}, {1, 0, 0, 255} }},
	{{ {654, -6, -1107}, 0, {611, -1604}, {46, 36, 24, 255} }},
};

Gfx lll_dl_Cube_006_mesh_layer_1_tri_4[] = {
	gsSPVertex(lll_dl_Cube_006_mesh_layer_1_vtx_4 + 0, 32, 0),
	gsSP2Triangles(0, 1, 2, 0, 0, 2, 3, 0),
	gsSP2Triangles(4, 3, 2, 0, 2, 5, 4, 0),
	gsSP2Triangles(2, 6, 5, 0, 7, 5, 6, 0),
	gsSP2Triangles(7, 8, 5, 0, 8, 4, 5, 0),
	gsSP2Triangles(8, 9, 4, 0, 9, 10, 4, 0),
	gsSP2Triangles(9, 11, 10, 0, 11, 12, 10, 0),
	gsSP2Triangles(11, 13, 12, 0, 13, 14, 12, 0),
	gsSP2Triangles(13, 15, 14, 0, 16, 12, 14, 0),
	gsSP2Triangles(16, 17, 12, 0, 18, 17, 16, 0),
	gsSP2Triangles(18, 19, 17, 0, 19, 20, 17, 0),
	gsSP2Triangles(19, 21, 20, 0, 21, 3, 20, 0),
	gsSP2Triangles(21, 0, 3, 0, 20, 3, 4, 0),
	gsSP2Triangles(20, 4, 10, 0, 17, 20, 10, 0),
	gsSP2Triangles(17, 10, 12, 0, 22, 23, 24, 0),
	gsSP2Triangles(22, 24, 25, 0, 26, 22, 25, 0),
	gsSP2Triangles(26, 25, 27, 0, 28, 26, 27, 0),
	gsSP2Triangles(28, 27, 29, 0, 30, 28, 29, 0),
	gsSP1Triangle(30, 29, 31, 0),
	gsSPVertex(lll_dl_Cube_006_mesh_layer_1_vtx_4 + 32, 32, 0),
	gsSP2Triangles(0, 1, 2, 0, 0, 2, 3, 0),
	gsSP2Triangles(4, 5, 6, 0, 4, 6, 7, 0),
	gsSP2Triangles(8, 7, 6, 0, 8, 6, 9, 0),
	gsSP2Triangles(6, 10, 9, 0, 6, 11, 10, 0),
	gsSP2Triangles(12, 9, 10, 0, 12, 13, 9, 0),
	gsSP2Triangles(13, 8, 9, 0, 13, 14, 8, 0),
	gsSP2Triangles(14, 15, 8, 0, 14, 16, 15, 0),
	gsSP2Triangles(16, 17, 15, 0, 16, 18, 17, 0),
	gsSP2Triangles(17, 19, 15, 0, 17, 20, 19, 0),
	gsSP2Triangles(21, 19, 20, 0, 21, 22, 19, 0),
	gsSP2Triangles(22, 7, 19, 0, 22, 4, 7, 0),
	gsSP2Triangles(15, 19, 7, 0, 15, 7, 8, 0),
	gsSP2Triangles(23, 24, 25, 0, 23, 25, 26, 0),
	gsSP2Triangles(26, 25, 27, 0, 26, 27, 28, 0),
	gsSP2Triangles(29, 28, 27, 0, 29, 30, 28, 0),
	gsSP1Triangle(30, 31, 28, 0),
	gsSPVertex(lll_dl_Cube_006_mesh_layer_1_vtx_4 + 64, 32, 0),
	gsSP2Triangles(0, 1, 2, 0, 1, 3, 2, 0),
	gsSP2Triangles(1, 4, 3, 0, 5, 2, 3, 0),
	gsSP2Triangles(5, 6, 2, 0, 5, 7, 6, 0),
	gsSP2Triangles(8, 7, 5, 0, 9, 8, 5, 0),
	gsSP2Triangles(9, 5, 10, 0, 5, 3, 10, 0),
	gsSP2Triangles(8, 11, 7, 0, 12, 13, 14, 0),
	gsSP2Triangles(15, 12, 14, 0, 14, 16, 15, 0),
	gsSP2Triangles(14, 17, 16, 0, 16, 18, 15, 0),
	gsSP2Triangles(19, 20, 21, 0, 19, 21, 22, 0),
	gsSP2Triangles(21, 23, 22, 0, 21, 24, 23, 0),
	gsSP2Triangles(24, 25, 23, 0, 24, 26, 25, 0),
	gsSP2Triangles(26, 27, 25, 0, 26, 28, 27, 0),
	gsSP2Triangles(28, 29, 27, 0, 28, 30, 29, 0),
	gsSP1Triangle(27, 29, 31, 0),
	gsSPVertex(lll_dl_Cube_006_mesh_layer_1_vtx_4 + 96, 32, 0),
	gsSP2Triangles(0, 1, 2, 0, 3, 1, 0, 0),
	gsSP2Triangles(3, 4, 1, 0, 1, 4, 5, 0),
	gsSP2Triangles(1, 5, 6, 0, 5, 7, 6, 0),
	gsSP2Triangles(5, 8, 7, 0, 8, 9, 7, 0),
	gsSP2Triangles(8, 10, 9, 0, 10, 11, 9, 0),
	gsSP2Triangles(10, 12, 11, 0, 12, 13, 11, 0),
	gsSP2Triangles(12, 14, 13, 0, 11, 13, 15, 0),
	gsSP2Triangles(11, 15, 16, 0, 9, 11, 16, 0),
	gsSP2Triangles(9, 16, 17, 0, 7, 9, 17, 0),
	gsSP2Triangles(7, 17, 18, 0, 6, 7, 18, 0),
	gsSP2Triangles(6, 18, 2, 0, 1, 6, 2, 0),
	gsSP2Triangles(19, 20, 21, 0, 20, 21, 22, 0),
	gsSP2Triangles(20, 22, 23, 0, 24, 25, 26, 0),
	gsSP2Triangles(24, 26, 27, 0, 28, 27, 26, 0),
	gsSP2Triangles(29, 28, 26, 0, 30, 28, 29, 0),
	gsSP1Triangle(30, 31, 28, 0),
	gsSPVertex(lll_dl_Cube_006_mesh_layer_1_vtx_4 + 128, 32, 0),
	gsSP2Triangles(0, 1, 2, 0, 3, 2, 1, 0),
	gsSP2Triangles(3, 1, 4, 0, 5, 3, 4, 0),
	gsSP2Triangles(5, 4, 6, 0, 7, 5, 6, 0),
	gsSP2Triangles(7, 6, 8, 0, 9, 7, 8, 0),
	gsSP2Triangles(9, 8, 10, 0, 7, 9, 11, 0),
	gsSP2Triangles(9, 12, 11, 0, 9, 13, 12, 0),
	gsSP2Triangles(11, 12, 14, 0, 15, 11, 14, 0),
	gsSP2Triangles(15, 14, 16, 0, 17, 16, 14, 0),
	gsSP2Triangles(17, 18, 16, 0, 18, 19, 16, 0),
	gsSP2Triangles(18, 20, 19, 0, 20, 21, 19, 0),
	gsSP2Triangles(20, 22, 21, 0, 23, 19, 21, 0),
	gsSP2Triangles(23, 24, 19, 0, 3, 24, 23, 0),
	gsSP2Triangles(2, 3, 23, 0, 2, 23, 25, 0),
	gsSP2Triangles(25, 23, 21, 0, 3, 5, 24, 0),
	gsSP2Triangles(5, 15, 24, 0, 5, 7, 15, 0),
	gsSP2Triangles(7, 11, 15, 0, 24, 15, 16, 0),
	gsSP2Triangles(24, 16, 19, 0, 26, 27, 28, 0),
	gsSP2Triangles(26, 29, 27, 0, 29, 30, 27, 0),
	gsSP1Triangle(29, 31, 30, 0),
	gsSPVertex(lll_dl_Cube_006_mesh_layer_1_vtx_4 + 160, 32, 0),
	gsSP2Triangles(0, 1, 2, 0, 0, 3, 1, 0),
	gsSP2Triangles(3, 4, 1, 0, 3, 5, 4, 0),
	gsSP2Triangles(5, 6, 4, 0, 5, 7, 6, 0),
	gsSP2Triangles(8, 9, 10, 0, 8, 11, 9, 0),
	gsSP2Triangles(11, 12, 9, 0, 11, 13, 12, 0),
	gsSP2Triangles(13, 14, 12, 0, 13, 15, 14, 0),
	gsSP2Triangles(15, 16, 14, 0, 15, 17, 16, 0),
	gsSP2Triangles(17, 18, 16, 0, 17, 19, 18, 0),
	gsSP2Triangles(20, 21, 22, 0, 20, 22, 23, 0),
	gsSP2Triangles(24, 20, 23, 0, 24, 23, 25, 0),
	gsSP2Triangles(26, 24, 25, 0, 26, 25, 27, 0),
	gsSP2Triangles(28, 26, 27, 0, 28, 27, 29, 0),
	gsSP2Triangles(30, 28, 29, 0, 30, 29, 31, 0),
	gsSPVertex(lll_dl_Cube_006_mesh_layer_1_vtx_4 + 192, 25, 0),
	gsSP2Triangles(0, 1, 2, 0, 0, 3, 1, 0),
	gsSP2Triangles(3, 0, 4, 0, 0, 5, 4, 0),
	gsSP2Triangles(0, 6, 5, 0, 6, 7, 5, 0),
	gsSP2Triangles(6, 8, 7, 0, 8, 9, 7, 0),
	gsSP2Triangles(8, 10, 9, 0, 10, 11, 9, 0),
	gsSP2Triangles(10, 12, 11, 0, 12, 13, 11, 0),
	gsSP2Triangles(12, 14, 13, 0, 14, 15, 13, 0),
	gsSP2Triangles(14, 16, 15, 0, 16, 17, 15, 0),
	gsSP2Triangles(16, 18, 17, 0, 18, 16, 19, 0),
	gsSP2Triangles(18, 19, 20, 0, 21, 18, 20, 0),
	gsSP2Triangles(21, 20, 22, 0, 3, 21, 22, 0),
	gsSP2Triangles(3, 22, 1, 0, 21, 3, 23, 0),
	gsSP2Triangles(3, 4, 23, 0, 23, 4, 5, 0),
	gsSP2Triangles(23, 5, 7, 0, 24, 23, 7, 0),
	gsSP2Triangles(24, 7, 9, 0, 17, 24, 9, 0),
	gsSP2Triangles(17, 9, 11, 0, 15, 17, 11, 0),
	gsSP2Triangles(15, 11, 13, 0, 18, 24, 17, 0),
	gsSP2Triangles(18, 21, 24, 0, 21, 23, 24, 0),
	gsSPEndDisplayList(),
};

Vtx lll_dl_Cube_006_mesh_layer_1_vtx_5[52] = {
	{{ {-1959, 5203, 6855}, 0, {368, 1008}, {255, 255, 255, 255} }},
	{{ {-1959, 5433, 6855}, 0, {624, 1008}, {255, 255, 255, 255} }},
	{{ {-1959, 5433, 6680}, 0, {624, 752}, {255, 255, 255, 255} }},
	{{ {-1959, 5203, 6680}, 0, {368, 752}, {255, 255, 255, 255} }},
	{{ {-1655, 5433, 6680}, 0, {624, 496}, {255, 255, 255, 255} }},
	{{ {-1655, 5203, 6680}, 0, {368, 496}, {255, 255, 255, 255} }},
	{{ {-1655, 5433, 6855}, 0, {624, 240}, {255, 255, 255, 255} }},
	{{ {-1959, 5433, 6855}, 0, {880, 240}, {255, 255, 255, 255} }},
	{{ {-1959, 5433, 6680}, 0, {880, 496}, {255, 255, 255, 255} }},
	{{ {-1655, 5203, 6855}, 0, {368, 240}, {255, 255, 255, 255} }},
	{{ {-1959, 5433, 6855}, 0, {624, -16}, {255, 255, 255, 255} }},
	{{ {-1959, 5203, 6855}, 0, {368, -16}, {255, 255, 255, 255} }},
	{{ {-1959, 5203, 6680}, 0, {112, 496}, {255, 255, 255, 255} }},
	{{ {-1959, 5203, 6855}, 0, {112, 240}, {255, 255, 255, 255} }},
	{{ {-3334, 3535, 9097}, 0, {368, 1008}, {255, 255, 255, 255} }},
	{{ {-3334, 3692, 9097}, 0, {624, 1008}, {255, 255, 255, 255} }},
	{{ {-3334, 3692, 8285}, 0, {624, 752}, {255, 255, 255, 255} }},
	{{ {-3334, 3535, 8285}, 0, {368, 752}, {255, 255, 255, 255} }},
	{{ {-3095, 3692, 8285}, 0, {624, 496}, {255, 255, 255, 255} }},
	{{ {-3095, 3535, 8285}, 0, {368, 496}, {255, 255, 255, 255} }},
	{{ {-3095, 3692, 9097}, 0, {624, 240}, {255, 255, 255, 255} }},
	{{ {-3095, 3535, 9097}, 0, {368, 240}, {255, 255, 255, 255} }},
	{{ {-3334, 3692, 9097}, 0, {624, -16}, {255, 255, 255, 255} }},
	{{ {-3334, 3535, 9097}, 0, {368, -16}, {255, 255, 255, 255} }},
	{{ {-3334, 3535, 8285}, 0, {112, 496}, {255, 255, 255, 255} }},
	{{ {-3334, 3535, 9097}, 0, {112, 240}, {255, 255, 255, 255} }},
	{{ {-4158, 2474, 9120}, 0, {368, 1008}, {255, 255, 255, 255} }},
	{{ {-4158, 2674, 9120}, 0, {624, 1008}, {255, 255, 255, 255} }},
	{{ {-4158, 2674, 8775}, 0, {624, 752}, {255, 255, 255, 255} }},
	{{ {-4158, 2474, 8775}, 0, {368, 752}, {255, 255, 255, 255} }},
	{{ {-3958, 2674, 8775}, 0, {624, 496}, {255, 255, 255, 255} }},
	{{ {-3958, 2474, 8775}, 0, {368, 496}, {255, 255, 255, 255} }},
	{{ {-3958, 2474, 8775}, 0, {368, 496}, {255, 255, 255, 255} }},
	{{ {-3958, 2674, 8775}, 0, {624, 496}, {255, 255, 255, 255} }},
	{{ {-3958, 2674, 9120}, 0, {624, 240}, {255, 255, 255, 255} }},
	{{ {-3958, 2474, 9120}, 0, {368, 240}, {255, 255, 255, 255} }},
	{{ {-4158, 2674, 9120}, 0, {624, -16}, {255, 255, 255, 255} }},
	{{ {-4158, 2474, 9120}, 0, {368, -16}, {255, 255, 255, 255} }},
	{{ {-4158, 2474, 8775}, 0, {112, 496}, {255, 255, 255, 255} }},
	{{ {-4158, 2474, 9120}, 0, {112, 240}, {255, 255, 255, 255} }},
	{{ {-3334, 3692, 9097}, 0, {256, -399}, {255, 255, 255, 255} }},
	{{ {-3095, 3692, 9097}, 0, {73, -399}, {255, 255, 255, 255} }},
	{{ {-3095, 3692, 8285}, 0, {73, 1551}, {255, 255, 255, 255} }},
	{{ {-3334, 3692, 8285}, 0, {256, 1551}, {255, 255, 255, 255} }},
	{{ {-4158, 2674, 9120}, 0, {73, -559}, {255, 255, 255, 255} }},
	{{ {-3958, 2674, 9120}, 0, {-110, -559}, {255, 255, 255, 255} }},
	{{ {-3958, 2674, 8775}, 0, {-110, 1551}, {255, 255, 255, 255} }},
	{{ {-4158, 2674, 8775}, 0, {73, 1551}, {255, 255, 255, 255} }},
	{{ {2894, 135, -2061}, 0, {-21, -234}, {18, 13, 7, 255} }},
	{{ {2889, 135, -4657}, 0, {-21, 1226}, {98, 79, 58, 255} }},
	{{ {2953, 135, -4657}, 0, {15, 1226}, {98, 79, 58, 255} }},
	{{ {2958, 135, -2061}, 0, {15, -234}, {85, 69, 50, 255} }},
};

Gfx lll_dl_Cube_006_mesh_layer_1_tri_5[] = {
	gsSPVertex(lll_dl_Cube_006_mesh_layer_1_vtx_5 + 0, 32, 0),
	gsSP2Triangles(0, 1, 2, 0, 0, 2, 3, 0),
	gsSP2Triangles(3, 2, 4, 0, 3, 4, 5, 0),
	gsSP2Triangles(5, 4, 6, 0, 4, 7, 6, 0),
	gsSP2Triangles(4, 8, 7, 0, 5, 6, 9, 0),
	gsSP2Triangles(9, 6, 10, 0, 9, 10, 11, 0),
	gsSP2Triangles(12, 5, 9, 0, 12, 9, 13, 0),
	gsSP2Triangles(14, 15, 16, 0, 14, 16, 17, 0),
	gsSP2Triangles(17, 16, 18, 0, 17, 18, 19, 0),
	gsSP2Triangles(19, 18, 20, 0, 19, 20, 21, 0),
	gsSP2Triangles(21, 20, 22, 0, 21, 22, 23, 0),
	gsSP2Triangles(24, 19, 21, 0, 24, 21, 25, 0),
	gsSP2Triangles(26, 27, 28, 0, 26, 28, 29, 0),
	gsSP2Triangles(29, 28, 30, 0, 29, 30, 31, 0),
	gsSPVertex(lll_dl_Cube_006_mesh_layer_1_vtx_5 + 32, 20, 0),
	gsSP2Triangles(0, 1, 2, 0, 0, 2, 3, 0),
	gsSP2Triangles(3, 2, 4, 0, 3, 4, 5, 0),
	gsSP2Triangles(6, 0, 3, 0, 6, 3, 7, 0),
	gsSP2Triangles(8, 9, 10, 0, 8, 10, 11, 0),
	gsSP2Triangles(12, 13, 14, 0, 12, 14, 15, 0),
	gsSP2Triangles(16, 17, 18, 0, 16, 18, 19, 0),
	gsSPEndDisplayList(),
};

Vtx lll_dl_Cube_006_mesh_layer_1_vtx_6[10] = {
	{{ {-4934, -1272, 1510}, 0, {-2227, 1020}, {0, 127, 0, 255} }},
	{{ {-6723, -1272, 2176}, 0, {-37, -7}, {0, 127, 0, 255} }},
	{{ {-4934, -1272, 2177}, 0, {-2247, -7}, {0, 127, 0, 255} }},
	{{ {-6723, -1272, 1510}, 0, {-17, 1020}, {0, 127, 0, 255} }},
	{{ {-9384, -1272, 2177}, 0, {3250, -7}, {0, 127, 0, 255} }},
	{{ {-9384, -1272, 1511}, 0, {3270, 1019}, {0, 127, 0, 255} }},
	{{ {3389, -1268, 1513}, 0, {5933, 4}, {0, 127, 0, 255} }},
	{{ {-1296, -1268, 1514}, 0, {-630, 5}, {0, 127, 0, 255} }},
	{{ {-1296, -1268, 2187}, 0, {-630, 988}, {0, 127, 0, 255} }},
	{{ {3389, -1268, 2187}, 0, {5933, 988}, {0, 127, 0, 255} }},
};

Gfx lll_dl_Cube_006_mesh_layer_1_tri_6[] = {
	gsSPVertex(lll_dl_Cube_006_mesh_layer_1_vtx_6 + 0, 10, 0),
	gsSP2Triangles(0, 1, 2, 0, 0, 3, 1, 0),
	gsSP2Triangles(3, 4, 1, 0, 3, 5, 4, 0),
	gsSP2Triangles(6, 7, 8, 0, 6, 8, 9, 0),
	gsSPEndDisplayList(),
};

Vtx lll_dl_Cube_006_mesh_layer_5_vtx_cull[8] = {
	{{ {-9388, -3489, 9197}, 0, {0, 0}, {0, 0, 0, 0} }},
	{{ {-9388, 5724, 9197}, 0, {0, 0}, {0, 0, 0, 0} }},
	{{ {-9388, 5724, -9503}, 0, {0, 0}, {0, 0, 0, 0} }},
	{{ {-9388, -3489, -9503}, 0, {0, 0}, {0, 0, 0, 0} }},
	{{ {3947, -3489, 9197}, 0, {0, 0}, {0, 0, 0, 0} }},
	{{ {3947, 5724, 9197}, 0, {0, 0}, {0, 0, 0, 0} }},
	{{ {3947, 5724, -9503}, 0, {0, 0}, {0, 0, 0, 0} }},
	{{ {3947, -3489, -9503}, 0, {0, 0}, {0, 0, 0, 0} }},
};

Vtx lll_dl_Cube_006_mesh_layer_5_vtx_0[8] = {
	{{ {-6771, -1714, -2506}, 0, {-780, -1501}, {179, 95, 105, 61} }},
	{{ {-9336, -1714, -2506}, 0, {1288, -1501}, {156, 91, 99, 61} }},
	{{ {-9384, -2056, -2458}, 0, {1327, -1540}, {112, 72, 79, 193} }},
	{{ {-6723, -2056, -2458}, 0, {-819, -1540}, {112, 72, 79, 138} }},
	{{ {-9336, -1714, -7458}, 0, {1288, 2493}, {128, 47, 45, 61} }},
	{{ {-6771, -1714, -7458}, 0, {-780, 2493}, {127, 48, 46, 61} }},
	{{ {-6723, -2056, -7506}, 0, {-819, 2532}, {164, 69, 49, 69} }},
	{{ {-9384, -2056, -7506}, 0, {1327, 2532}, {129, 47, 45, 120} }},
};

Gfx lll_dl_Cube_006_mesh_layer_5_tri_0[] = {
	gsSPVertex(lll_dl_Cube_006_mesh_layer_5_vtx_0 + 0, 8, 0),
	gsSP2Triangles(0, 1, 2, 0, 0, 2, 3, 0),
	gsSP2Triangles(4, 5, 6, 0, 4, 6, 7, 0),
	gsSPEndDisplayList(),
};

Vtx lll_dl_Cube_006_mesh_layer_5_vtx_1[8] = {
	{{ {-7895, 2400, -6550}, 0, {-387, 4108}, {255, 255, 255, 255} }},
	{{ {-8334, 2400, -6550}, 0, {478, 4108}, {255, 255, 255, 255} }},
	{{ {-8334, 2400, -2675}, 0, {478, -3116}, {255, 255, 255, 255} }},
	{{ {-7895, 2400, -2675}, 0, {-387, -3116}, {255, 255, 255, 255} }},
	{{ {-8106, -1343, -6197}, 0, {-198, 806}, {255, 255, 255, 255} }},
	{{ {-8106, -1343, -5981}, 0, {-198, -70}, {255, 255, 255, 255} }},
	{{ {-7890, -1343, -5981}, 0, {678, -70}, {255, 255, 255, 255} }},
	{{ {-7890, -1343, -6197}, 0, {678, 806}, {255, 255, 255, 255} }},
};

Gfx lll_dl_Cube_006_mesh_layer_5_tri_1[] = {
	gsSPVertex(lll_dl_Cube_006_mesh_layer_5_vtx_1 + 0, 8, 0),
	gsSP2Triangles(0, 1, 2, 0, 0, 2, 3, 0),
	gsSP2Triangles(4, 5, 6, 0, 4, 6, 7, 0),
	gsSPEndDisplayList(),
};

Vtx lll_dl_Cube_006_mesh_layer_5_vtx_2[64] = {
	{{ {-8414, 2386, -6536}, 0, {-1036, -10120}, {255, 255, 255, 255} }},
	{{ {-8414, 4005, -6536}, 0, {-1036, 6472}, {255, 255, 255, 255} }},
	{{ {-8337, 4005, -6613}, 0, {-15, 6472}, {255, 255, 255, 255} }},
	{{ {-8337, 2386, -6613}, 0, {-15, -10120}, {255, 255, 255, 255} }},
	{{ {-8408, 2388, -6525}, 0, {1010, -10120}, {255, 255, 255, 255} }},
	{{ {-8331, 2388, -6601}, 0, {-12, -10120}, {255, 255, 255, 255} }},
	{{ {-8331, 4007, -6601}, 0, {-12, 6472}, {255, 255, 255, 255} }},
	{{ {-8408, 4007, -6525}, 0, {1010, 6472}, {255, 255, 255, 255} }},
	{{ {-8339, 2388, -6525}, 0, {1013, -10120}, {255, 255, 255, 255} }},
	{{ {-8339, 4007, -6525}, 0, {1013, 6472}, {255, 255, 255, 255} }},
	{{ {-8415, 4007, -6601}, 0, {2034, 6472}, {255, 255, 255, 255} }},
	{{ {-8415, 2388, -6601}, 0, {2034, -10120}, {255, 255, 255, 255} }},
	{{ {-8331, 2388, -6532}, 0, {3059, -10120}, {255, 255, 255, 255} }},
	{{ {-8408, 2388, -6608}, 0, {2037, -10120}, {255, 255, 255, 255} }},
	{{ {-8408, 4007, -6608}, 0, {2037, 6472}, {255, 255, 255, 255} }},
	{{ {-8331, 4007, -6532}, 0, {3059, 6472}, {255, 255, 255, 255} }},
	{{ {-8414, 2393, -2614}, 0, {-1036, -10120}, {255, 255, 255, 255} }},
	{{ {-8414, 4005, -2614}, 0, {-1036, 6472}, {255, 255, 255, 255} }},
	{{ {-8337, 4005, -2690}, 0, {-15, 6472}, {255, 255, 255, 255} }},
	{{ {-8337, 2386, -2690}, 0, {-15, -10120}, {255, 255, 255, 255} }},
	{{ {-8408, 2403, -2602}, 0, {1010, -10120}, {255, 255, 255, 255} }},
	{{ {-8331, 2388, -2678}, 0, {-12, -10120}, {255, 255, 255, 255} }},
	{{ {-8331, 4007, -2678}, 0, {-12, 6472}, {255, 255, 255, 255} }},
	{{ {-8408, 4007, -2602}, 0, {1010, 6472}, {255, 255, 255, 255} }},
	{{ {-8339, 2388, -2602}, 0, {1013, -10120}, {255, 255, 255, 255} }},
	{{ {-8339, 4007, -2602}, 0, {1013, 6472}, {255, 255, 255, 255} }},
	{{ {-8415, 4007, -2678}, 0, {2034, 6472}, {255, 255, 255, 255} }},
	{{ {-8415, 2388, -2678}, 0, {2034, -10120}, {255, 255, 255, 255} }},
	{{ {-8331, 2388, -2610}, 0, {3059, -10120}, {255, 255, 255, 255} }},
	{{ {-8408, 2388, -2686}, 0, {2037, -10120}, {255, 255, 255, 255} }},
	{{ {-8408, 4007, -2686}, 0, {2037, 6472}, {255, 255, 255, 255} }},
	{{ {-8331, 4007, -2610}, 0, {3059, 6472}, {255, 255, 255, 255} }},
	{{ {-7886, 2386, -6536}, 0, {-1036, -10120}, {255, 255, 255, 255} }},
	{{ {-7886, 4005, -6536}, 0, {-1036, 6472}, {255, 255, 255, 255} }},
	{{ {-7810, 4005, -6613}, 0, {-15, 6472}, {255, 255, 255, 255} }},
	{{ {-7810, 2386, -6613}, 0, {-15, -10120}, {255, 255, 255, 255} }},
	{{ {-7880, 2388, -6525}, 0, {1010, -10120}, {255, 255, 255, 255} }},
	{{ {-7804, 2388, -6601}, 0, {-12, -10120}, {255, 255, 255, 255} }},
	{{ {-7804, 4007, -6601}, 0, {-12, 6472}, {255, 255, 255, 255} }},
	{{ {-7880, 4007, -6525}, 0, {1010, 6472}, {255, 255, 255, 255} }},
	{{ {-7811, 2388, -6525}, 0, {1013, -10120}, {255, 255, 255, 255} }},
	{{ {-7811, 4007, -6525}, 0, {1013, 6472}, {255, 255, 255, 255} }},
	{{ {-7888, 4007, -6601}, 0, {2034, 6472}, {255, 255, 255, 255} }},
	{{ {-7888, 2388, -6601}, 0, {2034, -10120}, {255, 255, 255, 255} }},
	{{ {-7804, 2388, -6532}, 0, {3059, -10120}, {255, 255, 255, 255} }},
	{{ {-7880, 2388, -6608}, 0, {2037, -10120}, {255, 255, 255, 255} }},
	{{ {-7880, 4007, -6608}, 0, {2037, 6472}, {255, 255, 255, 255} }},
	{{ {-7804, 4007, -6532}, 0, {3059, 6472}, {255, 255, 255, 255} }},
	{{ {-7895, 2393, -2614}, 0, {-1036, -10120}, {255, 255, 255, 255} }},
	{{ {-7895, 4005, -2614}, 0, {-1036, 6472}, {255, 255, 255, 255} }},
	{{ {-7819, 4005, -2690}, 0, {-15, 6472}, {255, 255, 255, 255} }},
	{{ {-7819, 2386, -2690}, 0, {-15, -10120}, {255, 255, 255, 255} }},
	{{ {-7889, 2382, -2602}, 0, {1010, -10120}, {255, 255, 255, 255} }},
	{{ {-7813, 2388, -2678}, 0, {-12, -10120}, {255, 255, 255, 255} }},
	{{ {-7813, 4007, -2678}, 0, {-12, 6472}, {255, 255, 255, 255} }},
	{{ {-7889, 4007, -2602}, 0, {1010, 6472}, {255, 255, 255, 255} }},
	{{ {-7820, 2388, -2602}, 0, {1013, -10120}, {255, 255, 255, 255} }},
	{{ {-7820, 4007, -2602}, 0, {1013, 6472}, {255, 255, 255, 255} }},
	{{ {-7897, 4007, -2678}, 0, {2034, 6472}, {255, 255, 255, 255} }},
	{{ {-7897, 2388, -2678}, 0, {2034, -10120}, {255, 255, 255, 255} }},
	{{ {-7813, 2388, -2610}, 0, {3059, -10120}, {255, 255, 255, 255} }},
	{{ {-7889, 2388, -2686}, 0, {2037, -10120}, {255, 255, 255, 255} }},
	{{ {-7889, 4007, -2686}, 0, {2037, 6472}, {255, 255, 255, 255} }},
	{{ {-7813, 4007, -2610}, 0, {3059, 6472}, {255, 255, 255, 255} }},
};

Gfx lll_dl_Cube_006_mesh_layer_5_tri_2[] = {
	gsSPVertex(lll_dl_Cube_006_mesh_layer_5_vtx_2 + 0, 32, 0),
	gsSP2Triangles(0, 1, 2, 0, 0, 2, 3, 0),
	gsSP2Triangles(4, 5, 6, 0, 4, 6, 7, 0),
	gsSP2Triangles(8, 9, 10, 0, 8, 10, 11, 0),
	gsSP2Triangles(12, 13, 14, 0, 12, 14, 15, 0),
	gsSP2Triangles(16, 17, 18, 0, 16, 18, 19, 0),
	gsSP2Triangles(20, 21, 22, 0, 20, 22, 23, 0),
	gsSP2Triangles(24, 25, 26, 0, 24, 26, 27, 0),
	gsSP2Triangles(28, 29, 30, 0, 28, 30, 31, 0),
	gsSPVertex(lll_dl_Cube_006_mesh_layer_5_vtx_2 + 32, 32, 0),
	gsSP2Triangles(0, 1, 2, 0, 0, 2, 3, 0),
	gsSP2Triangles(4, 5, 6, 0, 4, 6, 7, 0),
	gsSP2Triangles(8, 9, 10, 0, 8, 10, 11, 0),
	gsSP2Triangles(12, 13, 14, 0, 12, 14, 15, 0),
	gsSP2Triangles(16, 17, 18, 0, 16, 18, 19, 0),
	gsSP2Triangles(20, 21, 22, 0, 20, 22, 23, 0),
	gsSP2Triangles(24, 25, 26, 0, 24, 26, 27, 0),
	gsSP2Triangles(28, 29, 30, 0, 28, 30, 31, 0),
	gsSPEndDisplayList(),
};

Vtx lll_dl_Cube_006_mesh_layer_5_vtx_3[21] = {
	{{ {-1643, -2192, 5389}, 0, {658, 1392}, {0, 0, 0, 255} }},
	{{ {-6775, -2192, 5389}, 0, {658, 202}, {0, 0, 0, 255} }},
	{{ {-6775, -2192, 9089}, 0, {-200, 202}, {3, 1, 1, 255} }},
	{{ {-1643, -2192, 9089}, 0, {-200, 1392}, {8, 5, 2, 255} }},
	{{ {-7333, -2192, 5389}, 0, {658, 72}, {0, 0, 0, 255} }},
	{{ {-9368, -2192, 5389}, 0, {658, -400}, {0, 0, 0, 255} }},
	{{ {-9368, -2192, 9089}, 0, {-200, -400}, {1, 1, 0, 255} }},
	{{ {-7333, -2192, 9089}, 0, {-200, 72}, {0, 0, 0, 255} }},
	{{ {-6775, -2192, 5389}, 0, {658, 202}, {0, 0, 0, 255} }},
	{{ {-1643, -1791, 5389}, 0, {-16, 1008}, {135, 101, 72, 111} }},
	{{ {-9368, -1791, 5389}, 0, {-16, 1008}, {130, 88, 39, 114} }},
	{{ {-9368, -1791, 9089}, 0, {-16, 1008}, {135, 101, 72, 110} }},
	{{ {-1643, -1791, 9089}, 0, {-16, 1008}, {135, 101, 72, 110} }},
	{{ {-9368, -1648, 5389}, 0, {-16, 1008}, {130, 88, 39, 149} }},
	{{ {-9368, -1648, 9089}, 0, {-16, 1008}, {135, 101, 72, 149} }},
	{{ {-1643, -1648, 9089}, 0, {-16, 1008}, {135, 101, 72, 149} }},
	{{ {-1643, -1648, 5389}, 0, {-16, 1008}, {135, 101, 72, 149} }},
	{{ {-1643, -1503, 5389}, 0, {-16, 1008}, {135, 101, 72, 12} }},
	{{ {-9368, -1503, 5389}, 0, {-16, 1008}, {130, 88, 39, 12} }},
	{{ {-9368, -1503, 9089}, 0, {-16, 1008}, {135, 101, 72, 51} }},
	{{ {-1643, -1503, 9089}, 0, {-16, 1008}, {135, 101, 72, 12} }},
};

Gfx lll_dl_Cube_006_mesh_layer_5_tri_3[] = {
	gsSPVertex(lll_dl_Cube_006_mesh_layer_5_vtx_3 + 0, 21, 0),
	gsSP2Triangles(0, 1, 2, 0, 0, 2, 3, 0),
	gsSP2Triangles(4, 5, 6, 0, 4, 6, 7, 0),
	gsSP2Triangles(8, 4, 7, 0, 8, 7, 2, 0),
	gsSP2Triangles(9, 10, 11, 0, 9, 11, 12, 0),
	gsSP2Triangles(13, 14, 15, 0, 13, 15, 16, 0),
	gsSP2Triangles(17, 18, 19, 0, 17, 19, 20, 0),
	gsSPEndDisplayList(),
};

Vtx lll_dl_Cube_006_mesh_layer_5_vtx_4[17] = {
	{{ {2872, 135, -4657}, 0, {-3136, 597}, {129, 0, 0, 255} }},
	{{ {2872, -1502, -4657}, 0, {-3136, 5109}, {129, 0, 0, 255} }},
	{{ {2872, -1502, -2931}, 0, {1692, 5109}, {129, 0, 0, 255} }},
	{{ {2872, -1372, -2931}, 0, {1692, 4648}, {129, 0, 0, 255} }},
	{{ {2872, -1372, -2698}, 0, {2343, 4651}, {129, 0, 0, 255} }},
	{{ {2871, -1502, -2061}, 0, {4128, 5109}, {129, 0, 0, 255} }},
	{{ {2872, -1502, -2698}, 0, {2343, 5109}, {129, 0, 0, 255} }},
	{{ {2871, 135, -2061}, 0, {4128, 597}, {129, 0, 0, 255} }},
	{{ {2894, 135, -2061}, 0, {4128, 595}, {127, 0, 0, 255} }},
	{{ {2894, -1502, -2061}, 0, {4128, -3917}, {127, 0, 0, 255} }},
	{{ {2893, -1502, -2696}, 0, {2402, -3917}, {127, 0, 0, 255} }},
	{{ {2893, -1376, -2696}, 0, {2402, -3634}, {127, 0, 0, 255} }},
	{{ {2893, -1502, -2696}, 0, {2402, -3917}, {127, 0, 0, 255} }},
	{{ {2892, -1374, -2928}, 0, {1755, -3631}, {127, 0, 0, 255} }},
	{{ {2889, 135, -4657}, 0, {-3136, 595}, {127, 0, 0, 255} }},
	{{ {2889, -1502, -4657}, 0, {-3136, -3917}, {127, 0, 0, 255} }},
	{{ {2892, -1502, -2927}, 0, {1756, -3917}, {127, 0, 0, 255} }},
};

Gfx lll_dl_Cube_006_mesh_layer_5_tri_4[] = {
	gsSPVertex(lll_dl_Cube_006_mesh_layer_5_vtx_4 + 0, 17, 0),
	gsSP2Triangles(0, 1, 2, 0, 0, 2, 3, 0),
	gsSP2Triangles(0, 3, 4, 0, 4, 5, 0, 0),
	gsSP2Triangles(4, 6, 5, 0, 5, 7, 0, 0),
	gsSP2Triangles(8, 9, 10, 0, 8, 10, 11, 0),
	gsSP2Triangles(10, 12, 11, 0, 8, 11, 13, 0),
	gsSP2Triangles(13, 14, 8, 0, 13, 15, 14, 0),
	gsSP1Triangle(13, 16, 15, 0),
	gsSPEndDisplayList(),
};

Vtx lll_dl_Cylinder_mesh_layer_1_vtx_cull[8] = {
	{{ {-1146, -5108, 58}, 0, {0, 0}, {0, 0, 0, 0} }},
	{{ {-1146, 675, 58}, 0, {0, 0}, {0, 0, 0, 0} }},
	{{ {-1146, 675, -82}, 0, {0, 0}, {0, 0, 0, 0} }},
	{{ {-1146, -5108, -82}, 0, {0, 0}, {0, 0, 0, 0} }},
	{{ {213, -5108, 58}, 0, {0, 0}, {0, 0, 0, 0} }},
	{{ {213, 675, 58}, 0, {0, 0}, {0, 0, 0, 0} }},
	{{ {213, 675, -82}, 0, {0, 0}, {0, 0, 0, 0} }},
	{{ {213, -5108, -82}, 0, {0, 0}, {0, 0, 0, 0} }},
};

Vtx lll_dl_Cylinder_mesh_layer_1_vtx_0[48] = {
	{{ {-267, -5104, -64}, 0, {496, 3770}, {206, 140, 62, 255} }},
	{{ {213, 666, -34}, 0, {561, -2778}, {206, 140, 62, 255} }},
	{{ {-214, -5108, -34}, 0, {561, 3770}, {208, 151, 117, 255} }},
	{{ {161, 670, -64}, 0, {496, -2778}, {206, 140, 62, 255} }},
	{{ {-23, -1733, -30}, 0, {431, -361}, {148, 145, 29, 255} }},
	{{ {-102, -2723, -30}, 0, {431, 854}, {148, 145, 29, 255} }},
	{{ {-116, -2900, -30}, 0, {431, 1072}, {148, 144, 30, 255} }},
	{{ {-319, -5100, -34}, 0, {431, 3770}, {206, 143, 89, 255} }},
	{{ {-9, -1555, -30}, 0, {431, -578}, {148, 145, 29, 255} }},
	{{ {108, 675, -34}, 0, {431, -2778}, {206, 140, 62, 255} }},
	{{ {-214, -5108, -34}, 0, {533, 3770}, {208, 151, 117, 255} }},
	{{ {213, 666, -34}, 0, {533, -2778}, {206, 140, 62, 255} }},
	{{ {213, 666, 27}, 0, {459, -2778}, {206, 140, 62, 255} }},
	{{ {-214, -5108, 27}, 0, {459, 3770}, {209, 156, 128, 255} }},
	{{ {-214, -5108, 27}, 0, {561, 3770}, {209, 156, 128, 255} }},
	{{ {213, 666, 27}, 0, {561, -2778}, {206, 140, 62, 255} }},
	{{ {161, 670, 58}, 0, {496, -2778}, {206, 140, 62, 255} }},
	{{ {-267, -5104, 57}, 0, {496, 3770}, {206, 140, 70, 255} }},
	{{ {-102, -2720, 30}, 0, {431, 851}, {153, 144, 34, 255} }},
	{{ {-9, -1557, 30}, 0, {431, -577}, {148, 144, 30, 255} }},
	{{ {108, 675, 27}, 0, {431, -2778}, {206, 140, 63, 255} }},
	{{ {-23, -1733, 30}, 0, {431, -360}, {148, 145, 29, 255} }},
	{{ {-116, -2895, 30}, 0, {431, 1065}, {148, 144, 30, 255} }},
	{{ {-319, -5100, 27}, 0, {431, 3770}, {206, 140, 69, 255} }},
	{{ {213, 666, 27}, 0, {561, 533}, {206, 140, 62, 255} }},
	{{ {213, 666, -34}, 0, {561, 459}, {206, 140, 62, 255} }},
	{{ {161, 670, -64}, 0, {496, 421}, {206, 140, 62, 255} }},
	{{ {108, 675, 27}, 0, {431, 533}, {206, 140, 63, 255} }},
	{{ {108, 675, -34}, 0, {431, 459}, {206, 140, 62, 255} }},
	{{ {161, 670, 58}, 0, {496, 571}, {206, 140, 62, 255} }},
	{{ {-319, -5100, 27}, 0, {459, 3770}, {206, 140, 69, 255} }},
	{{ {-116, -2895, 30}, 0, {459, 1065}, {148, 144, 30, 255} }},
	{{ {-116, -2900, -30}, 0, {533, 1072}, {148, 144, 30, 255} }},
	{{ {-319, -5100, -34}, 0, {533, 3770}, {206, 143, 89, 255} }},
	{{ {-319, -5100, -34}, 0, {431, 459}, {206, 143, 89, 255} }},
	{{ {-267, -5104, -64}, 0, {496, 421}, {206, 140, 62, 255} }},
	{{ {-214, -5108, -34}, 0, {561, 459}, {208, 151, 117, 255} }},
	{{ {-267, -5104, 57}, 0, {496, 571}, {206, 140, 70, 255} }},
	{{ {-214, -5108, 27}, 0, {561, 533}, {209, 156, 128, 255} }},
	{{ {-319, -5100, 27}, 0, {431, 533}, {206, 140, 69, 255} }},
	{{ {-9, -1555, -30}, 0, {533, -578}, {148, 145, 29, 255} }},
	{{ {-9, -1557, 30}, 0, {459, -577}, {148, 144, 30, 255} }},
	{{ {108, 675, 27}, 0, {459, -2778}, {206, 140, 63, 255} }},
	{{ {108, 675, -34}, 0, {533, -2778}, {206, 140, 62, 255} }},
	{{ {-102, -2723, -30}, 0, {533, 854}, {148, 145, 29, 255} }},
	{{ {-102, -2720, 30}, 0, {459, 851}, {153, 144, 34, 255} }},
	{{ {-23, -1733, 30}, 0, {459, -360}, {148, 145, 29, 255} }},
	{{ {-23, -1733, -30}, 0, {533, -361}, {148, 145, 29, 255} }},
};

Gfx lll_dl_Cylinder_mesh_layer_1_tri_0[] = {
	gsSPVertex(lll_dl_Cylinder_mesh_layer_1_vtx_0 + 0, 30, 0),
	gsSP2Triangles(0, 1, 2, 0, 0, 3, 1, 0),
	gsSP2Triangles(4, 3, 0, 0, 0, 5, 4, 0),
	gsSP2Triangles(0, 6, 5, 0, 0, 7, 6, 0),
	gsSP2Triangles(4, 8, 3, 0, 8, 9, 3, 0),
	gsSP2Triangles(10, 11, 12, 0, 10, 12, 13, 0),
	gsSP2Triangles(14, 15, 16, 0, 14, 16, 17, 0),
	gsSP2Triangles(17, 16, 18, 0, 16, 19, 18, 0),
	gsSP2Triangles(16, 20, 19, 0, 19, 21, 18, 0),
	gsSP2Triangles(22, 23, 17, 0, 18, 22, 17, 0),
	gsSP2Triangles(24, 25, 26, 0, 26, 27, 24, 0),
	gsSP2Triangles(26, 28, 27, 0, 27, 29, 24, 0),
	gsSPVertex(lll_dl_Cylinder_mesh_layer_1_vtx_0 + 30, 18, 0),
	gsSP2Triangles(0, 1, 2, 0, 0, 2, 3, 0),
	gsSP2Triangles(4, 5, 6, 0, 6, 7, 4, 0),
	gsSP2Triangles(6, 8, 7, 0, 7, 9, 4, 0),
	gsSP2Triangles(10, 11, 12, 0, 10, 12, 13, 0),
	gsSP2Triangles(14, 15, 16, 0, 14, 16, 17, 0),
	gsSPEndDisplayList(),
};

Vtx lll_dl_Cylinder_mesh_layer_1_vtx_1[40] = {
	{{ {-23, -1733, 30}, 0, {1042, -1489}, {148, 145, 29, 255} }},
	{{ {-9, -1557, 30}, 0, {1042, -1959}, {148, 144, 30, 255} }},
	{{ {-1123, -952, 18}, 0, {-377, -1959}, {59, 27, 21, 255} }},
	{{ {-1146, -1241, 18}, 0, {-377, -1489}, {67, 37, 25, 255} }},
	{{ {-1146, -1240, -82}, 0, {750, -1490}, {119, 80, 51, 255} }},
	{{ {-1146, -1241, 18}, 0, {588, -1489}, {67, 37, 25, 255} }},
	{{ {-1123, -952, 18}, 0, {588, -1959}, {59, 27, 21, 255} }},
	{{ {-1123, -949, -82}, 0, {750, -1962}, {59, 27, 21, 255} }},
	{{ {-102, -2720, 30}, 0, {1042, 161}, {153, 144, 34, 255} }},
	{{ {-102, -2723, -30}, 0, {1042, 0}, {148, 145, 29, 255} }},
	{{ {-1081, -2865, -58}, 0, {-377, 0}, {60, 28, 21, 255} }},
	{{ {-1081, -2860, 42}, 0, {-377, 161}, {59, 27, 21, 255} }},
	{{ {-1104, -3156, -58}, 0, {750, 1620}, {59, 27, 21, 255} }},
	{{ {-1104, -3146, 42}, 0, {588, 1604}, {59, 27, 21, 255} }},
	{{ {-1081, -2860, 42}, 0, {588, 1139}, {59, 27, 21, 255} }},
	{{ {-1081, -2865, -58}, 0, {750, 1148}, {60, 28, 21, 255} }},
	{{ {-9, -1557, 30}, 0, {1042, 161}, {148, 144, 30, 255} }},
	{{ {-9, -1555, -30}, 0, {1042, 0}, {148, 145, 29, 255} }},
	{{ {-1123, -949, -82}, 0, {-377, 0}, {59, 27, 21, 255} }},
	{{ {-1123, -952, 18}, 0, {-377, 161}, {59, 27, 21, 255} }},
	{{ {-116, -2900, -30}, 0, {1042, 0}, {148, 144, 30, 255} }},
	{{ {-116, -2895, 30}, 0, {1042, 161}, {148, 144, 30, 255} }},
	{{ {-1104, -3146, 42}, 0, {-377, 161}, {59, 27, 21, 255} }},
	{{ {-1104, -3156, -58}, 0, {-377, 0}, {59, 27, 21, 255} }},
	{{ {-102, -2723, -30}, 0, {1042, 1148}, {148, 145, 29, 255} }},
	{{ {-116, -2900, -30}, 0, {1042, 1620}, {148, 144, 30, 255} }},
	{{ {-1104, -3156, -58}, 0, {-377, 1620}, {59, 27, 21, 255} }},
	{{ {-1081, -2865, -58}, 0, {-377, 1148}, {60, 28, 21, 255} }},
	{{ {-23, -1733, -30}, 0, {1042, 0}, {148, 145, 29, 255} }},
	{{ {-23, -1733, 30}, 0, {1042, 161}, {148, 145, 29, 255} }},
	{{ {-1146, -1241, 18}, 0, {-377, 161}, {67, 37, 25, 255} }},
	{{ {-1146, -1240, -82}, 0, {-377, 0}, {119, 80, 51, 255} }},
	{{ {-9, -1555, -30}, 0, {1042, -1962}, {148, 145, 29, 255} }},
	{{ {-23, -1733, -30}, 0, {1042, -1490}, {148, 145, 29, 255} }},
	{{ {-1146, -1240, -82}, 0, {-377, -1490}, {119, 80, 51, 255} }},
	{{ {-1123, -949, -82}, 0, {-377, -1962}, {59, 27, 21, 255} }},
	{{ {-116, -2895, 30}, 0, {1042, 1604}, {148, 144, 30, 255} }},
	{{ {-102, -2720, 30}, 0, {1042, 1139}, {153, 144, 34, 255} }},
	{{ {-1081, -2860, 42}, 0, {-377, 1139}, {59, 27, 21, 255} }},
	{{ {-1104, -3146, 42}, 0, {-377, 1604}, {59, 27, 21, 255} }},
};

Gfx lll_dl_Cylinder_mesh_layer_1_tri_1[] = {
	gsSPVertex(lll_dl_Cylinder_mesh_layer_1_vtx_1 + 0, 32, 0),
	gsSP2Triangles(0, 1, 2, 0, 0, 2, 3, 0),
	gsSP2Triangles(4, 5, 6, 0, 4, 6, 7, 0),
	gsSP2Triangles(8, 9, 10, 0, 8, 10, 11, 0),
	gsSP2Triangles(12, 13, 14, 0, 12, 14, 15, 0),
	gsSP2Triangles(16, 17, 18, 0, 16, 18, 19, 0),
	gsSP2Triangles(20, 21, 22, 0, 20, 22, 23, 0),
	gsSP2Triangles(24, 25, 26, 0, 24, 26, 27, 0),
	gsSP2Triangles(28, 29, 30, 0, 28, 30, 31, 0),
	gsSPVertex(lll_dl_Cylinder_mesh_layer_1_vtx_1 + 32, 8, 0),
	gsSP2Triangles(0, 1, 2, 0, 0, 2, 3, 0),
	gsSP2Triangles(4, 5, 6, 0, 4, 6, 7, 0),
	gsSPEndDisplayList(),
};

Vtx lll_dl_fake_burning_mesh_layer_5_vtx_cull[8] = {
	{{ {-7115, -9183, -2788}, 0, {0, 0}, {0, 0, 0, 0} }},
	{{ {-7115, -9137, -2788}, 0, {0, 0}, {0, 0, 0, 0} }},
	{{ {-7115, -9137, -8910}, 0, {0, 0}, {0, 0, 0, 0} }},
	{{ {-7115, -9183, -8910}, 0, {0, 0}, {0, 0, 0, 0} }},
	{{ {528, -9183, -2788}, 0, {0, 0}, {0, 0, 0, 0} }},
	{{ {528, -9137, -2788}, 0, {0, 0}, {0, 0, 0, 0} }},
	{{ {528, -9137, -8910}, 0, {0, 0}, {0, 0, 0, 0} }},
	{{ {528, -9183, -8910}, 0, {0, 0}, {0, 0, 0, 0} }},
};

Vtx lll_dl_fake_burning_mesh_layer_5_vtx_0[4] = {
	{{ {-7115, -9137, -2788}, 0, {-2901, 3893}, {255, 255, 255, 46} }},
	{{ {528, -9137, -2788}, 0, {3893, 3893}, {255, 255, 255, 46} }},
	{{ {528, -9183, -8910}, 0, {3893, -2901}, {255, 255, 255, 47} }},
	{{ {-7115, -9183, -8910}, 0, {-2901, -2901}, {255, 255, 255, 46} }},
};

Gfx lll_dl_fake_burning_mesh_layer_5_tri_0[] = {
	gsSPVertex(lll_dl_fake_burning_mesh_layer_5_vtx_0 + 0, 4, 0),
	gsSP2Triangles(0, 1, 2, 0, 0, 2, 3, 0),
	gsSPEndDisplayList(),
};

Vtx lll_dl_lava_mesh_layer_5_vtx_cull[8] = {
	{{ {-7310, -5893, 1501}, 0, {0, 0}, {0, 0, 0, 0} }},
	{{ {-7310, -241, 1501}, 0, {0, 0}, {0, 0, 0, 0} }},
	{{ {-7310, -241, -17199}, 0, {0, 0}, {0, 0, 0, 0} }},
	{{ {-7310, -5893, -17199}, 0, {0, 0}, {0, 0, 0, 0} }},
	{{ {5259, -5893, 1501}, 0, {0, 0}, {0, 0, 0, 0} }},
	{{ {5259, -241, 1501}, 0, {0, 0}, {0, 0, 0, 0} }},
	{{ {5259, -241, -17199}, 0, {0, 0}, {0, 0, 0, 0} }},
	{{ {5259, -5893, -17199}, 0, {0, 0}, {0, 0, 0, 0} }},
};

Vtx lll_dl_lava_mesh_layer_5_vtx_0[4] = {
	{{ {-7310, -5893, -10202}, 0, {1288, -1501}, {156, 91, 99, 61} }},
	{{ {-4745, -5893, -10202}, 0, {-780, -1501}, {179, 95, 105, 61} }},
	{{ {-4745, -5893, -15154}, 0, {-780, 2493}, {127, 48, 46, 61} }},
	{{ {-7310, -5893, -15154}, 0, {1288, 2493}, {128, 47, 45, 61} }},
};

Gfx lll_dl_lava_mesh_layer_5_tri_0[] = {
	gsSPVertex(lll_dl_lava_mesh_layer_5_vtx_0 + 0, 4, 0),
	gsSP2Triangles(0, 1, 2, 0, 0, 2, 3, 0),
	gsSPEndDisplayList(),
};

Vtx lll_dl_Plane_001_mesh_layer_1_vtx_cull[8] = {
	{{ {-1693, -67, 1693}, 0, {0, 0}, {0, 0, 0, 0} }},
	{{ {-1693, 1194, 1693}, 0, {0, 0}, {0, 0, 0, 0} }},
	{{ {-1693, 1194, -1881}, 0, {0, 0}, {0, 0, 0, 0} }},
	{{ {-1693, -67, -1881}, 0, {0, 0}, {0, 0, 0, 0} }},
	{{ {1693, -67, 1693}, 0, {0, 0}, {0, 0, 0, 0} }},
	{{ {1693, 1194, 1693}, 0, {0, 0}, {0, 0, 0, 0} }},
	{{ {1693, 1194, -1881}, 0, {0, 0}, {0, 0, 0, 0} }},
	{{ {1693, -67, -1881}, 0, {0, 0}, {0, 0, 0, 0} }},
};

Vtx lll_dl_Plane_001_mesh_layer_1_vtx_0[180] = {
	{{ {1693, 0, -246}, 0, {3990, -69}, {87, 90, 89, 255} }},
	{{ {1693, 573, -1693}, 0, {4158, -3283}, {32, 32, 32, 255} }},
	{{ {1266, 557, -1693}, 0, {3274, -3317}, {32, 32, 32, 255} }},
	{{ {1054, 0, -246}, 0, {2665, -96}, {65, 66, 66, 255} }},
	{{ {37, 0, -1693}, 0, {511, -3128}, {101, 97, 110, 255} }},
	{{ {256, 0, -784}, 0, {984, -1218}, {101, 97, 110, 255} }},
	{{ {-203, 0, -931}, 0, {19, -1543}, {95, 96, 96, 255} }},
	{{ {-469, 0, -1693}, 0, {-527, -3135}, {101, 97, 110, 255} }},
	{{ {-444, 0, -1168}, 0, {-498, -2028}, {101, 97, 110, 255} }},
	{{ {-699, 0, -995}, 0, {-1054, -1667}, {101, 97, 110, 255} }},
	{{ {-1152, 0, -1693}, 0, {-1961, -3207}, {75, 75, 76, 255} }},
	{{ {-1114, 0, -1188}, 0, {-1967, -2106}, {74, 75, 75, 255} }},
	{{ {-1511, 417, -1250}, 0, {-3202, -2359}, {63, 64, 64, 255} }},
	{{ {-1443, 0, -514}, 0, {-2678, -628}, {74, 75, 75, 255} }},
	{{ {-1693, 0, -185}, 0, {-3157, 105}, {75, 75, 76, 255} }},
	{{ {-1317, 0, -272}, 0, {-2400, -138}, {64, 66, 96, 255} }},
	{{ {-1693, 0, -123}, 0, {-3144, 229}, {65, 66, 97, 255} }},
	{{ {-1693, -67, -123}, 0, {-3007, 309}, {55, 50, 102, 255} }},
	{{ {-1693, -67, 36}, 0, {-2985, 524}, {62, 58, 102, 255} }},
	{{ {-1693, 0, 36}, 0, {-3135, 646}, {88, 85, 104, 255} }},
	{{ {-1291, -67, -50}, 0, {-2317, 477}, {67, 63, 103, 255} }},
	{{ {-1291, 0, -50}, 0, {-2319, 628}, {80, 78, 100, 255} }},
	{{ {-788, 0, -11}, 0, {-1298, 705}, {64, 65, 96, 255} }},
	{{ {107, 0, 572}, 0, {455, 1832}, {64, 65, 96, 255} }},
	{{ {-641, 0, 662}, 0, {-1005, 2036}, {88, 85, 96, 255} }},
	{{ {-969, 0, 703}, 0, {-1680, 2141}, {88, 85, 96, 255} }},
	{{ {-1008, 0, 1021}, 0, {-1757, 2828}, {88, 85, 96, 255} }},
	{{ {-1693, 250, 1693}, 0, {-3202, 4309}, {66, 66, 68, 255} }},
	{{ {-665, 0, 1209}, 0, {-992, 3179}, {88, 85, 96, 255} }},
	{{ {-597, 0, 1693}, 0, {-740, 4182}, {101, 97, 110, 255} }},
	{{ {-443, 0, 866}, 0, {-578, 2449}, {88, 85, 96, 255} }},
	{{ {310, 0, 1693}, 0, {1214, 3833}, {67, 68, 96, 255} }},
	{{ {107, 0, 572}, 0, {455, 1832}, {64, 65, 96, 255} }},
	{{ {310, 0, 1693}, 0, {1214, 3833}, {67, 68, 96, 255} }},
	{{ {310, -67, 1693}, 0, {1288, 3704}, {51, 46, 101, 255} }},
	{{ {591, -67, 1693}, 0, {1690, 3637}, {62, 58, 102, 255} }},
	{{ {591, 0, 1693}, 0, {1818, 3764}, {78, 76, 99, 255} }},
	{{ {504, -67, 763}, 0, {1481, 2115}, {58, 54, 102, 255} }},
	{{ {504, 0, 763}, 0, {1624, 2070}, {64, 65, 96, 255} }},
	{{ {1140, 0, 1693}, 0, {2871, 3795}, {101, 97, 110, 255} }},
	{{ {1253, 0, 1322}, 0, {3110, 3087}, {101, 97, 110, 255} }},
	{{ {1397, 0, 1013}, 0, {3389, 2488}, {101, 97, 110, 255} }},
	{{ {1693, 300, 1693}, 0, {4083, 3881}, {101, 97, 110, 255} }},
	{{ {1693, 0, 773}, 0, {3966, 1998}, {101, 97, 110, 255} }},
	{{ {1693, 0, -246}, 0, {3990, -69}, {87, 90, 89, 255} }},
	{{ {1058, 0, 39}, 0, {2670, 501}, {95, 96, 96, 255} }},
	{{ {1054, 0, -246}, 0, {2665, -96}, {65, 66, 66, 255} }},
	{{ {969, 0, -216}, 0, {2487, -32}, {80, 81, 81, 255} }},
	{{ {256, 0, -784}, 0, {984, -1218}, {101, 97, 110, 255} }},
	{{ {619, 0, -464}, 0, {1754, -549}, {94, 95, 95, 255} }},
	{{ {218, -44, -717}, 0, {889, -1054}, {54, 55, 55, 255} }},
	{{ {-244, -44, -865}, 0, {-79, -1380}, {54, 55, 55, 255} }},
	{{ {-203, 0, -931}, 0, {19, -1543}, {95, 96, 96, 255} }},
	{{ {-453, -44, -1071}, 0, {-518, -1801}, {54, 55, 55, 255} }},
	{{ {-444, 0, -1168}, 0, {-498, -2028}, {101, 97, 110, 255} }},
	{{ {-617, -44, -959}, 0, {-853, -1576}, {54, 55, 55, 255} }},
	{{ {-699, 0, -995}, 0, {-1054, -1667}, {101, 97, 110, 255} }},
	{{ {-590, -44, -770}, 0, {-803, -1190}, {54, 55, 55, 255} }},
	{{ {-658, 0, -712}, 0, {-967, -1055}, {93, 94, 94, 255} }},
	{{ {-1443, 0, -514}, 0, {-2678, -628}, {74, 75, 75, 255} }},
	{{ {-1114, 0, -1188}, 0, {-1967, -2106}, {74, 75, 75, 255} }},
	{{ {-729, 0, -318}, 0, {-1133, -217}, {64, 66, 96, 255} }},
	{{ {-1317, 0, -272}, 0, {-2400, -138}, {64, 66, 96, 255} }},
	{{ {-1317, -67, -272}, 0, {-2367, 0}, {73, 69, 103, 255} }},
	{{ {-1317, 0, -272}, 0, {-2400, -138}, {64, 66, 96, 255} }},
	{{ {-1693, -67, -123}, 0, {-3007, 309}, {55, 50, 102, 255} }},
	{{ {-1317, -67, -272}, 0, {-2367, 0}, {73, 69, 103, 255} }},
	{{ {-729, 0, -318}, 0, {-1133, -217}, {64, 66, 96, 255} }},
	{{ {-729, -67, -318}, 0, {-1155, -75}, {57, 53, 102, 255} }},
	{{ {-167, 0, -129}, 0, {51, 221}, {61, 62, 97, 255} }},
	{{ {-167, -67, -129}, 0, {-21, 344}, {55, 50, 102, 255} }},
	{{ {221, 0, 202}, 0, {901, 909}, {59, 59, 98, 255} }},
	{{ {221, -67, 202}, 0, {791, 1003}, {51, 46, 101, 255} }},
	{{ {504, 0, 763}, 0, {1624, 2070}, {64, 65, 96, 255} }},
	{{ {504, -67, 763}, 0, {1481, 2115}, {58, 54, 102, 255} }},
	{{ {639, 0, 258}, 0, {1815, 983}, {93, 94, 94, 255} }},
	{{ {-658, 0, -712}, 0, {-967, -1055}, {93, 94, 94, 255} }},
	{{ {419, 0, -2}, 0, {1317, 466}, {95, 96, 96, 255} }},
	{{ {673, -44, 181}, 0, {1885, 798}, {54, 55, 55, 255} }},
	{{ {847, -44, 176}, 0, {2231, 769}, {54, 55, 55, 255} }},
	{{ {884, 0, 250}, 0, {2322, 941}, {87, 90, 89, 255} }},
	{{ {1058, 0, 39}, 0, {2670, 501}, {95, 96, 96, 255} }},
	{{ {1397, 0, 1013}, 0, {3389, 2488}, {101, 97, 110, 255} }},
	{{ {1253, 0, 1322}, 0, {3110, 3087}, {101, 97, 110, 255} }},
	{{ {972, -44, 24}, 0, {2474, 468}, {54, 55, 55, 255} }},
	{{ {142, -44, -471}, 0, {727, -533}, {54, 55, 55, 255} }},
	{{ {572, -44, -404}, 0, {1640, -404}, {54, 55, 55, 255} }},
	{{ {905, -44, -168}, 0, {2332, 84}, {54, 55, 55, 255} }},
	{{ {969, 0, -216}, 0, {2487, -32}, {80, 81, 81, 255} }},
	{{ {619, 0, -464}, 0, {1754, -549}, {94, 95, 95, 255} }},
	{{ {218, -44, -717}, 0, {889, -1054}, {54, 55, 55, 255} }},
	{{ {-244, -44, -865}, 0, {-79, -1380}, {54, 55, 55, 255} }},
	{{ {-305, -44, -681}, 0, {-216, -990}, {54, 55, 55, 255} }},
	{{ {-617, -44, -959}, 0, {-853, -1576}, {54, 55, 55, 255} }},
	{{ {-453, -44, -1071}, 0, {-518, -1801}, {54, 55, 55, 255} }},
	{{ {-590, -44, -770}, 0, {-803, -1190}, {54, 55, 55, 255} }},
	{{ {-305, -44, -681}, 0, {-216, -990}, {54, 55, 55, 255} }},
	{{ {-658, 0, -712}, 0, {-967, -1055}, {93, 94, 94, 255} }},
	{{ {-333, 0, -610}, 0, {-288, -817}, {101, 97, 110, 255} }},
	{{ {94, 0, -410}, 0, {610, -383}, {98, 96, 105, 255} }},
	{{ {419, 0, -2}, 0, {1317, 466}, {95, 96, 96, 255} }},
	{{ {478, -44, -50}, 0, {1457, 342}, {54, 55, 55, 255} }},
	{{ {673, -44, 181}, 0, {1885, 798}, {54, 55, 55, 255} }},
	{{ {142, -44, -471}, 0, {727, -533}, {54, 55, 55, 255} }},
	{{ {-729, 0, -318}, 0, {-1133, -217}, {64, 66, 96, 255} }},
	{{ {-167, 0, -129}, 0, {51, 221}, {61, 62, 97, 255} }},
	{{ {221, 0, 202}, 0, {901, 909}, {59, 59, 98, 255} }},
	{{ {-641, 0, 662}, 0, {-1005, 2036}, {88, 85, 96, 255} }},
	{{ {-443, 0, 866}, 0, {-578, 2449}, {88, 85, 96, 255} }},
	{{ {107, 0, 572}, 0, {455, 1832}, {64, 65, 96, 255} }},
	{{ {-675, 58, 761}, 0, {-1080, 2273}, {118, 113, 128, 255} }},
	{{ {-884, 58, 787}, 0, {-1483, 2329}, {118, 113, 128, 255} }},
	{{ {-969, 0, 703}, 0, {-1680, 2141}, {88, 85, 96, 255} }},
	{{ {-907, 58, 969}, 0, {-1509, 2688}, {119, 114, 129, 255} }},
	{{ {-1008, 0, 1021}, 0, {-1757, 2828}, {88, 85, 96, 255} }},
	{{ {-697, 58, 1085}, 0, {-1082, 2900}, {119, 114, 129, 255} }},
	{{ {-665, 0, 1209}, 0, {-992, 3179}, {88, 85, 96, 255} }},
	{{ {-562, 58, 877}, 0, {-849, 2483}, {118, 113, 128, 255} }},
	{{ {-1511, 417, -1250}, 0, {4677, 924}, {63, 64, 64, 255} }},
	{{ {-1693, 250, 1693}, 0, {-3116, 1366}, {66, 66, 68, 255} }},
	{{ {-1693, 0, 36}, 0, {1274, 2029}, {88, 85, 104, 255} }},
	{{ {-1693, 0, -123}, 0, {1693, 2029}, {65, 66, 97, 255} }},
	{{ {-1693, 0, -185}, 0, {1859, 2029}, {75, 75, 76, 255} }},
	{{ {-1511, 1024, -1304}, 0, {4677, -682}, {63, 64, 64, 255} }},
	{{ {-1693, 857, 1693}, 0, {-3116, -240}, {66, 66, 68, 255} }},
	{{ {1693, 300, 1693}, 0, {4272, 1234}, {101, 97, 110, 255} }},
	{{ {1140, 612, 1693}, 0, {2808, 409}, {101, 97, 110, 255} }},
	{{ {1693, 912, 1693}, 0, {4272, -387}, {101, 97, 110, 255} }},
	{{ {1693, 300, 1693}, 0, {4272, 1234}, {101, 97, 110, 255} }},
	{{ {1140, 0, 1693}, 0, {2808, 2029}, {101, 97, 110, 255} }},
	{{ {1140, 612, 1693}, 0, {2808, 409}, {101, 97, 110, 255} }},
	{{ {591, 612, 1693}, 0, {1352, 409}, {78, 76, 99, 255} }},
	{{ {591, 0, 1693}, 0, {1352, 2029}, {78, 76, 99, 255} }},
	{{ {310, 612, 1693}, 0, {608, 409}, {67, 68, 96, 255} }},
	{{ {310, 0, 1693}, 0, {608, 2029}, {67, 68, 96, 255} }},
	{{ {-597, 612, 1693}, 0, {-1792, 409}, {101, 97, 110, 255} }},
	{{ {-597, 0, 1693}, 0, {-1792, 2029}, {101, 97, 110, 255} }},
	{{ {-1693, 862, 1693}, 0, {-4696, -255}, {66, 66, 68, 255} }},
	{{ {-1693, 250, 1693}, 0, {-4696, 1366}, {66, 66, 68, 255} }},
	{{ {-1511, 417, -1250}, 0, {-4214, 924}, {63, 64, 64, 255} }},
	{{ {-1152, 0, -1693}, 0, {-3263, 2029}, {75, 75, 76, 255} }},
	{{ {-469, 0, -1693}, 0, {-1454, 2029}, {101, 97, 110, 255} }},
	{{ {1260, 634, -1687}, 0, {3125, 351}, {26, 26, 26, 255} }},
	{{ {37, 0, -1693}, 0, {-115, 2029}, {101, 97, 110, 255} }},
	{{ {1266, 557, -1693}, 0, {3140, 554}, {32, 32, 32, 255} }},
	{{ {1255, 584, -1827}, 0, {3140, 554}, {32, 32, 32, 255} }},
	{{ {1249, 661, -1821}, 0, {3125, 351}, {32, 32, 32, 255} }},
	{{ {1682, 600, -1881}, 0, {4272, 512}, {32, 32, 32, 255} }},
	{{ {1682, 932, -1852}, 0, {4272, -366}, {32, 32, 32, 255} }},
	{{ {1230, 911, -1797}, 0, {3074, -310}, {32, 32, 32, 255} }},
	{{ {1693, 904, -1719}, 0, {4272, -366}, {47, 48, 48, 255} }},
	{{ {1241, 883, -1663}, 0, {3074, -310}, {47, 48, 48, 255} }},
	{{ {1693, 1194, -1693}, 0, {4272, -1134}, {63, 64, 64, 255} }},
	{{ {-1511, 1024, -1304}, 0, {-4214, -682}, {63, 64, 64, 255} }},
	{{ {1693, 573, -1747}, 0, {5852, 512}, {32, 32, 32, 255} }},
	{{ {1693, 0, -246}, 0, {2020, 2029}, {87, 90, 89, 255} }},
	{{ {1693, 0, 773}, 0, {-678, 2029}, {101, 97, 110, 255} }},
	{{ {1693, 904, -1719}, 0, {5852, -366}, {47, 48, 48, 255} }},
	{{ {1693, 912, 1693}, 0, {-3116, -387}, {101, 97, 110, 255} }},
	{{ {1693, 300, 1693}, 0, {-3116, 1234}, {101, 97, 110, 255} }},
	{{ {1693, 912, 1693}, 0, {-3116, -387}, {101, 97, 110, 255} }},
	{{ {1693, 1194, -1693}, 0, {5852, -1134}, {63, 64, 64, 255} }},
	{{ {1693, 904, -1719}, 0, {5852, -366}, {47, 48, 48, 255} }},
	{{ {1266, 557, -1693}, 0, {-9, 954}, {32, 32, 32, 255} }},
	{{ {1693, 573, -1693}, 0, {105, 52}, {32, 32, 32, 255} }},
	{{ {1693, 573, -1747}, 0, {-9, 38}, {32, 32, 32, 255} }},
	{{ {1682, 600, -1881}, 0, {-9, 38}, {32, 32, 32, 255} }},
	{{ {1255, 584, -1827}, 0, {-9, 954}, {32, 32, 32, 255} }},
	{{ {1693, 573, -1747}, 0, {5852, 512}, {32, 32, 32, 255} }},
	{{ {1682, 932, -1852}, 0, {5852, -366}, {32, 32, 32, 255} }},
	{{ {1682, 600, -1881}, 0, {5852, 512}, {32, 32, 32, 255} }},
	{{ {-1291, 0, -50}, 0, {-2319, 628}, {80, 78, 100, 255} }},
	{{ {-788, 0, -11}, 0, {-1298, 705}, {64, 65, 96, 255} }},
	{{ {-788, -67, -11}, 0, {-1271, 568}, {56, 51, 102, 255} }},
	{{ {-187, -67, 159}, 0, {-64, 950}, {53, 49, 102, 255} }},
	{{ {-187, 0, 159}, 0, {-148, 1066}, {65, 66, 96, 255} }},
	{{ {107, 0, 572}, 0, {455, 1832}, {64, 65, 96, 255} }},
	{{ {107, -67, 572}, 0, {567, 1775}, {51, 46, 101, 255} }},
	{{ {310, -67, 1693}, 0, {1288, 3704}, {51, 46, 101, 255} }},
	{{ {-1291, -67, -50}, 0, {-2317, 477}, {67, 63, 103, 255} }},
};

Gfx lll_dl_Plane_001_mesh_layer_1_tri_0[] = {
	gsSPVertex(lll_dl_Plane_001_mesh_layer_1_vtx_0 + 0, 32, 0),
	gsSP2Triangles(0, 1, 2, 0, 0, 2, 3, 0),
	gsSP2Triangles(4, 3, 2, 0, 3, 4, 5, 0),
	gsSP2Triangles(4, 6, 5, 0, 7, 6, 4, 0),
	gsSP2Triangles(7, 8, 6, 0, 9, 8, 7, 0),
	gsSP2Triangles(9, 7, 10, 0, 10, 11, 9, 0),
	gsSP2Triangles(12, 11, 10, 0, 12, 13, 11, 0),
	gsSP2Triangles(14, 13, 12, 0, 13, 14, 15, 0),
	gsSP2Triangles(14, 16, 15, 0, 15, 16, 17, 0),
	gsSP2Triangles(16, 18, 17, 0, 16, 19, 18, 0),
	gsSP2Triangles(19, 20, 18, 0, 19, 21, 20, 0),
	gsSP2Triangles(22, 21, 19, 0, 23, 22, 19, 0),
	gsSP2Triangles(24, 23, 19, 0, 19, 25, 24, 0),
	gsSP2Triangles(19, 26, 25, 0, 19, 27, 26, 0),
	gsSP2Triangles(27, 28, 26, 0, 27, 29, 28, 0),
	gsSP2Triangles(30, 28, 29, 0, 30, 29, 31, 0),
	gsSP1Triangle(31, 23, 30, 0),
	gsSPVertex(lll_dl_Plane_001_mesh_layer_1_vtx_0 + 32, 32, 0),
	gsSP2Triangles(0, 1, 2, 0, 1, 3, 2, 0),
	gsSP2Triangles(1, 4, 3, 0, 4, 5, 3, 0),
	gsSP2Triangles(4, 6, 5, 0, 6, 4, 7, 0),
	gsSP2Triangles(6, 7, 8, 0, 9, 8, 7, 0),
	gsSP2Triangles(9, 7, 10, 0, 10, 11, 9, 0),
	gsSP2Triangles(9, 11, 12, 0, 13, 9, 12, 0),
	gsSP2Triangles(13, 12, 14, 0, 15, 13, 14, 0),
	gsSP2Triangles(16, 15, 14, 0, 16, 17, 15, 0),
	gsSP2Triangles(18, 17, 16, 0, 19, 18, 16, 0),
	gsSP2Triangles(19, 16, 20, 0, 21, 19, 20, 0),
	gsSP2Triangles(21, 20, 22, 0, 23, 21, 22, 0),
	gsSP2Triangles(23, 22, 24, 0, 25, 23, 24, 0),
	gsSP2Triangles(25, 24, 26, 0, 26, 24, 27, 0),
	gsSP2Triangles(24, 28, 27, 0, 26, 27, 29, 0),
	gsSP2Triangles(27, 30, 29, 0, 29, 30, 31, 0),
	gsSPVertex(lll_dl_Plane_001_mesh_layer_1_vtx_0 + 64, 32, 0),
	gsSP2Triangles(0, 1, 2, 0, 3, 2, 4, 0),
	gsSP2Triangles(5, 3, 4, 0, 5, 4, 6, 0),
	gsSP2Triangles(7, 5, 6, 0, 7, 6, 8, 0),
	gsSP2Triangles(9, 7, 8, 0, 9, 8, 10, 0),
	gsSP2Triangles(11, 7, 9, 0, 11, 12, 7, 0),
	gsSP2Triangles(11, 13, 12, 0, 14, 13, 11, 0),
	gsSP2Triangles(15, 14, 11, 0, 15, 11, 16, 0),
	gsSP2Triangles(16, 11, 9, 0, 17, 16, 9, 0),
	gsSP2Triangles(17, 9, 18, 0, 9, 19, 18, 0),
	gsSP2Triangles(20, 16, 17, 0, 20, 15, 16, 0),
	gsSP2Triangles(14, 15, 20, 0, 21, 14, 20, 0),
	gsSP2Triangles(21, 20, 22, 0, 20, 23, 22, 0),
	gsSP2Triangles(23, 20, 17, 0, 23, 17, 24, 0),
	gsSP2Triangles(22, 23, 24, 0, 22, 24, 25, 0),
	gsSP2Triangles(26, 22, 25, 0, 22, 26, 27, 0),
	gsSP2Triangles(22, 27, 21, 0, 27, 28, 21, 0),
	gsSP2Triangles(29, 28, 27, 0, 27, 30, 29, 0),
	gsSP2Triangles(29, 31, 28, 0, 28, 31, 12, 0),
	gsSPVertex(lll_dl_Plane_001_mesh_layer_1_vtx_0 + 96, 32, 0),
	gsSP2Triangles(0, 1, 2, 0, 3, 2, 1, 0),
	gsSP2Triangles(4, 3, 1, 0, 5, 3, 4, 0),
	gsSP2Triangles(6, 5, 4, 0, 7, 5, 6, 0),
	gsSP2Triangles(5, 7, 3, 0, 7, 2, 3, 0),
	gsSP2Triangles(7, 0, 2, 0, 1, 8, 9, 0),
	gsSP2Triangles(1, 9, 10, 0, 11, 12, 13, 0),
	gsSP2Triangles(14, 12, 11, 0, 15, 14, 11, 0),
	gsSP2Triangles(15, 11, 16, 0, 17, 15, 16, 0),
	gsSP2Triangles(17, 16, 18, 0, 19, 17, 18, 0),
	gsSP2Triangles(19, 18, 20, 0, 21, 19, 20, 0),
	gsSP2Triangles(21, 20, 12, 0, 14, 21, 12, 0),
	gsSP2Triangles(19, 21, 14, 0, 19, 14, 15, 0),
	gsSP2Triangles(15, 17, 19, 0, 22, 23, 24, 0),
	gsSP2Triangles(24, 25, 22, 0, 25, 26, 22, 0),
	gsSP2Triangles(23, 22, 27, 0, 23, 27, 28, 0),
	gsSP1Triangle(29, 30, 31, 0),
	gsSPVertex(lll_dl_Plane_001_mesh_layer_1_vtx_0 + 128, 32, 0),
	gsSP2Triangles(0, 1, 2, 0, 1, 3, 2, 0),
	gsSP2Triangles(1, 4, 3, 0, 4, 5, 3, 0),
	gsSP2Triangles(4, 6, 5, 0, 6, 7, 5, 0),
	gsSP2Triangles(6, 8, 7, 0, 8, 9, 7, 0),
	gsSP2Triangles(8, 10, 9, 0, 11, 12, 13, 0),
	gsSP2Triangles(14, 11, 13, 0, 13, 15, 14, 0),
	gsSP2Triangles(15, 16, 14, 0, 14, 16, 17, 0),
	gsSP2Triangles(14, 17, 18, 0, 18, 17, 19, 0),
	gsSP2Triangles(20, 18, 19, 0, 20, 21, 18, 0),
	gsSP2Triangles(22, 21, 20, 0, 22, 23, 21, 0),
	gsSP2Triangles(23, 22, 24, 0, 25, 23, 24, 0),
	gsSP2Triangles(25, 14, 23, 0, 14, 25, 11, 0),
	gsSP2Triangles(23, 14, 18, 0, 23, 18, 21, 0),
	gsSP2Triangles(26, 27, 28, 0, 29, 26, 28, 0),
	gsSP2Triangles(28, 30, 29, 0, 28, 31, 30, 0),
	gsSPVertex(lll_dl_Plane_001_mesh_layer_1_vtx_0 + 160, 20, 0),
	gsSP2Triangles(0, 1, 2, 0, 3, 4, 5, 0),
	gsSP2Triangles(3, 5, 6, 0, 3, 6, 7, 0),
	gsSP2Triangles(8, 2, 9, 0, 8, 9, 10, 0),
	gsSP2Triangles(11, 12, 13, 0, 12, 14, 13, 0),
	gsSP2Triangles(12, 15, 14, 0, 16, 15, 12, 0),
	gsSP2Triangles(15, 16, 17, 0, 16, 18, 17, 0),
	gsSP2Triangles(15, 17, 14, 0, 11, 13, 19, 0),
	gsSPEndDisplayList(),
};

Vtx lll_dl_Plane_001_mesh_layer_1_vtx_1[13] = {
	{{ {-1693, -67, -123}, 0, {-3007, 309}, {55, 50, 102, 255} }},
	{{ {-1693, -67, 36}, 0, {-2985, 524}, {62, 58, 102, 255} }},
	{{ {-1291, -67, -50}, 0, {-2317, 477}, {67, 63, 103, 255} }},
	{{ {-788, -67, -11}, 0, {-1271, 568}, {56, 51, 102, 255} }},
	{{ {-729, -67, -318}, 0, {-1155, -75}, {57, 53, 102, 255} }},
	{{ {-187, -67, 159}, 0, {-64, 950}, {53, 49, 102, 255} }},
	{{ {221, -67, 202}, 0, {791, 1003}, {51, 46, 101, 255} }},
	{{ {107, -67, 572}, 0, {567, 1775}, {51, 46, 101, 255} }},
	{{ {591, -67, 1693}, 0, {1690, 3637}, {62, 58, 102, 255} }},
	{{ {310, -67, 1693}, 0, {1288, 3704}, {51, 46, 101, 255} }},
	{{ {504, -67, 763}, 0, {1481, 2115}, {58, 54, 102, 255} }},
	{{ {-1317, -67, -272}, 0, {-2367, 0}, {73, 69, 103, 255} }},
	{{ {-167, -67, -129}, 0, {-21, 344}, {55, 50, 102, 255} }},
};

Gfx lll_dl_Plane_001_mesh_layer_1_tri_1[] = {
	gsSPVertex(lll_dl_Plane_001_mesh_layer_1_vtx_1 + 0, 13, 0),
	gsSP2Triangles(0, 1, 2, 0, 0, 2, 3, 0),
	gsSP2Triangles(4, 0, 3, 0, 4, 3, 5, 0),
	gsSP2Triangles(5, 6, 4, 0, 5, 7, 6, 0),
	gsSP2Triangles(7, 8, 6, 0, 7, 9, 8, 0),
	gsSP2Triangles(8, 10, 6, 0, 4, 11, 0, 0),
	gsSP1Triangle(6, 12, 4, 0),
	gsSPEndDisplayList(),
};

Vtx lll_dl_Cube_mesh_layer_1_vtx_cull[8] = {
	{{ {-27, -170, 146}, 0, {0, 0}, {0, 0, 0, 0} }},
	{{ {-27, 211, 146}, 0, {0, 0}, {0, 0, 0, 0} }},
	{{ {-27, 211, -120}, 0, {0, 0}, {0, 0, 0, 0} }},
	{{ {-27, -170, -120}, 0, {0, 0}, {0, 0, 0, 0} }},
	{{ {94, -170, 146}, 0, {0, 0}, {0, 0, 0, 0} }},
	{{ {94, 211, 146}, 0, {0, 0}, {0, 0, 0, 0} }},
	{{ {94, 211, -120}, 0, {0, 0}, {0, 0, 0, 0} }},
	{{ {94, -170, -120}, 0, {0, 0}, {0, 0, 0, 0} }},
};

Vtx lll_dl_Cube_mesh_layer_1_vtx_0[52] = {
	{{ {12, -170, -18}, 0, {882, 1078}, {255, 255, 255, 255} }},
	{{ {1, 5, 26}, 0, {1075, 1078}, {255, 255, 255, 255} }},
	{{ {23, 27, -57}, 0, {1075, 885}, {255, 255, 255, 255} }},
	{{ {34, -148, -101}, 0, {882, 885}, {255, 255, 255, 255} }},
	{{ {34, -148, -101}, 0, {751, 1080}, {255, 255, 255, 255} }},
	{{ {23, 27, -57}, 0, {952, 1080}, {255, 255, 255, 255} }},
	{{ {77, 27, -42}, 0, {952, 879}, {255, 255, 255, 255} }},
	{{ {89, -148, -86}, 0, {751, 879}, {255, 255, 255, 255} }},
	{{ {89, -148, -86}, 0, {-220, 500}, {255, 255, 255, 255} }},
	{{ {55, 5, 40}, 0, {-109, 388}, {255, 255, 255, 255} }},
	{{ {67, -170, -4}, 0, {-220, 388}, {255, 255, 255, 255} }},
	{{ {77, 27, -42}, 0, {-109, 500}, {255, 255, 255, 255} }},
	{{ {66, 194, 0}, 0, {-109, 500}, {255, 255, 255, 255} }},
	{{ {44, 172, 83}, 0, {-109, 388}, {255, 255, 255, 255} }},
	{{ {67, -170, -4}, 0, {-191, 519}, {255, 255, 255, 255} }},
	{{ {55, 5, 40}, 0, {65, 519}, {255, 255, 255, 255} }},
	{{ {1, 5, 26}, 0, {65, 263}, {255, 255, 255, 255} }},
	{{ {12, -170, -18}, 0, {-191, 263}, {255, 255, 255, 255} }},
	{{ {34, -148, -101}, 0, {112, 496}, {255, 255, 255, 255} }},
	{{ {89, -148, -86}, 0, {368, 496}, {255, 255, 255, 255} }},
	{{ {67, -170, -4}, 0, {368, 240}, {255, 255, 255, 255} }},
	{{ {12, -170, -18}, 0, {112, 240}, {255, 255, 255, 255} }},
	{{ {94, 44, -105}, 0, {-16, 1008}, {255, 255, 255, 255} }},
	{{ {39, 44, -120}, 0, {-16, 1008}, {255, 255, 255, 255} }},
	{{ {28, 211, -77}, 0, {-16, 1008}, {255, 255, 255, 255} }},
	{{ {82, 211, -63}, 0, {-16, 1008}, {255, 255, 255, 255} }},
	{{ {77, 27, -42}, 0, {-16, 1008}, {255, 255, 255, 255} }},
	{{ {66, 194, 0}, 0, {-16, 1008}, {255, 255, 255, 255} }},
	{{ {38, -12, 103}, 0, {-16, 1008}, {255, 255, 255, 255} }},
	{{ {55, 5, 40}, 0, {-16, 1008}, {255, 255, 255, 255} }},
	{{ {44, 172, 83}, 0, {-16, 1008}, {255, 255, 255, 255} }},
	{{ {27, 155, 146}, 0, {-16, 1008}, {255, 255, 255, 255} }},
	{{ {-16, -12, 89}, 0, {-16, 1008}, {255, 255, 255, 255} }},
	{{ {38, -12, 103}, 0, {-16, 1008}, {255, 255, 255, 255} }},
	{{ {27, 155, 146}, 0, {-16, 1008}, {255, 255, 255, 255} }},
	{{ {-27, 155, 131}, 0, {-16, 1008}, {255, 255, 255, 255} }},
	{{ {39, 44, -120}, 0, {-30, 892}, {255, 255, 255, 255} }},
	{{ {11, 194, -14}, 0, {279, 100}, {255, 255, 255, 255} }},
	{{ {28, 211, -77}, 0, {-30, 100}, {255, 255, 255, 255} }},
	{{ {23, 27, -57}, 0, {279, 892}, {255, 255, 255, 255} }},
	{{ {-11, 172, 68}, 0, {684, 100}, {255, 255, 255, 255} }},
	{{ {1, 5, 26}, 0, {684, 892}, {255, 255, 255, 255} }},
	{{ {-27, 155, 131}, 0, {994, 100}, {255, 255, 255, 255} }},
	{{ {-16, -12, 89}, 0, {994, 892}, {255, 255, 255, 255} }},
	{{ {44, 172, 83}, 0, {152, 558}, {255, 255, 255, 255} }},
	{{ {-27, 155, 131}, 0, {73, 653}, {255, 255, 255, 255} }},
	{{ {27, 155, 146}, 0, {152, 653}, {255, 255, 255, 255} }},
	{{ {-11, 172, 68}, 0, {73, 558}, {255, 255, 255, 255} }},
	{{ {66, 194, 0}, 0, {152, 434}, {255, 255, 255, 255} }},
	{{ {11, 194, -14}, 0, {73, 434}, {255, 255, 255, 255} }},
	{{ {82, 211, -63}, 0, {152, 339}, {255, 255, 255, 255} }},
	{{ {28, 211, -77}, 0, {73, 339}, {255, 255, 255, 255} }},
};

Gfx lll_dl_Cube_mesh_layer_1_tri_0[] = {
	gsSPVertex(lll_dl_Cube_mesh_layer_1_vtx_0 + 0, 32, 0),
	gsSP2Triangles(0, 1, 2, 0, 0, 2, 3, 0),
	gsSP2Triangles(4, 5, 6, 0, 4, 6, 7, 0),
	gsSP2Triangles(8, 9, 10, 0, 8, 11, 9, 0),
	gsSP2Triangles(9, 11, 12, 0, 9, 12, 13, 0),
	gsSP2Triangles(14, 15, 16, 0, 14, 16, 17, 0),
	gsSP2Triangles(18, 19, 20, 0, 18, 20, 21, 0),
	gsSP2Triangles(22, 23, 24, 0, 22, 24, 25, 0),
	gsSP2Triangles(26, 22, 25, 0, 26, 25, 27, 0),
	gsSP2Triangles(28, 29, 30, 0, 28, 30, 31, 0),
	gsSPVertex(lll_dl_Cube_mesh_layer_1_vtx_0 + 32, 20, 0),
	gsSP2Triangles(0, 1, 2, 0, 0, 2, 3, 0),
	gsSP2Triangles(4, 5, 6, 0, 4, 7, 5, 0),
	gsSP2Triangles(7, 8, 5, 0, 7, 9, 8, 0),
	gsSP2Triangles(9, 10, 8, 0, 9, 11, 10, 0),
	gsSP2Triangles(12, 13, 14, 0, 12, 15, 13, 0),
	gsSP2Triangles(16, 15, 12, 0, 16, 17, 15, 0),
	gsSP2Triangles(17, 16, 18, 0, 17, 18, 19, 0),
	gsSPEndDisplayList(),
};

Vtx lll_dl_Plane_002_mesh_layer_1_vtx_cull[8] = {
	{{ {-4414, -1562, 2743}, 0, {0, 0}, {0, 0, 0, 0} }},
	{{ {-4414, 2293, 2743}, 0, {0, 0}, {0, 0, 0, 0} }},
	{{ {-4414, 2293, -4563}, 0, {0, 0}, {0, 0, 0, 0} }},
	{{ {-4414, -1562, -4563}, 0, {0, 0}, {0, 0, 0, 0} }},
	{{ {16433, -1562, 2743}, 0, {0, 0}, {0, 0, 0, 0} }},
	{{ {16433, 2293, 2743}, 0, {0, 0}, {0, 0, 0, 0} }},
	{{ {16433, 2293, -4563}, 0, {0, 0}, {0, 0, 0, 0} }},
	{{ {16433, -1562, -4563}, 0, {0, 0}, {0, 0, 0, 0} }},
};

Vtx lll_dl_Plane_002_mesh_layer_1_vtx_0[19] = {
	{{ {2761, -401, 157}, 0, {-1, 1524}, {83, 76, 100, 255} }},
	{{ {3641, -401, 157}, 0, {-1, 1977}, {83, 76, 100, 255} }},
	{{ {3641, -401, -722}, 0, {520, 1977}, {83, 76, 100, 255} }},
	{{ {2778, -401, -721}, 0, {520, 1533}, {83, 76, 100, 255} }},
	{{ {1776, -401, -651}, 0, {478, 1016}, {83, 76, 100, 255} }},
	{{ {742, -401, -651}, 0, {478, 482}, {83, 76, 100, 255} }},
	{{ {-221, -401, -1554}, 0, {1014, -15}, {83, 76, 100, 255} }},
	{{ {2781, -401, -1555}, 0, {1014, 1534}, {83, 76, 100, 255} }},
	{{ {-220, -401, 174}, 0, {-11, -14}, {83, 76, 100, 255} }},
	{{ {742, -401, 1043}, 0, {-527, 482}, {83, 76, 100, 255} }},
	{{ {-2102, -401, 1043}, 0, {-527, -985}, {84, 76, 100, 255} }},
	{{ {-2102, -401, 130}, 0, {-16, -1068}, {83, 76, 100, 255} }},
	{{ {1777, -401, 156}, 0, {-1, 1016}, {83, 76, 100, 255} }},
	{{ {15583, -1113, -144}, 0, {407, 848}, {33, 21, 22, 255} }},
	{{ {15583, -1113, -887}, 0, {407, 656}, {35, 25, 26, 255} }},
	{{ {14940, -1113, -1258}, 0, {240, 560}, {32, 15, 17, 255} }},
	{{ {14297, -1113, -144}, 0, {73, 848}, {32, 16, 17, 255} }},
	{{ {14297, -1113, -887}, 0, {73, 656}, {32, 15, 17, 255} }},
	{{ {14940, -1113, 227}, 0, {240, 944}, {32, 18, 19, 255} }},
};

Gfx lll_dl_Plane_002_mesh_layer_1_tri_0[] = {
	gsSPVertex(lll_dl_Plane_002_mesh_layer_1_vtx_0 + 0, 19, 0),
	gsSP2Triangles(0, 1, 2, 0, 0, 2, 3, 0),
	gsSP2Triangles(4, 0, 3, 0, 5, 4, 3, 0),
	gsSP2Triangles(5, 3, 6, 0, 3, 7, 6, 0),
	gsSP2Triangles(6, 8, 5, 0, 8, 9, 5, 0),
	gsSP2Triangles(8, 10, 9, 0, 8, 11, 10, 0),
	gsSP2Triangles(4, 12, 0, 0, 13, 14, 15, 0),
	gsSP2Triangles(15, 16, 13, 0, 15, 17, 16, 0),
	gsSP1Triangle(16, 18, 13, 0),
	gsSPEndDisplayList(),
};

Vtx lll_dl_Plane_002_mesh_layer_1_vtx_1[171] = {
	{{ {-4289, -292, 1997}, 0, {-3180, 4844}, {96, 93, 102, 255} }},
	{{ {-2315, -292, 2129}, 0, {485, 4839}, {116, 83, 146, 255} }},
	{{ {-2309, -292, -2553}, 0, {485, -3852}, {116, 83, 146, 255} }},
	{{ {-4289, -292, -2685}, 0, {-3191, -3847}, {99, 96, 104, 255} }},
	{{ {-4289, -292, -954}, 0, {-3187, -633}, {62, 62, 62, 255} }},
	{{ {-4289, -292, 265}, 0, {-3180, 4844}, {62, 62, 62, 255} }},
	{{ {3980, -292, -2553}, 0, {4002, 4844}, {96, 74, 114, 255} }},
	{{ {3978, -292, 2129}, 0, {4007, -3847}, {96, 74, 114, 255} }},
	{{ {5874, -292, 1997}, 0, {487, -3847}, {95, 92, 101, 255} }},
	{{ {5874, -292, -2685}, 0, {487, 4844}, {94, 91, 100, 255} }},
	{{ {5874, -292, 313}, 0, {487, -3847}, {52, 52, 52, 255} }},
	{{ {5874, -292, -1323}, 0, {487, 4844}, {55, 55, 56, 255} }},
	{{ {7271, -292, 313}, 0, {487, -3847}, {74, 68, 88, 255} }},
	{{ {7271, -292, -1323}, 0, {487, 4844}, {75, 69, 89, 255} }},
	{{ {3978, -292, 2129}, 0, {-1689, 2195}, {96, 74, 114, 255} }},
	{{ {3980, -292, -2553}, 0, {2490, 2196}, {96, 74, 114, 255} }},
	{{ {3904, -580, -2544}, 0, {2490, 2196}, {96, 74, 114, 255} }},
	{{ {3902, -580, 2138}, 0, {-1689, 2195}, {96, 74, 114, 255} }},
	{{ {-2315, -292, 2129}, 0, {-16, 1008}, {116, 83, 146, 255} }},
	{{ {3978, -292, 2129}, 0, {-16, 1008}, {96, 74, 114, 255} }},
	{{ {3902, -580, 2138}, 0, {-16, 1008}, {96, 74, 114, 255} }},
	{{ {-2391, -580, 2138}, 0, {-16, 1008}, {100, 84, 117, 255} }},
	{{ {-2309, -292, -2553}, 0, {2490, -390}, {116, 83, 146, 255} }},
	{{ {-2315, -292, 2129}, 0, {-1689, -392}, {116, 83, 146, 255} }},
	{{ {-2391, -580, 2138}, 0, {-1689, -392}, {100, 84, 117, 255} }},
	{{ {-2385, -580, -2544}, 0, {2490, -390}, {96, 74, 114, 255} }},
	{{ {3980, -292, -2553}, 0, {-16, 1008}, {96, 74, 114, 255} }},
	{{ {-2309, -292, -2553}, 0, {-16, 1008}, {116, 83, 146, 255} }},
	{{ {-2385, -580, -2544}, 0, {-16, 1008}, {96, 74, 114, 255} }},
	{{ {3904, -580, -2544}, 0, {-16, 1008}, {96, 74, 114, 255} }},
	{{ {3641, -401, -722}, 0, {-1066, 8810}, {83, 76, 100, 255} }},
	{{ {3641, -401, 157}, 0, {2062, 8562}, {83, 76, 100, 255} }},
	{{ {3641, -401, 1743}, 0, {6885, 8149}, {225, 225, 226, 255} }},
	{{ {3641, -528, 1743}, 0, {6448, 7810}, {226, 226, 226, 255} }},
	{{ {-2102, -401, 1743}, 0, {6885, -7972}, {255, 255, 255, 255} }},
	{{ {-2102, -528, 1743}, 0, {6516, -7456}, {255, 255, 255, 255} }},
	{{ {-2102, -401, -2333}, 0, {-5635, -6769}, {255, 255, 255, 255} }},
	{{ {-2102, -528, -2333}, 0, {-5209, -6412}, {255, 255, 255, 255} }},
	{{ {3641, -401, -2333}, 0, {-6130, 8964}, {139, 137, 142, 255} }},
	{{ {3641, -528, -2333}, 0, {-5778, 8596}, {218, 218, 218, 255} }},
	{{ {-4289, -292, -954}, 0, {-215, 1828}, {62, 62, 62, 255} }},
	{{ {-4190, 785, -954}, 0, {389, 1178}, {62, 62, 62, 255} }},
	{{ {-4190, -292, -954}, 0, {-271, 1766}, {63, 63, 63, 255} }},
	{{ {-4289, 785, -954}, 0, {454, 1230}, {63, 63, 63, 255} }},
	{{ {-4190, 1199, -573}, 0, {594, 779}, {62, 62, 62, 255} }},
	{{ {-4289, 1199, -573}, 0, {681, 805}, {97, 97, 97, 255} }},
	{{ {-4190, 1199, -115}, 0, {613, 401}, {64, 64, 64, 255} }},
	{{ {-4289, 1199, -115}, 0, {707, 390}, {64, 64, 64, 255} }},
	{{ {-4190, 785, 265}, 0, {439, -36}, {63, 63, 63, 255} }},
	{{ {-4289, 785, 265}, 0, {523, -86}, {62, 62, 62, 255} }},
	{{ {-4190, -292, 265}, 0, {-254, -763}, {119, 119, 119, 255} }},
	{{ {-4289, -292, 265}, 0, {-177, -836}, {63, 63, 63, 255} }},
	{{ {-4190, 733, -820}, 0, {298, 1110}, {94, 91, 100, 255} }},
	{{ {-4190, -280, -820}, 0, {-337, 1676}, {92, 89, 98, 255} }},
	{{ {-4190, -292, -954}, 0, {-271, 1766}, {62, 62, 62, 255} }},
	{{ {-4190, 785, -954}, 0, {389, 1178}, {62, 62, 62, 255} }},
	{{ {-4190, 1066, -515}, 0, {464, 745}, {94, 91, 100, 255} }},
	{{ {-4190, 1199, -573}, 0, {594, 779}, {62, 62, 62, 255} }},
	{{ {-4190, 1066, -173}, 0, {487, 423}, {94, 91, 100, 255} }},
	{{ {-4190, 1199, -115}, 0, {613, 401}, {62, 62, 62, 255} }},
	{{ {-4190, 733, 132}, 0, {336, 32}, {94, 91, 100, 255} }},
	{{ {-4190, 785, 265}, 0, {439, -36}, {62, 62, 62, 255} }},
	{{ {-4190, -280, 132}, 0, {-337, -666}, {94, 91, 100, 255} }},
	{{ {-4190, 733, 132}, 0, {336, 32}, {94, 91, 100, 255} }},
	{{ {-4190, 785, 265}, 0, {439, -36}, {62, 62, 62, 255} }},
	{{ {-4190, -292, 265}, 0, {-254, -763}, {64, 64, 65, 255} }},
	{{ {-4289, -292, 265}, 0, {-3180, 4844}, {62, 62, 62, 255} }},
	{{ {-4190, -280, 132}, 0, {-3181, 3894}, {94, 91, 100, 255} }},
	{{ {-4190, -292, 265}, 0, {-3180, 4844}, {64, 64, 65, 255} }},
	{{ {-4289, -280, 132}, 0, {-3181, 3894}, {94, 91, 100, 255} }},
	{{ {-4289, -280, -820}, 0, {-3190, -2897}, {92, 89, 98, 255} }},
	{{ {-4289, -292, -954}, 0, {-3191, -3847}, {62, 62, 62, 255} }},
	{{ {-4190, -292, -954}, 0, {-3191, -3847}, {62, 62, 62, 255} }},
	{{ {-4190, -280, -820}, 0, {-3190, -2897}, {92, 89, 98, 255} }},
	{{ {-4289, 733, -820}, 0, {-3190, -2690}, {94, 91, 100, 255} }},
	{{ {-4190, 733, -820}, 0, {-3190, -2690}, {94, 91, 100, 255} }},
	{{ {-4289, 1066, -515}, 0, {-3189, -1895}, {94, 91, 100, 255} }},
	{{ {-4190, 1066, -515}, 0, {-3189, -1895}, {94, 91, 100, 255} }},
	{{ {-4289, 1066, -173}, 0, {-3183, 2892}, {94, 91, 100, 255} }},
	{{ {-4190, 1066, -173}, 0, {-3183, 2892}, {94, 91, 100, 255} }},
	{{ {-4289, 733, 132}, 0, {-3181, 3687}, {94, 91, 100, 255} }},
	{{ {-4190, 733, 132}, 0, {-3181, 3687}, {94, 91, 100, 255} }},
	{{ {-4414, -280, 132}, 0, {-3181, 3894}, {0, 0, 0, 255} }},
	{{ {-4414, -280, -820}, 0, {-3190, -2897}, {0, 0, 0, 255} }},
	{{ {-4414, 733, -820}, 0, {-3190, -2690}, {0, 0, 0, 255} }},
	{{ {-4414, 1066, -515}, 0, {-3189, -1895}, {25, 24, 27, 255} }},
	{{ {-4414, 1066, -173}, 0, {-3183, 2892}, {0, 0, 0, 255} }},
	{{ {-4414, 733, 132}, 0, {-3181, 3687}, {2, 2, 3, 255} }},
	{{ {14297, -263, -887}, 0, {1906, -1119}, {104, 69, 69, 255} }},
	{{ {14297, -1113, -144}, 0, {-914, 2111}, {32, 16, 17, 255} }},
	{{ {14297, -1113, -887}, 0, {1906, 2111}, {32, 15, 17, 255} }},
	{{ {14297, -263, -144}, 0, {-914, -1119}, {114, 69, 70, 255} }},
	{{ {14297, -166, -887}, 0, {1906, -1119}, {104, 69, 69, 255} }},
	{{ {14297, -166, -144}, 0, {-914, -1119}, {114, 69, 70, 255} }},
	{{ {15583, -263, -144}, 0, {2938, -1119}, {104, 69, 69, 255} }},
	{{ {14940, -166, 227}, 0, {496, -1119}, {104, 69, 69, 255} }},
	{{ {15583, -166, -144}, 0, {2938, -1119}, {104, 69, 69, 255} }},
	{{ {14940, -263, 227}, 0, {496, -1119}, {104, 69, 69, 255} }},
	{{ {15583, -1113, -144}, 0, {2938, 2111}, {33, 21, 22, 255} }},
	{{ {14940, -1113, 227}, 0, {496, 2111}, {32, 18, 19, 255} }},
	{{ {14297, -263, -144}, 0, {-1946, -1119}, {114, 69, 70, 255} }},
	{{ {14297, -1113, -144}, 0, {-1946, 2111}, {32, 16, 17, 255} }},
	{{ {14297, -166, -144}, 0, {-1946, -1119}, {114, 69, 70, 255} }},
	{{ {14297, -263, -887}, 0, {-1946, -1119}, {104, 69, 69, 255} }},
	{{ {14940, -166, -1258}, 0, {496, -1119}, {104, 69, 69, 255} }},
	{{ {14297, -166, -887}, 0, {-1946, -1119}, {104, 69, 69, 255} }},
	{{ {14940, -263, -1258}, 0, {496, -1119}, {104, 69, 69, 255} }},
	{{ {14297, -1113, -887}, 0, {-1946, 2111}, {32, 15, 17, 255} }},
	{{ {14940, -1113, -1258}, 0, {496, 2111}, {32, 15, 17, 255} }},
	{{ {15583, -263, -887}, 0, {2938, -1119}, {104, 69, 69, 255} }},
	{{ {15583, -1113, -887}, 0, {2938, 2111}, {35, 25, 26, 255} }},
	{{ {15583, -166, -887}, 0, {2938, -1119}, {104, 69, 69, 255} }},
	{{ {15583, -263, -887}, 0, {1906, -1119}, {104, 69, 69, 255} }},
	{{ {15583, -166, -144}, 0, {-914, -1119}, {104, 69, 69, 255} }},
	{{ {15583, -166, -887}, 0, {1906, -1119}, {104, 69, 69, 255} }},
	{{ {15583, -263, -144}, 0, {-914, -1119}, {104, 69, 69, 255} }},
	{{ {15583, -1113, -887}, 0, {1906, 2111}, {35, 25, 26, 255} }},
	{{ {15583, -1113, -144}, 0, {-914, 2111}, {33, 21, 22, 255} }},
	{{ {14118, -263, 1162}, 0, {777, 1352}, {92, 91, 91, 255} }},
	{{ {12430, -292, 1206}, 0, {-1455, 1391}, {70, 64, 83, 255} }},
	{{ {12430, 985, 1206}, 0, {-1455, -297}, {104, 55, 71, 255} }},
	{{ {14118, 1015, 1162}, 0, {777, -337}, {104, 54, 69, 255} }},
	{{ {16433, -263, 1162}, 0, {3836, 1352}, {127, 127, 127, 255} }},
	{{ {16433, 1015, 1162}, 0, {3836, -337}, {104, 54, 69, 255} }},
	{{ {12438, -263, -2257}, 0, {-1445, 1352}, {141, 141, 141, 255} }},
	{{ {16433, -263, -2257}, 0, {3836, 1352}, {130, 130, 130, 255} }},
	{{ {16433, 1015, -2257}, 0, {3836, -337}, {104, 54, 69, 255} }},
	{{ {12438, 1015, -2257}, 0, {-1445, -337}, {104, 54, 69, 255} }},
	{{ {16433, -263, -2257}, 0, {2156, 1352}, {130, 130, 130, 255} }},
	{{ {16433, -263, 1162}, 0, {-2363, 1352}, {127, 127, 127, 255} }},
	{{ {16433, 1015, 1162}, 0, {-2363, -337}, {104, 54, 69, 255} }},
	{{ {16433, 1015, -2257}, 0, {2156, -337}, {104, 54, 69, 255} }},
	{{ {12430, 612, 3}, 0, {-831, 196}, {74, 68, 88, 255} }},
	{{ {12430, -292, 1206}, 0, {-2421, 1391}, {70, 64, 83, 255} }},
	{{ {12430, -292, 3}, 0, {-831, 1391}, {74, 68, 88, 255} }},
	{{ {12430, 985, 1206}, 0, {-2421, -297}, {104, 55, 71, 255} }},
	{{ {12430, 820, -309}, 0, {-418, -79}, {104, 54, 69, 255} }},
	{{ {12430, 820, -649}, 0, {31, -79}, {98, 60, 77, 255} }},
	{{ {12438, 1015, -2257}, 0, {2156, -337}, {104, 54, 69, 255} }},
	{{ {12430, 570, -1013}, 0, {511, 251}, {74, 68, 88, 255} }},
	{{ {12438, -263, -2257}, 0, {2156, 1352}, {141, 141, 141, 255} }},
	{{ {12430, -292, -1013}, 0, {511, 1391}, {74, 68, 88, 255} }},
	{{ {16433, 1015, -2257}, 0, {-1770, -2044}, {104, 54, 69, 255} }},
	{{ {16433, 1015, 1162}, 0, {2568, -2044}, {104, 54, 69, 255} }},
	{{ {12430, 985, 1206}, 0, {2624, 3036}, {104, 55, 71, 255} }},
	{{ {12438, 1015, -2257}, 0, {-1770, 3026}, {104, 54, 69, 255} }},
	{{ {14940, -263, 433}, 0, {413, 1646}, {245, 244, 244, 255} }},
	{{ {15761, -263, -41}, 0, {1455, 1112}, {235, 234, 234, 255} }},
	{{ {15761, -166, -41}, 0, {1336, 1030}, {235, 234, 234, 255} }},
	{{ {15761, -166, -990}, 0, {1328, -22}, {255, 255, 255, 255} }},
	{{ {15761, -263, -990}, 0, {1455, -84}, {255, 255, 255, 255} }},
	{{ {14940, -166, -1464}, 0, {451, -517}, {255, 255, 255, 255} }},
	{{ {14940, -263, -1464}, 0, {461, -654}, {255, 255, 255, 255} }},
	{{ {14118, -166, -990}, 0, {-462, -38}, {255, 255, 255, 255} }},
	{{ {14118, -263, -990}, 0, {-581, -120}, {255, 255, 255, 255} }},
	{{ {14118, -166, -41}, 0, {-454, 1015}, {229, 226, 226, 255} }},
	{{ {14118, -263, -990}, 0, {-581, -120}, {255, 255, 255, 255} }},
	{{ {14118, -263, -41}, 0, {-580, 1077}, {229, 226, 226, 255} }},
	{{ {14118, -166, -41}, 0, {-454, 1015}, {229, 226, 226, 255} }},
	{{ {14940, -166, 433}, 0, {423, 1509}, {245, 244, 244, 255} }},
	{{ {14940, -263, 433}, 0, {413, 1646}, {245, 244, 244, 255} }},
	{{ {15761, -166, -41}, 0, {1336, 1030}, {235, 234, 234, 255} }},
	{{ {15583, -166, -144}, 0, {1112, 899}, {104, 69, 69, 255} }},
	{{ {15583, -166, -887}, 0, {1120, 97}, {104, 69, 69, 255} }},
	{{ {15761, -166, -990}, 0, {1328, -22}, {255, 255, 255, 255} }},
	{{ {14940, -166, -1258}, 0, {449, -298}, {104, 69, 69, 255} }},
	{{ {14940, -166, -1464}, 0, {451, -517}, {255, 255, 255, 255} }},
	{{ {14297, -166, -887}, 0, {-239, 93}, {104, 69, 69, 255} }},
	{{ {14118, -166, -990}, 0, {-462, -38}, {255, 255, 255, 255} }},
	{{ {14297, -166, -144}, 0, {-246, 896}, {114, 69, 70, 255} }},
	{{ {14940, -166, 227}, 0, {425, 1291}, {104, 69, 69, 255} }},
};

Gfx lll_dl_Plane_002_mesh_layer_1_tri_1[] = {
	gsSPVertex(lll_dl_Plane_002_mesh_layer_1_vtx_1 + 0, 30, 0),
	gsSP2Triangles(0, 1, 2, 0, 0, 2, 3, 0),
	gsSP2Triangles(0, 3, 4, 0, 0, 4, 5, 0),
	gsSP2Triangles(6, 7, 8, 0, 6, 8, 9, 0),
	gsSP2Triangles(9, 8, 10, 0, 9, 10, 11, 0),
	gsSP2Triangles(11, 10, 12, 0, 11, 12, 13, 0),
	gsSP2Triangles(14, 15, 16, 0, 14, 16, 17, 0),
	gsSP2Triangles(18, 19, 20, 0, 18, 20, 21, 0),
	gsSP2Triangles(22, 23, 24, 0, 22, 24, 25, 0),
	gsSP2Triangles(26, 27, 28, 0, 26, 28, 29, 0),
	gsSPVertex(lll_dl_Plane_002_mesh_layer_1_vtx_1 + 30, 32, 0),
	gsSP2Triangles(0, 1, 2, 0, 0, 2, 3, 0),
	gsSP2Triangles(3, 2, 4, 0, 3, 4, 5, 0),
	gsSP2Triangles(5, 4, 6, 0, 5, 6, 7, 0),
	gsSP2Triangles(7, 6, 8, 0, 7, 8, 9, 0),
	gsSP2Triangles(3, 9, 8, 0, 3, 8, 0, 0),
	gsSP2Triangles(10, 11, 12, 0, 10, 13, 11, 0),
	gsSP2Triangles(13, 14, 11, 0, 13, 15, 14, 0),
	gsSP2Triangles(15, 16, 14, 0, 15, 17, 16, 0),
	gsSP2Triangles(17, 18, 16, 0, 17, 19, 18, 0),
	gsSP2Triangles(19, 20, 18, 0, 19, 21, 20, 0),
	gsSP2Triangles(22, 23, 24, 0, 22, 24, 25, 0),
	gsSP2Triangles(26, 22, 25, 0, 26, 25, 27, 0),
	gsSP2Triangles(28, 26, 27, 0, 28, 27, 29, 0),
	gsSP2Triangles(30, 28, 29, 0, 30, 29, 31, 0),
	gsSPVertex(lll_dl_Plane_002_mesh_layer_1_vtx_1 + 62, 32, 0),
	gsSP2Triangles(0, 1, 2, 0, 0, 2, 3, 0),
	gsSP2Triangles(4, 5, 6, 0, 4, 7, 5, 0),
	gsSP2Triangles(8, 7, 4, 0, 8, 4, 9, 0),
	gsSP2Triangles(8, 9, 10, 0, 8, 10, 11, 0),
	gsSP2Triangles(12, 8, 11, 0, 12, 11, 13, 0),
	gsSP2Triangles(14, 12, 13, 0, 14, 13, 15, 0),
	gsSP2Triangles(16, 14, 15, 0, 16, 15, 17, 0),
	gsSP2Triangles(18, 16, 17, 0, 18, 17, 19, 0),
	gsSP2Triangles(7, 18, 19, 0, 7, 19, 5, 0),
	gsSP2Triangles(18, 7, 20, 0, 7, 21, 20, 0),
	gsSP2Triangles(7, 8, 21, 0, 8, 22, 21, 0),
	gsSP2Triangles(8, 12, 22, 0, 12, 23, 22, 0),
	gsSP2Triangles(12, 14, 23, 0, 14, 24, 23, 0),
	gsSP2Triangles(14, 16, 24, 0, 16, 25, 24, 0),
	gsSP2Triangles(16, 18, 25, 0, 18, 20, 25, 0),
	gsSP2Triangles(20, 22, 25, 0, 20, 21, 22, 0),
	gsSP2Triangles(25, 22, 23, 0, 25, 23, 24, 0),
	gsSP2Triangles(26, 27, 28, 0, 26, 29, 27, 0),
	gsSP2Triangles(29, 26, 30, 0, 29, 30, 31, 0),
	gsSPVertex(lll_dl_Plane_002_mesh_layer_1_vtx_1 + 94, 30, 0),
	gsSP2Triangles(0, 1, 2, 0, 0, 3, 1, 0),
	gsSP2Triangles(3, 0, 4, 0, 3, 4, 5, 0),
	gsSP2Triangles(6, 3, 5, 0, 6, 5, 7, 0),
	gsSP2Triangles(3, 6, 8, 0, 3, 8, 1, 0),
	gsSP2Triangles(9, 10, 11, 0, 9, 12, 10, 0),
	gsSP2Triangles(12, 9, 13, 0, 12, 13, 14, 0),
	gsSP2Triangles(15, 12, 14, 0, 15, 14, 16, 0),
	gsSP2Triangles(12, 15, 17, 0, 12, 17, 10, 0),
	gsSP2Triangles(18, 19, 20, 0, 18, 21, 19, 0),
	gsSP2Triangles(21, 18, 22, 0, 21, 22, 23, 0),
	gsSP2Triangles(24, 25, 26, 0, 24, 26, 27, 0),
	gsSP2Triangles(28, 24, 27, 0, 28, 27, 29, 0),
	gsSPVertex(lll_dl_Plane_002_mesh_layer_1_vtx_1 + 124, 32, 0),
	gsSP2Triangles(0, 1, 2, 0, 0, 2, 3, 0),
	gsSP2Triangles(4, 5, 6, 0, 4, 6, 7, 0),
	gsSP2Triangles(8, 9, 10, 0, 9, 8, 11, 0),
	gsSP2Triangles(8, 12, 11, 0, 13, 11, 12, 0),
	gsSP2Triangles(13, 14, 11, 0, 15, 14, 13, 0),
	gsSP2Triangles(14, 15, 16, 0, 15, 17, 16, 0),
	gsSP2Triangles(18, 19, 20, 0, 18, 20, 21, 0),
	gsSP2Triangles(22, 23, 24, 0, 23, 25, 24, 0),
	gsSP2Triangles(23, 26, 25, 0, 26, 27, 25, 0),
	gsSP2Triangles(26, 28, 27, 0, 28, 29, 27, 0),
	gsSP2Triangles(28, 30, 29, 0, 30, 31, 29, 0),
	gsSPVertex(lll_dl_Plane_002_mesh_layer_1_vtx_1 + 156, 15, 0),
	gsSP2Triangles(0, 1, 2, 0, 1, 3, 2, 0),
	gsSP2Triangles(1, 4, 3, 0, 4, 5, 3, 0),
	gsSP2Triangles(6, 3, 5, 0, 7, 6, 5, 0),
	gsSP2Triangles(7, 5, 8, 0, 9, 7, 8, 0),
	gsSP2Triangles(9, 8, 10, 0, 11, 9, 10, 0),
	gsSP2Triangles(11, 10, 12, 0, 13, 11, 12, 0),
	gsSP2Triangles(13, 12, 2, 0, 14, 13, 2, 0),
	gsSP2Triangles(14, 2, 3, 0, 6, 14, 3, 0),
	gsSPEndDisplayList(),
};

Vtx lll_dl_Plane_002_mesh_layer_1_vtx_2[8] = {
	{{ {-2385, -580, -2544}, 0, {2816, -2792}, {96, 74, 114, 255} }},
	{{ {-2391, -580, 2138}, 0, {-2086, -2799}, {100, 84, 117, 255} }},
	{{ {3902, -580, 2138}, 0, {-2086, 3788}, {96, 74, 114, 255} }},
	{{ {3904, -580, -2544}, 0, {2816, 3791}, {96, 74, 114, 255} }},
	{{ {7161, -574, 2743}, 0, {-1561, 3996}, {82, 78, 85, 255} }},
	{{ {10938, -574, 2743}, 0, {2058, 3996}, {82, 78, 85, 255} }},
	{{ {10938, -574, -4563}, 0, {2058, -3004}, {79, 75, 83, 255} }},
	{{ {7161, -574, -4563}, 0, {-1561, -3004}, {82, 78, 85, 255} }},
};

Gfx lll_dl_Plane_002_mesh_layer_1_tri_2[] = {
	gsSPVertex(lll_dl_Plane_002_mesh_layer_1_vtx_2 + 0, 8, 0),
	gsSP2Triangles(0, 1, 2, 0, 0, 2, 3, 0),
	gsSP2Triangles(4, 5, 6, 0, 4, 6, 7, 0),
	gsSPEndDisplayList(),
};

Vtx lll_dl_Plane_002_mesh_layer_1_vtx_3[174] = {
	{{ {5874, -292, -1323}, 0, {1281, 1899}, {55, 55, 56, 255} }},
	{{ {5874, 1448, -1323}, 0, {1281, 25}, {52, 52, 52, 255} }},
	{{ {5874, -292, -2685}, 0, {2748, 1899}, {94, 91, 100, 255} }},
	{{ {5874, 2066, -139}, 0, {-5489, 1513}, {75, 73, 78, 255} }},
	{{ {5874, 2066, -870}, 0, {-5489, 116}, {70, 68, 73, 255} }},
	{{ {7271, 2066, -870}, 0, {-2819, 116}, {175, 175, 175, 255} }},
	{{ {7271, 2066, -139}, 0, {-2819, 1513}, {168, 168, 168, 255} }},
	{{ {5874, 2066, -870}, 0, {-5489, -1773}, {70, 68, 73, 255} }},
	{{ {7271, 1448, -1323}, 0, {-2819, -592}, {138, 121, 152, 255} }},
	{{ {7271, 2066, -870}, 0, {-2819, -1773}, {175, 175, 175, 255} }},
	{{ {5874, 1448, -1323}, 0, {-5489, -592}, {52, 52, 52, 255} }},
	{{ {7271, -292, -1323}, 0, {-2819, 2735}, {75, 69, 89, 255} }},
	{{ {5874, -292, -1323}, 0, {-5489, 2735}, {55, 55, 56, 255} }},
	{{ {5874, -292, 313}, 0, {-5489, 2735}, {52, 52, 52, 255} }},
	{{ {7271, 1448, 313}, 0, {-2819, -592}, {141, 125, 154, 255} }},
	{{ {7271, -292, 313}, 0, {-2819, 2735}, {74, 68, 88, 255} }},
	{{ {5874, 1448, 313}, 0, {-5489, -592}, {52, 52, 52, 255} }},
	{{ {7271, 2066, -139}, 0, {-2819, -1773}, {168, 168, 168, 255} }},
	{{ {5874, 2066, -139}, 0, {-5489, -1773}, {75, 73, 78, 255} }},
	{{ {5874, 1448, 313}, 0, {-481, 25}, {52, 52, 52, 255} }},
	{{ {5874, -292, 313}, 0, {-481, 1899}, {52, 52, 52, 255} }},
	{{ {5874, -292, 1997}, 0, {-2294, 1899}, {95, 92, 101, 255} }},
	{{ {5874, 2293, 1997}, 0, {-2294, -885}, {95, 92, 101, 255} }},
	{{ {5874, 2293, 1997}, 0, {-2294, -885}, {100, 97, 104, 255} }},
	{{ {5874, 2066, -139}, 0, {7, -640}, {75, 73, 78, 255} }},
	{{ {5874, 2066, -870}, 0, {793, -640}, {70, 68, 73, 255} }},
	{{ {5874, 2293, -2685}, 0, {2748, -885}, {94, 91, 100, 255} }},
	{{ {5874, -292, -2685}, 0, {2748, 1899}, {94, 91, 100, 255} }},
	{{ {-2315, -292, 2129}, 0, {-2827, 1899}, {116, 83, 146, 255} }},
	{{ {-4289, -292, 1997}, 0, {-4953, 1899}, {96, 93, 102, 255} }},
	{{ {-4289, 2293, 1997}, 0, {-4953, -885}, {94, 91, 100, 255} }},
	{{ {-2315, 2293, 2129}, 0, {-2827, -885}, {116, 83, 146, 255} }},
	{{ {3978, -292, 2129}, 0, {3950, 1899}, {96, 74, 114, 255} }},
	{{ {-2315, -292, 2129}, 0, {-2827, 1899}, {116, 83, 146, 255} }},
	{{ {-2315, 2293, 2129}, 0, {-2827, -885}, {116, 83, 146, 255} }},
	{{ {3978, 2293, 2129}, 0, {3950, -885}, {96, 74, 114, 255} }},
	{{ {5874, -292, 1997}, 0, {5992, 1899}, {95, 92, 101, 255} }},
	{{ {5874, 2293, 1997}, 0, {5992, -885}, {95, 92, 101, 255} }},
	{{ {3980, -292, -2553}, 0, {3953, 1899}, {96, 74, 114, 255} }},
	{{ {5874, -292, -2685}, 0, {5992, 1899}, {94, 91, 100, 255} }},
	{{ {5874, 2293, -2685}, 0, {5992, -885}, {94, 91, 100, 255} }},
	{{ {3980, 2293, -2553}, 0, {3953, -885}, {96, 74, 114, 255} }},
	{{ {-2309, -292, -2553}, 0, {-2820, 1899}, {116, 83, 146, 255} }},
	{{ {-2309, 2293, -2553}, 0, {-2820, -885}, {116, 83, 146, 255} }},
	{{ {-4289, -292, -2685}, 0, {-4953, 1899}, {99, 96, 104, 255} }},
	{{ {-4289, 2293, -2685}, 0, {-4953, -885}, {95, 91, 100, 255} }},
	{{ {-4289, -292, -954}, 0, {883, 1899}, {62, 62, 62, 255} }},
	{{ {-4289, -292, -2685}, 0, {2748, 1899}, {99, 96, 104, 255} }},
	{{ {-4289, 785, -954}, 0, {883, 739}, {62, 62, 62, 255} }},
	{{ {-4289, 2293, -2685}, 0, {2748, -885}, {95, 91, 100, 255} }},
	{{ {-4289, 1199, -573}, 0, {474, 293}, {63, 63, 63, 255} }},
	{{ {-4289, 1199, -115}, 0, {-20, 293}, {62, 62, 62, 255} }},
	{{ {-4289, 2293, 1997}, 0, {-2294, -885}, {94, 91, 100, 255} }},
	{{ {-4289, 785, 265}, 0, {-429, 739}, {62, 62, 62, 255} }},
	{{ {-4289, -292, 1997}, 0, {-2294, 1899}, {96, 93, 102, 255} }},
	{{ {-4289, -292, 265}, 0, {-429, 1899}, {62, 62, 62, 255} }},
	{{ {10625, -292, -1882}, 0, {2765, 2735}, {148, 136, 159, 255} }},
	{{ {10625, -292, -1013}, 0, {1103, 2735}, {74, 68, 88, 255} }},
	{{ {10625, 570, -1013}, 0, {1103, 1087}, {74, 68, 88, 255} }},
	{{ {10625, 1439, -1882}, 0, {2765, -574}, {138, 121, 152, 255} }},
	{{ {10625, 820, -649}, 0, {408, 608}, {74, 68, 88, 255} }},
	{{ {10625, 820, -309}, 0, {-242, 608}, {74, 68, 88, 255} }},
	{{ {10625, 1439, 777}, 0, {-2317, -574}, {138, 121, 152, 255} }},
	{{ {10625, 612, 3}, 0, {-839, 1006}, {74, 68, 88, 255} }},
	{{ {10625, 1439, 777}, 0, {-2317, -574}, {138, 121, 152, 255} }},
	{{ {10625, 612, 3}, 0, {-839, 1006}, {74, 68, 88, 255} }},
	{{ {10625, -292, 777}, 0, {-2317, 2735}, {144, 130, 156, 255} }},
	{{ {10625, -292, 3}, 0, {-839, 2735}, {74, 68, 88, 255} }},
	{{ {10527, -292, 2538}, 0, {-5684, 2735}, {74, 68, 88, 255} }},
	{{ {10625, -624, 777}, 0, {-2317, 2735}, {180, 41, 212, 255} }},
	{{ {10527, -624, 2538}, 0, {-5684, 2735}, {180, 41, 212, 255} }},
	{{ {10527, 1448, 2538}, 0, {-5684, -592}, {138, 121, 152, 255} }},
	{{ {10625, 570, -1013}, 0, {311, -376}, {74, 68, 88, 255} }},
	{{ {10625, -292, -1013}, 0, {-1324, -376}, {74, 68, 88, 255} }},
	{{ {10762, -292, -1013}, 0, {-1324, -376}, {74, 68, 88, 255} }},
	{{ {10762, 570, -1013}, 0, {311, -376}, {74, 68, 88, 255} }},
	{{ {12430, -292, -1013}, 0, {-1324, -376}, {74, 68, 88, 255} }},
	{{ {12430, 570, -1013}, 0, {311, -376}, {74, 68, 88, 255} }},
	{{ {10762, 820, -649}, 0, {786, 313}, {74, 68, 88, 255} }},
	{{ {12430, 820, -649}, 0, {786, 313}, {98, 60, 77, 255} }},
	{{ {10762, 820, -309}, 0, {786, 958}, {74, 68, 88, 255} }},
	{{ {12430, 820, -309}, 0, {786, 958}, {104, 54, 69, 255} }},
	{{ {10762, 612, 3}, 0, {391, 1550}, {74, 68, 88, 255} }},
	{{ {12430, 612, 3}, 0, {391, 1550}, {74, 68, 88, 255} }},
	{{ {10762, -292, 3}, 0, {-1324, 1550}, {74, 68, 88, 255} }},
	{{ {12430, -292, 3}, 0, {-1324, 1550}, {74, 68, 88, 255} }},
	{{ {10625, -292, 3}, 0, {-1324, 1550}, {74, 68, 88, 255} }},
	{{ {10625, 612, 3}, 0, {391, 1550}, {74, 68, 88, 255} }},
	{{ {10625, 820, -309}, 0, {786, 958}, {74, 68, 88, 255} }},
	{{ {10625, 820, -649}, 0, {786, 313}, {74, 68, 88, 255} }},
	{{ {7271, -292, 313}, 0, {-1432, 2735}, {74, 68, 88, 255} }},
	{{ {7271, 1448, 313}, 0, {-1432, -592}, {141, 125, 154, 255} }},
	{{ {7271, 1448, 2180}, 0, {-5001, -592}, {149, 139, 159, 255} }},
	{{ {7271, -292, 2180}, 0, {-5001, 2735}, {74, 68, 88, 255} }},
	{{ {7271, -624, 2180}, 0, {-5001, 2735}, {74, 68, 88, 255} }},
	{{ {7271, -624, 313}, 0, {-1432, 2735}, {74, 68, 88, 255} }},
	{{ {7271, 1448, -1323}, 0, {1696, -592}, {138, 121, 152, 255} }},
	{{ {7271, -292, -3538}, 0, {5931, 2735}, {75, 69, 89, 255} }},
	{{ {7271, 1448, -3538}, 0, {5932, -592}, {139, 122, 152, 255} }},
	{{ {7271, -292, -1323}, 0, {1696, 2735}, {75, 69, 89, 255} }},
	{{ {7271, -624, -1323}, 0, {1696, 2735}, {75, 69, 89, 255} }},
	{{ {7271, -624, -3538}, 0, {5931, 2735}, {180, 41, 212, 255} }},
	{{ {7729, 1448, -3947}, 0, {-1943, -592}, {138, 121, 152, 255} }},
	{{ {10527, -292, -3947}, 0, {3406, 2735}, {75, 69, 89, 255} }},
	{{ {10527, 1448, -3947}, 0, {3406, -592}, {138, 121, 152, 255} }},
	{{ {7729, -292, -3947}, 0, {-1943, 2735}, {75, 69, 89, 255} }},
	{{ {7271, 1448, -3538}, 0, {-2819, -592}, {139, 122, 152, 255} }},
	{{ {7271, -292, -3538}, 0, {-2819, 2735}, {75, 69, 89, 255} }},
	{{ {7271, -624, -3538}, 0, {-2819, 2735}, {180, 41, 212, 255} }},
	{{ {7729, -624, -3947}, 0, {-1943, 2735}, {180, 41, 211, 255} }},
	{{ {10527, -624, -3947}, 0, {3406, 2735}, {180, 42, 211, 255} }},
	{{ {7271, -292, 2180}, 0, {-2819, 2735}, {74, 68, 88, 255} }},
	{{ {7271, 1448, 2180}, 0, {-2819, -592}, {149, 139, 159, 255} }},
	{{ {7729, 1448, 2538}, 0, {-1943, -592}, {141, 126, 154, 255} }},
	{{ {7729, -292, 2538}, 0, {-1943, 2735}, {74, 68, 88, 255} }},
	{{ {10527, 1448, 2538}, 0, {3406, -592}, {138, 121, 152, 255} }},
	{{ {10527, -292, 2538}, 0, {3406, 2735}, {74, 68, 88, 255} }},
	{{ {10527, -624, 2538}, 0, {3406, 2735}, {180, 41, 212, 255} }},
	{{ {7729, -624, 2538}, 0, {-1943, 2735}, {74, 68, 88, 255} }},
	{{ {7271, -624, 2180}, 0, {-2819, 2735}, {74, 68, 88, 255} }},
	{{ {10625, -292, -1882}, 0, {2765, 2735}, {148, 136, 159, 255} }},
	{{ {10625, 1439, -1882}, 0, {2765, -574}, {138, 121, 152, 255} }},
	{{ {10527, 1448, -3947}, 0, {6713, -592}, {138, 121, 152, 255} }},
	{{ {10527, -292, -3947}, 0, {6713, 2735}, {75, 69, 89, 255} }},
	{{ {10527, -624, -3947}, 0, {6713, 2735}, {180, 42, 211, 255} }},
	{{ {10625, -624, -1882}, 0, {2765, 2735}, {181, 74, 212, 255} }},
	{{ {10625, 1439, 777}, 0, {-1920, 610}, {138, 121, 152, 255} }},
	{{ {10527, 1448, 2538}, 0, {-4807, 595}, {138, 121, 152, 255} }},
	{{ {10527, 2201, 2538}, 0, {-4807, -639}, {138, 121, 152, 255} }},
	{{ {10625, 2192, 777}, 0, {-1920, -623}, {138, 121, 152, 255} }},
	{{ {10625, 1439, -1882}, 0, {2437, 610}, {138, 121, 152, 255} }},
	{{ {10625, 2192, -1882}, 0, {2437, -623}, {138, 121, 152, 255} }},
	{{ {10527, 1448, -3947}, 0, {5822, 595}, {138, 121, 152, 255} }},
	{{ {10527, 2201, -3947}, 0, {5822, -639}, {138, 121, 152, 255} }},
	{{ {7729, 1448, 2538}, 0, {-1182, 595}, {141, 126, 154, 255} }},
	{{ {7271, 1448, 2180}, 0, {-1933, 595}, {149, 139, 159, 255} }},
	{{ {7271, 2201, 2180}, 0, {-1933, -639}, {149, 139, 159, 255} }},
	{{ {7729, 2201, 2538}, 0, {-1182, -639}, {141, 126, 154, 255} }},
	{{ {10527, 1448, 2538}, 0, {3404, 595}, {138, 121, 152, 255} }},
	{{ {10527, 2201, 2538}, 0, {3404, -639}, {138, 121, 152, 255} }},
	{{ {7729, 1448, -3947}, 0, {-1182, 595}, {138, 121, 152, 255} }},
	{{ {10527, 1448, -3947}, 0, {3404, 595}, {138, 121, 152, 255} }},
	{{ {10527, 2201, -3947}, 0, {3404, -639}, {138, 121, 152, 255} }},
	{{ {7729, 2201, -3947}, 0, {-1182, -639}, {138, 121, 152, 255} }},
	{{ {7271, 1448, -3538}, 0, {-1933, 595}, {139, 122, 152, 255} }},
	{{ {7271, 2201, -3538}, 0, {-1933, -639}, {139, 122, 152, 255} }},
	{{ {7271, 1448, -1323}, 0, {1521, 595}, {138, 121, 152, 255} }},
	{{ {7271, 1448, -3538}, 0, {5152, 595}, {139, 122, 152, 255} }},
	{{ {7271, 2201, -3538}, 0, {5152, -639}, {139, 122, 152, 255} }},
	{{ {7271, 2201, -1323}, 0, {1521, -639}, {138, 121, 152, 255} }},
	{{ {7271, 2066, -870}, 0, {779, -417}, {175, 175, 175, 255} }},
	{{ {7271, 2066, -139}, 0, {-419, -417}, {168, 168, 168, 255} }},
	{{ {7271, 2201, 313}, 0, {-1161, -639}, {141, 125, 154, 255} }},
	{{ {7271, 1448, 313}, 0, {-1161, 595}, {141, 125, 154, 255} }},
	{{ {7271, 1448, 2180}, 0, {-4221, 595}, {149, 139, 159, 255} }},
	{{ {7271, 2201, 2180}, 0, {-4221, -639}, {149, 139, 159, 255} }},
	{{ {10625, 2192, -1882}, 0, {3614, -1865}, {138, 121, 152, 255} }},
	{{ {10625, 2192, 777}, 0, {3614, 3468}, {138, 121, 152, 255} }},
	{{ {10527, 2201, 2538}, 0, {3416, 7001}, {138, 121, 152, 255} }},
	{{ {10527, 2201, -3947}, 0, {3416, -6009}, {138, 121, 152, 255} }},
	{{ {7271, 2201, -1323}, 0, {-3116, -744}, {138, 121, 152, 255} }},
	{{ {7271, 2201, 313}, 0, {-3116, 2538}, {141, 125, 154, 255} }},
	{{ {7271, 2201, 2180}, 0, {-3116, 6284}, {149, 139, 159, 255} }},
	{{ {7729, 2201, 2538}, 0, {-2197, 7001}, {141, 126, 154, 255} }},
	{{ {7271, 2201, -3538}, 0, {-3116, -5189}, {139, 122, 152, 255} }},
	{{ {7729, 2201, -3947}, 0, {-2197, -6009}, {138, 121, 152, 255} }},
	{{ {5874, 2293, -2685}, 0, {-2463, 6174}, {94, 91, 100, 255} }},
	{{ {5874, 2293, 1997}, 0, {2769, 6174}, {95, 92, 101, 255} }},
	{{ {3978, 2293, 2129}, 0, {2916, 4055}, {96, 74, 114, 255} }},
	{{ {3980, 2293, -2553}, 0, {-2315, 4058}, {96, 74, 114, 255} }},
	{{ {-4289, 2293, 1997}, 0, {2769, -5182}, {94, 91, 100, 255} }},
	{{ {-2315, 2293, 2129}, 0, {2916, -2976}, {116, 83, 146, 255} }},
	{{ {-2309, 2293, -2553}, 0, {-2315, -2969}, {116, 83, 146, 255} }},
	{{ {-4289, 2293, -2685}, 0, {-2463, -5182}, {95, 91, 100, 255} }},
};

Gfx lll_dl_Plane_002_mesh_layer_1_tri_3[] = {
	gsSPVertex(lll_dl_Plane_002_mesh_layer_1_vtx_3 + 0, 32, 0),
	gsSP2Triangles(0, 1, 2, 0, 3, 4, 5, 0),
	gsSP2Triangles(3, 5, 6, 0, 7, 8, 9, 0),
	gsSP2Triangles(7, 10, 8, 0, 10, 11, 8, 0),
	gsSP2Triangles(10, 12, 11, 0, 13, 14, 15, 0),
	gsSP2Triangles(13, 16, 14, 0, 16, 17, 14, 0),
	gsSP2Triangles(16, 18, 17, 0, 19, 20, 21, 0),
	gsSP2Triangles(21, 22, 19, 0, 19, 23, 24, 0),
	gsSP2Triangles(25, 24, 23, 0, 25, 23, 26, 0),
	gsSP2Triangles(1, 25, 26, 0, 26, 27, 1, 0),
	gsSP2Triangles(28, 29, 30, 0, 28, 30, 31, 0),
	gsSPVertex(lll_dl_Plane_002_mesh_layer_1_vtx_3 + 32, 32, 0),
	gsSP2Triangles(0, 1, 2, 0, 0, 2, 3, 0),
	gsSP2Triangles(4, 0, 3, 0, 4, 3, 5, 0),
	gsSP2Triangles(6, 7, 8, 0, 6, 8, 9, 0),
	gsSP2Triangles(10, 6, 9, 0, 10, 9, 11, 0),
	gsSP2Triangles(12, 10, 11, 0, 12, 11, 13, 0),
	gsSP2Triangles(14, 15, 16, 0, 15, 17, 16, 0),
	gsSP2Triangles(16, 17, 18, 0, 19, 18, 17, 0),
	gsSP2Triangles(19, 17, 20, 0, 20, 21, 19, 0),
	gsSP2Triangles(20, 22, 21, 0, 23, 21, 22, 0),
	gsSP2Triangles(24, 25, 26, 0, 26, 27, 24, 0),
	gsSP2Triangles(26, 28, 27, 0, 28, 29, 27, 0),
	gsSP2Triangles(29, 30, 27, 0, 31, 30, 29, 0),
	gsSPVertex(lll_dl_Plane_002_mesh_layer_1_vtx_3 + 64, 32, 0),
	gsSP2Triangles(0, 1, 2, 0, 2, 1, 3, 0),
	gsSP2Triangles(0, 2, 4, 0, 4, 2, 5, 0),
	gsSP2Triangles(4, 5, 6, 0, 0, 4, 7, 0),
	gsSP2Triangles(8, 9, 10, 0, 8, 10, 11, 0),
	gsSP2Triangles(11, 10, 12, 0, 11, 12, 13, 0),
	gsSP2Triangles(14, 11, 13, 0, 14, 13, 15, 0),
	gsSP2Triangles(16, 14, 15, 0, 16, 15, 17, 0),
	gsSP2Triangles(18, 16, 17, 0, 18, 17, 19, 0),
	gsSP2Triangles(20, 18, 19, 0, 20, 19, 21, 0),
	gsSP2Triangles(22, 18, 20, 0, 22, 23, 18, 0),
	gsSP2Triangles(23, 16, 18, 0, 23, 24, 16, 0),
	gsSP2Triangles(24, 14, 16, 0, 24, 25, 14, 0),
	gsSP2Triangles(25, 11, 14, 0, 25, 8, 11, 0),
	gsSP2Triangles(26, 27, 28, 0, 26, 28, 29, 0),
	gsSP2Triangles(26, 29, 30, 0, 26, 30, 31, 0),
	gsSPVertex(lll_dl_Plane_002_mesh_layer_1_vtx_3 + 96, 30, 0),
	gsSP2Triangles(0, 1, 2, 0, 0, 3, 1, 0),
	gsSP2Triangles(1, 3, 4, 0, 1, 4, 5, 0),
	gsSP2Triangles(6, 7, 8, 0, 6, 9, 7, 0),
	gsSP2Triangles(10, 9, 6, 0, 10, 11, 9, 0),
	gsSP2Triangles(9, 11, 12, 0, 9, 12, 13, 0),
	gsSP2Triangles(7, 9, 13, 0, 7, 13, 14, 0),
	gsSP2Triangles(15, 16, 17, 0, 15, 17, 18, 0),
	gsSP2Triangles(18, 17, 19, 0, 18, 19, 20, 0),
	gsSP2Triangles(18, 20, 21, 0, 18, 21, 22, 0),
	gsSP2Triangles(15, 18, 22, 0, 15, 22, 23, 0),
	gsSP2Triangles(24, 25, 26, 0, 24, 26, 27, 0),
	gsSP2Triangles(24, 27, 28, 0, 24, 28, 29, 0),
	gsSPVertex(lll_dl_Plane_002_mesh_layer_1_vtx_3 + 126, 30, 0),
	gsSP2Triangles(0, 1, 2, 0, 0, 2, 3, 0),
	gsSP2Triangles(4, 0, 3, 0, 4, 3, 5, 0),
	gsSP2Triangles(6, 4, 5, 0, 6, 5, 7, 0),
	gsSP2Triangles(8, 9, 10, 0, 8, 10, 11, 0),
	gsSP2Triangles(12, 8, 11, 0, 12, 11, 13, 0),
	gsSP2Triangles(14, 15, 16, 0, 14, 16, 17, 0),
	gsSP2Triangles(18, 14, 17, 0, 18, 17, 19, 0),
	gsSP2Triangles(20, 21, 22, 0, 20, 22, 23, 0),
	gsSP2Triangles(24, 20, 23, 0, 25, 24, 23, 0),
	gsSP2Triangles(25, 23, 26, 0, 26, 27, 25, 0),
	gsSP2Triangles(28, 27, 26, 0, 28, 26, 29, 0),
	gsSPVertex(lll_dl_Plane_002_mesh_layer_1_vtx_3 + 156, 18, 0),
	gsSP2Triangles(0, 1, 2, 0, 3, 0, 2, 0),
	gsSP2Triangles(2, 4, 3, 0, 2, 5, 4, 0),
	gsSP2Triangles(2, 6, 5, 0, 2, 7, 6, 0),
	gsSP2Triangles(4, 8, 3, 0, 8, 9, 3, 0),
	gsSP2Triangles(10, 11, 12, 0, 13, 10, 12, 0),
	gsSP2Triangles(12, 14, 13, 0, 12, 15, 14, 0),
	gsSP2Triangles(14, 16, 13, 0, 14, 17, 16, 0),
	gsSPEndDisplayList(),
};

Vtx lll_dl_Plane_002_mesh_layer_1_vtx_4[43] = {
	{{ {10483, -292, -1813}, 0, {854, 4605}, {78, 71, 92, 255} }},
	{{ {9814, -292, -2348}, 0, {2065, 5574}, {74, 68, 88, 255} }},
	{{ {7414, -292, -2348}, 0, {6414, 5574}, {74, 68, 88, 255} }},
	{{ {7414, -292, -1323}, 0, {6414, 3717}, {75, 69, 89, 255} }},
	{{ {7271, -292, -2491}, 0, {6673, 5833}, {74, 68, 88, 255} }},
	{{ {7271, -292, -1323}, 0, {6673, 3717}, {75, 69, 89, 255} }},
	{{ {7414, -292, 313}, 0, {6414, 753}, {74, 68, 88, 255} }},
	{{ {7271, -292, 313}, 0, {6673, 753}, {74, 68, 88, 255} }},
	{{ {7414, -292, 1233}, 0, {6414, -913}, {74, 68, 88, 255} }},
	{{ {7271, -292, 1375}, 0, {6673, -1171}, {74, 68, 88, 255} }},
	{{ {9815, -292, 1233}, 0, {2063, -913}, {74, 68, 88, 255} }},
	{{ {10483, -292, 707}, 0, {854, 39}, {121, 106, 134, 255} }},
	{{ {10483, -292, 313}, 0, {854, 753}, {74, 68, 88, 255} }},
	{{ {10625, -292, 777}, 0, {596, -86}, {138, 121, 152, 255} }},
	{{ {10625, -292, 313}, 0, {596, 753}, {74, 68, 88, 255} }},
	{{ {10483, -292, -1323}, 0, {854, 3717}, {74, 68, 88, 255} }},
	{{ {10625, -292, -1323}, 0, {596, 3717}, {74, 68, 88, 255} }},
	{{ {10625, -292, -1882}, 0, {596, 4729}, {137, 120, 151, 255} }},
	{{ {10625, -292, -1323}, 0, {4292, -1266}, {74, 68, 88, 255} }},
	{{ {10625, -292, 313}, 0, {4292, 2502}, {74, 68, 88, 255} }},
	{{ {10625, -292, 3}, 0, {4292, 2502}, {74, 68, 88, 255} }},
	{{ {10625, -292, -1013}, 0, {4292, -1266}, {74, 68, 88, 255} }},
	{{ {10625, -292, -1013}, 0, {-3426, 5833}, {74, 68, 88, 255} }},
	{{ {10625, -292, 3}, 0, {-1587, 5833}, {74, 68, 88, 255} }},
	{{ {10762, -292, 3}, 0, {-1587, 5586}, {74, 68, 88, 255} }},
	{{ {10762, -292, -1013}, 0, {-3426, 5586}, {74, 68, 88, 255} }},
	{{ {12430, -292, 3}, 0, {-1587, 2564}, {74, 68, 88, 255} }},
	{{ {12430, -292, -1013}, 0, {-3427, 2564}, {74, 68, 88, 255} }},
	{{ {14118, -263, -990}, 0, {-3386, -495}, {255, 255, 255, 255} }},
	{{ {14118, -263, -41}, 0, {-1667, -496}, {229, 226, 226, 255} }},
	{{ {12430, -292, 1206}, 0, {593, 2563}, {70, 64, 83, 255} }},
	{{ {14118, -263, 1162}, 0, {512, -496}, {92, 91, 91, 255} }},
	{{ {14118, -263, -41}, 0, {-1667, -496}, {229, 226, 226, 255} }},
	{{ {14118, -263, 1162}, 0, {512, -496}, {92, 91, 91, 255} }},
	{{ {14940, -263, 433}, 0, {-808, -1984}, {245, 244, 244, 255} }},
	{{ {16433, -263, 1162}, 0, {512, -4689}, {127, 127, 127, 255} }},
	{{ {15761, -263, -41}, 0, {-1667, -3472}, {235, 234, 234, 255} }},
	{{ {16433, -263, -2257}, 0, {-5681, -4689}, {130, 130, 130, 255} }},
	{{ {15761, -263, -990}, 0, {-3386, -3472}, {255, 255, 255, 255} }},
	{{ {14940, -263, -1464}, 0, {-4245, -1984}, {255, 255, 255, 255} }},
	{{ {12438, -263, -2257}, 0, {-5681, 2549}, {141, 141, 141, 255} }},
	{{ {14118, -263, -990}, 0, {-3386, -495}, {255, 255, 255, 255} }},
	{{ {12430, -292, -1013}, 0, {-3427, 2564}, {74, 68, 88, 255} }},
};

Gfx lll_dl_Plane_002_mesh_layer_1_tri_4[] = {
	gsSPVertex(lll_dl_Plane_002_mesh_layer_1_vtx_4 + 0, 32, 0),
	gsSP2Triangles(0, 1, 2, 0, 0, 2, 3, 0),
	gsSP2Triangles(3, 2, 4, 0, 3, 4, 5, 0),
	gsSP2Triangles(6, 3, 5, 0, 6, 5, 7, 0),
	gsSP2Triangles(8, 6, 7, 0, 8, 7, 9, 0),
	gsSP2Triangles(6, 8, 10, 0, 6, 10, 11, 0),
	gsSP2Triangles(11, 12, 6, 0, 12, 11, 13, 0),
	gsSP2Triangles(12, 13, 14, 0, 15, 12, 14, 0),
	gsSP2Triangles(15, 14, 16, 0, 0, 15, 16, 0),
	gsSP2Triangles(0, 16, 17, 0, 3, 15, 0, 0),
	gsSP2Triangles(12, 15, 3, 0, 12, 3, 6, 0),
	gsSP2Triangles(18, 19, 20, 0, 18, 20, 21, 0),
	gsSP2Triangles(22, 23, 24, 0, 22, 24, 25, 0),
	gsSP2Triangles(25, 24, 26, 0, 25, 26, 27, 0),
	gsSP2Triangles(26, 28, 27, 0, 26, 29, 28, 0),
	gsSP2Triangles(29, 26, 30, 0, 29, 30, 31, 0),
	gsSPVertex(lll_dl_Plane_002_mesh_layer_1_vtx_4 + 32, 11, 0),
	gsSP2Triangles(0, 1, 2, 0, 1, 3, 2, 0),
	gsSP2Triangles(2, 3, 4, 0, 3, 5, 4, 0),
	gsSP2Triangles(4, 5, 6, 0, 7, 6, 5, 0),
	gsSP2Triangles(5, 8, 7, 0, 7, 8, 9, 0),
	gsSP1Triangle(9, 8, 10, 0),
	gsSPEndDisplayList(),
};

Vtx lll_dl_Plane_002_mesh_layer_1_vtx_5[40] = {
	{{ {10625, -292, -1882}, 0, {-1439, 3050}, {148, 136, 159, 255} }},
	{{ {9864, -186, -2491}, 0, {-1591, 1655}, {255, 255, 255, 255} }},
	{{ {10625, -186, -1882}, 0, {-1591, 3050}, {255, 255, 255, 255} }},
	{{ {9864, -292, -2491}, 0, {-1439, 1655}, {255, 255, 255, 255} }},
	{{ {10625, -1562, -1882}, 0, {378, 3050}, {222, 17, 254, 255} }},
	{{ {9864, -1562, -2491}, 0, {378, 1655}, {224, 11, 255, 255} }},
	{{ {7271, -292, -2491}, 0, {-1439, -2058}, {255, 255, 255, 255} }},
	{{ {7271, -1562, -2491}, 0, {378, -2058}, {180, 41, 212, 255} }},
	{{ {7271, -186, -2491}, 0, {-1591, -2058}, {255, 255, 255, 255} }},
	{{ {7414, -292, 1233}, 0, {-12680, 15790}, {74, 68, 88, 255} }},
	{{ {7271, -292, 1375}, 0, {-13900, 17009}, {74, 68, 88, 255} }},
	{{ {7271, -186, 1375}, 0, {-13900, 17009}, {74, 68, 88, 255} }},
	{{ {7414, -186, 1233}, 0, {-12680, 15790}, {74, 68, 88, 255} }},
	{{ {9815, -186, 1233}, 0, {7837, 15790}, {74, 68, 88, 255} }},
	{{ {9865, -186, 1375}, 0, {8260, 17009}, {74, 68, 88, 255} }},
	{{ {10483, -186, 707}, 0, {13537, 11301}, {101, 89, 114, 255} }},
	{{ {10625, -186, 777}, 0, {14756, 11893}, {74, 68, 88, 255} }},
	{{ {10625, -292, 777}, 0, {14756, 11893}, {138, 121, 152, 255} }},
	{{ {10483, -292, 707}, 0, {13537, 11301}, {121, 106, 134, 255} }},
	{{ {9815, -292, 1233}, 0, {7837, 15790}, {74, 68, 88, 255} }},
	{{ {10483, -292, -1813}, 0, {13537, -10229}, {78, 71, 92, 255} }},
	{{ {10625, -292, -1882}, 0, {14756, -10815}, {137, 120, 151, 255} }},
	{{ {10625, -186, -1882}, 0, {14756, -10815}, {74, 68, 88, 255} }},
	{{ {10483, -186, -1813}, 0, {13537, -10229}, {81, 73, 94, 255} }},
	{{ {9814, -186, -2348}, 0, {7828, -14798}, {74, 68, 88, 255} }},
	{{ {9864, -186, -2491}, 0, {8256, -16017}, {74, 68, 88, 255} }},
	{{ {7414, -186, -2348}, 0, {-12680, -14798}, {74, 68, 88, 255} }},
	{{ {7271, -186, -2491}, 0, {-13900, -16017}, {74, 68, 88, 255} }},
	{{ {7271, -292, -2491}, 0, {-13900, -16017}, {74, 68, 88, 255} }},
	{{ {7414, -292, -2348}, 0, {-12680, -14798}, {74, 68, 88, 255} }},
	{{ {9814, -292, -2348}, 0, {7828, -14798}, {74, 68, 88, 255} }},
	{{ {7271, -292, 1375}, 0, {531, 3050}, {255, 255, 255, 255} }},
	{{ {9865, -186, 1375}, 0, {380, -663}, {255, 255, 255, 255} }},
	{{ {7271, -186, 1375}, 0, {380, 3050}, {255, 255, 255, 255} }},
	{{ {9865, -292, 1375}, 0, {531, -663}, {255, 255, 255, 255} }},
	{{ {7271, -1562, 1375}, 0, {2348, 3050}, {224, 11, 255, 255} }},
	{{ {9865, -1562, 1375}, 0, {2348, -663}, {223, 14, 255, 255} }},
	{{ {10625, -292, 777}, 0, {531, -2049}, {144, 130, 156, 255} }},
	{{ {10625, -1562, 777}, 0, {2348, -2049}, {224, 11, 255, 255} }},
	{{ {10625, -186, 777}, 0, {380, -2049}, {255, 255, 255, 255} }},
};

Gfx lll_dl_Plane_002_mesh_layer_1_tri_5[] = {
	gsSPVertex(lll_dl_Plane_002_mesh_layer_1_vtx_5 + 0, 31, 0),
	gsSP2Triangles(0, 1, 2, 0, 0, 3, 1, 0),
	gsSP2Triangles(3, 0, 4, 0, 3, 4, 5, 0),
	gsSP2Triangles(6, 3, 5, 0, 6, 5, 7, 0),
	gsSP2Triangles(3, 6, 8, 0, 3, 8, 1, 0),
	gsSP2Triangles(9, 10, 11, 0, 9, 11, 12, 0),
	gsSP2Triangles(13, 12, 11, 0, 13, 11, 14, 0),
	gsSP2Triangles(15, 13, 14, 0, 15, 14, 16, 0),
	gsSP2Triangles(17, 15, 16, 0, 17, 18, 15, 0),
	gsSP2Triangles(18, 13, 15, 0, 18, 19, 13, 0),
	gsSP2Triangles(19, 12, 13, 0, 19, 9, 12, 0),
	gsSP2Triangles(20, 21, 22, 0, 20, 22, 23, 0),
	gsSP2Triangles(24, 23, 22, 0, 24, 22, 25, 0),
	gsSP2Triangles(26, 24, 25, 0, 26, 25, 27, 0),
	gsSP2Triangles(28, 26, 27, 0, 28, 29, 26, 0),
	gsSP2Triangles(29, 24, 26, 0, 29, 30, 24, 0),
	gsSP2Triangles(30, 23, 24, 0, 30, 20, 23, 0),
	gsSPVertex(lll_dl_Plane_002_mesh_layer_1_vtx_5 + 31, 9, 0),
	gsSP2Triangles(0, 1, 2, 0, 0, 3, 1, 0),
	gsSP2Triangles(3, 0, 4, 0, 3, 4, 5, 0),
	gsSP2Triangles(6, 3, 5, 0, 6, 5, 7, 0),
	gsSP2Triangles(3, 6, 8, 0, 3, 8, 1, 0),
	gsSPEndDisplayList(),
};

Vtx lll_dl_Plane_002_mesh_layer_1_vtx_6[8] = {
	{{ {8806, -259, -1342}, 0, {2018, -1849}, {130, 125, 128, 255} }},
	{{ {8080, -259, -923}, 0, {1131, -3385}, {147, 144, 145, 255} }},
	{{ {8080, -259, -78}, 0, {-655, -3385}, {119, 112, 116, 255} }},
	{{ {9611, -259, -226}, 0, {-342, -147}, {111, 102, 107, 255} }},
	{{ {8806, -259, 341}, 0, {-1542, -1849}, {113, 104, 109, 255} }},
	{{ {9611, -259, -774}, 0, {818, -147}, {111, 102, 107, 255} }},
	{{ {14021, -232, -226}, 0, {-342, 4377}, {201, 185, 194, 255} }},
	{{ {14021, -232, -774}, 0, {818, 4377}, {201, 185, 194, 255} }},
};

Gfx lll_dl_Plane_002_mesh_layer_1_tri_6[] = {
	gsSPVertex(lll_dl_Plane_002_mesh_layer_1_vtx_6 + 0, 8, 0),
	gsSP2Triangles(0, 1, 2, 0, 0, 2, 3, 0),
	gsSP2Triangles(2, 4, 3, 0, 3, 5, 0, 0),
	gsSP2Triangles(5, 3, 6, 0, 5, 6, 7, 0),
	gsSPEndDisplayList(),
};

Vtx lll_dl_Plane_002_mesh_layer_1_vtx_7[48] = {
	{{ {8806, -259, -1342}, 0, {1936, -1742}, {130, 125, 128, 255} }},
	{{ {9611, -259, -774}, 0, {791, -118}, {111, 102, 107, 255} }},
	{{ {9642, -259, -874}, 0, {991, -54}, {201, 185, 194, 255} }},
	{{ {14121, -232, -874}, 0, {991, 4399}, {201, 185, 194, 255} }},
	{{ {14021, -232, -774}, 0, {791, 4199}, {201, 185, 194, 255} }},
	{{ {14121, -232, -127}, 0, {-515, 4399}, {201, 185, 194, 255} }},
	{{ {14021, -232, -226}, 0, {-315, 4199}, {201, 185, 194, 255} }},
	{{ {9642, -259, -127}, 0, {-515, -54}, {201, 185, 194, 255} }},
	{{ {9611, -259, -226}, 0, {-315, -118}, {111, 102, 107, 255} }},
	{{ {8811, -259, 459}, 0, {-1698, -1731}, {201, 185, 194, 255} }},
	{{ {8806, -259, 341}, 0, {-1460, -1742}, {113, 104, 109, 255} }},
	{{ {7981, -259, -21}, 0, {-730, -3407}, {201, 185, 194, 255} }},
	{{ {8080, -259, -78}, 0, {-614, -3207}, {119, 112, 116, 255} }},
	{{ {7981, -259, -980}, 0, {1206, -3407}, {201, 185, 194, 255} }},
	{{ {8080, -259, -923}, 0, {1090, -3207}, {147, 144, 145, 255} }},
	{{ {8811, -259, -1460}, 0, {2174, -1731}, {201, 185, 194, 255} }},
	{{ {8345, -251, -345}, 0, {314, 59}, {94, 86, 91, 255} }},
	{{ {8353, -251, -705}, 0, {677, 58}, {96, 89, 93, 255} }},
	{{ {8238, -251, -756}, 0, {733, -77}, {153, 141, 148, 255} }},
	{{ {8567, -251, -1072}, 0, {1069, 258}, {154, 141, 148, 255} }},
	{{ {8613, -251, -955}, 0, {933, 314}, {94, 87, 91, 255} }},
	{{ {9024, -251, -1062}, 0, {1069, 733}, {154, 141, 148, 255} }},
	{{ {8974, -251, -947}, 0, {934, 677}, {149, 147, 148, 255} }},
	{{ {9340, -251, -732}, 0, {734, 1069}, {154, 141, 148, 255} }},
	{{ {9223, -251, -687}, 0, {678, 933}, {94, 86, 91, 255} }},
	{{ {9331, -251, -276}, 0, {259, 1069}, {145, 133, 140, 255} }},
	{{ {9216, -251, -326}, 0, {315, 934}, {94, 86, 91, 255} }},
	{{ {9001, -251, 41}, 0, {-77, 734}, {153, 141, 148, 255} }},
	{{ {8955, -251, -77}, 0, {59, 678}, {94, 86, 91, 255} }},
	{{ {8544, -251, 31}, 0, {-77, 259}, {152, 140, 147, 255} }},
	{{ {8595, -251, -84}, 0, {58, 315}, {95, 87, 91, 255} }},
	{{ {8228, -251, -299}, 0, {258, -77}, {154, 141, 148, 255} }},
	{{ {8228, -251, -299}, 0, {258, -77}, {154, 141, 148, 255} }},
	{{ {8238, -251, -756}, 0, {733, -77}, {153, 141, 148, 255} }},
	{{ {8238, -251, -756}, 0, {734, -78}, {153, 141, 148, 255} }},
	{{ {8567, -251, -1072}, 0, {1070, 258}, {154, 141, 148, 255} }},
	{{ {8567, -251, -1072}, 0, {1069, 258}, {154, 141, 148, 255} }},
	{{ {9024, -251, -1062}, 0, {1070, 734}, {154, 141, 148, 255} }},
	{{ {9024, -251, -1062}, 0, {1069, 733}, {154, 141, 148, 255} }},
	{{ {9340, -251, -732}, 0, {734, 1070}, {154, 141, 148, 255} }},
	{{ {9340, -251, -732}, 0, {734, 1069}, {154, 141, 148, 255} }},
	{{ {9331, -251, -276}, 0, {258, 1070}, {145, 133, 140, 255} }},
	{{ {9331, -251, -276}, 0, {259, 1069}, {145, 133, 140, 255} }},
	{{ {9001, -251, 41}, 0, {-78, 734}, {153, 141, 148, 255} }},
	{{ {9001, -251, 41}, 0, {-77, 734}, {153, 141, 148, 255} }},
	{{ {8544, -251, 31}, 0, {-78, 258}, {152, 140, 147, 255} }},
	{{ {8544, -251, 31}, 0, {-77, 259}, {152, 140, 147, 255} }},
	{{ {8228, -251, -299}, 0, {258, -78}, {154, 141, 148, 255} }},
};

Gfx lll_dl_Plane_002_mesh_layer_1_tri_7[] = {
	gsSPVertex(lll_dl_Plane_002_mesh_layer_1_vtx_7 + 0, 32, 0),
	gsSP2Triangles(0, 1, 2, 0, 1, 3, 2, 0),
	gsSP2Triangles(1, 4, 3, 0, 4, 5, 3, 0),
	gsSP2Triangles(4, 6, 5, 0, 6, 7, 5, 0),
	gsSP2Triangles(6, 8, 7, 0, 8, 9, 7, 0),
	gsSP2Triangles(8, 10, 9, 0, 10, 11, 9, 0),
	gsSP2Triangles(10, 12, 11, 0, 12, 13, 11, 0),
	gsSP2Triangles(12, 14, 13, 0, 14, 15, 13, 0),
	gsSP2Triangles(14, 0, 15, 0, 0, 2, 15, 0),
	gsSP2Triangles(16, 17, 18, 0, 17, 19, 18, 0),
	gsSP2Triangles(17, 20, 19, 0, 20, 21, 19, 0),
	gsSP2Triangles(20, 22, 21, 0, 22, 23, 21, 0),
	gsSP2Triangles(22, 24, 23, 0, 24, 25, 23, 0),
	gsSP2Triangles(24, 26, 25, 0, 26, 27, 25, 0),
	gsSP2Triangles(26, 28, 27, 0, 28, 29, 27, 0),
	gsSP2Triangles(28, 30, 29, 0, 30, 31, 29, 0),
	gsSP2Triangles(30, 16, 31, 0, 16, 18, 31, 0),
	gsSPVertex(lll_dl_Plane_002_mesh_layer_1_vtx_7 + 32, 16, 0),
	gsSP2Triangles(0, 1, 2, 0, 1, 3, 2, 0),
	gsSP2Triangles(1, 4, 3, 0, 4, 5, 3, 0),
	gsSP2Triangles(4, 6, 5, 0, 6, 7, 5, 0),
	gsSP2Triangles(6, 8, 7, 0, 8, 9, 7, 0),
	gsSP2Triangles(8, 10, 9, 0, 10, 11, 9, 0),
	gsSP2Triangles(10, 12, 11, 0, 12, 13, 11, 0),
	gsSP2Triangles(12, 14, 13, 0, 14, 15, 13, 0),
	gsSP2Triangles(14, 0, 15, 0, 0, 2, 15, 0),
	gsSPEndDisplayList(),
};

Vtx lll_dl_Plane_002_mesh_layer_1_vtx_8[8] = {
	{{ {8613, -251, -955}, 0, {898, 329}, {94, 87, 91, 255} }},
	{{ {8353, -251, -705}, 0, {662, 94}, {96, 89, 93, 255} }},
	{{ {8345, -251, -345}, 0, {329, 94}, {94, 86, 91, 255} }},
	{{ {8955, -251, -77}, 0, {94, 663}, {94, 86, 91, 255} }},
	{{ {8595, -251, -84}, 0, {94, 330}, {95, 87, 91, 255} }},
	{{ {9223, -251, -687}, 0, {663, 898}, {94, 86, 91, 255} }},
	{{ {9216, -251, -326}, 0, {330, 898}, {94, 86, 91, 255} }},
	{{ {8974, -251, -947}, 0, {898, 662}, {149, 147, 148, 255} }},
};

Gfx lll_dl_Plane_002_mesh_layer_1_tri_8[] = {
	gsSPVertex(lll_dl_Plane_002_mesh_layer_1_vtx_8 + 0, 8, 0),
	gsSP2Triangles(0, 1, 2, 0, 0, 2, 3, 0),
	gsSP2Triangles(2, 4, 3, 0, 3, 5, 0, 0),
	gsSP2Triangles(3, 6, 5, 0, 5, 7, 0, 0),
	gsSPEndDisplayList(),
};

Vtx lll_dl_Plane_003_mesh_layer_1_vtx_cull[8] = {
	{{ {-2102, -401, 1743}, 0, {0, 0}, {0, 0, 0, 0} }},
	{{ {-2102, -401, 1743}, 0, {0, 0}, {0, 0, 0, 0} }},
	{{ {-2102, -401, -2333}, 0, {0, 0}, {0, 0, 0, 0} }},
	{{ {-2102, -401, -2333}, 0, {0, 0}, {0, 0, 0, 0} }},
	{{ {3641, -401, 1743}, 0, {0, 0}, {0, 0, 0, 0} }},
	{{ {3641, -401, 1743}, 0, {0, 0}, {0, 0, 0, 0} }},
	{{ {3641, -401, -2333}, 0, {0, 0}, {0, 0, 0, 0} }},
	{{ {3641, -401, -2333}, 0, {0, 0}, {0, 0, 0, 0} }},
};

Vtx lll_dl_Plane_003_mesh_layer_1_vtx_0[17] = {
	{{ {-2102, -401, 1043}, 0, {-527, -985}, {83, 76, 100, 255} }},
	{{ {-2102, -401, 1743}, 0, {-942, -985}, {83, 76, 100, 255} }},
	{{ {3641, -401, 1743}, 0, {-942, 1977}, {83, 76, 100, 255} }},
	{{ {742, -401, 1043}, 0, {-527, 482}, {83, 76, 100, 255} }},
	{{ {1777, -401, 156}, 0, {-1, 1016}, {83, 76, 100, 255} }},
	{{ {2761, -401, 157}, 0, {-1, 1524}, {83, 76, 100, 255} }},
	{{ {3641, -401, 157}, 0, {-1, 1977}, {83, 76, 100, 255} }},
	{{ {742, -401, -651}, 0, {478, 482}, {83, 76, 100, 255} }},
	{{ {1776, -401, -651}, 0, {478, 1016}, {83, 76, 100, 255} }},
	{{ {-2102, -401, -2333}, 0, {1476, -985}, {83, 76, 100, 255} }},
	{{ {-2102, -401, 174}, 0, {-11, -985}, {83, 76, 100, 255} }},
	{{ {-220, -401, 174}, 0, {-11, -14}, {83, 76, 100, 255} }},
	{{ {-221, -401, -1554}, 0, {1014, -15}, {83, 76, 100, 255} }},
	{{ {2781, -401, -1555}, 0, {1014, 1534}, {83, 76, 100, 255} }},
	{{ {3641, -401, -2333}, 0, {1476, 1977}, {84, 76, 100, 255} }},
	{{ {2778, -401, -721}, 0, {520, 1533}, {83, 76, 100, 255} }},
	{{ {3641, -401, -722}, 0, {520, 1977}, {84, 76, 100, 255} }},
};

Gfx lll_dl_Plane_003_mesh_layer_1_tri_0[] = {
	gsSPVertex(lll_dl_Plane_003_mesh_layer_1_vtx_0 + 0, 17, 0),
	gsSP2Triangles(0, 1, 2, 0, 3, 0, 2, 0),
	gsSP2Triangles(2, 4, 3, 0, 2, 5, 4, 0),
	gsSP2Triangles(2, 6, 5, 0, 4, 7, 3, 0),
	gsSP2Triangles(4, 8, 7, 0, 9, 10, 11, 0),
	gsSP2Triangles(9, 11, 12, 0, 9, 12, 13, 0),
	gsSP2Triangles(13, 14, 9, 0, 13, 15, 14, 0),
	gsSP1Triangle(15, 16, 14, 0),
	gsSPEndDisplayList(),
};

Gfx mat_lll_dl_f3dlite_material_034[] = {
	gsSPGeometryMode(G_CULL_BACK, 0),
	gsSPLightColor(LIGHT_1, 0xFFFFFFFF),
	gsSPLightColor(LIGHT_2, 0x7F7F7FFF),
	gsDPPipeSync(),
	gsDPSetCombineLERP(TEXEL0, 0, SHADE, 0, TEXEL0, 0, PRIMITIVE, 0, TEXEL0, 0, SHADE, 0, TEXEL0, 0, PRIMITIVE, 0),
	gsDPSetAlphaDither(G_AD_NOISE),
	gsDPSetTextureLUT(G_TT_RGBA16),
	gsSPTexture(65535, 65535, 0, 0, 1),
	gsDPSetPrimColor(0, 0, 0, 0, 0, 255),
	gsDPSetTextureImage(G_IM_FMT_RGBA, G_IM_SIZ_16b, 1, lll_dl_anneau_pal_rgba16),
	gsDPSetTile(0, 0, 0, 256, 5, 0, G_TX_WRAP | G_TX_NOMIRROR, 0, 0, G_TX_WRAP | G_TX_NOMIRROR, 0, 0),
	gsDPLoadTLUTCmd(5, 74),
	gsDPSetTextureImage(G_IM_FMT_CI, G_IM_SIZ_8b_LOAD_BLOCK, 1, lll_dl_anneau_ci8),
	gsDPSetTile(G_IM_FMT_CI, G_IM_SIZ_8b_LOAD_BLOCK, 0, 0, 7, 0, G_TX_WRAP | G_TX_NOMIRROR, 0, 0, G_TX_WRAP | G_TX_NOMIRROR, 0, 0),
	gsDPLoadBlock(7, 0, 0, 511, 512),
	gsDPSetTile(G_IM_FMT_CI, G_IM_SIZ_8b, 4, 0, 0, 0, G_TX_WRAP | G_TX_NOMIRROR, 5, 0, G_TX_WRAP | G_TX_NOMIRROR, 5, 0),
	gsDPSetTileSize(0, 0, 0, 124, 124),
	gsSPEndDisplayList(),
};

Gfx mat_revert_lll_dl_f3dlite_material_034[] = {
	gsSPGeometryMode(0, G_CULL_BACK),
	gsDPPipeSync(),
	gsDPSetAlphaDither(G_AD_DISABLE),
	gsDPSetTextureLUT(G_TT_NONE),
	gsSPEndDisplayList(),
};

Gfx mat_lll_dl_f3dlite_material_054[] = {
	gsSPGeometryMode(G_LIGHTING, 0),
	gsDPPipeSync(),
	gsDPSetCombineLERP(TEXEL0, 0, SHADE, 0, TEXEL0, 0, SHADE, 0, TEXEL0, 0, SHADE, 0, TEXEL0, 0, SHADE, 0),
	gsDPSetAlphaDither(G_AD_NOISE),
	gsDPSetTextureLUT(G_TT_RGBA16),
	gsSPTexture(65535, 65535, 0, 0, 1),
	gsDPSetTextureImage(G_IM_FMT_RGBA, G_IM_SIZ_16b, 1, lll_dl_tex1_128x128_b53e167bdc655fa5_14_pal_rgba16),
	gsDPSetTile(0, 0, 0, 256, 5, 0, G_TX_WRAP | G_TX_NOMIRROR, 0, 0, G_TX_WRAP | G_TX_NOMIRROR, 0, 0),
	gsDPLoadTLUTCmd(5, 255),
	gsDPSetTextureImage(G_IM_FMT_CI, G_IM_SIZ_8b_LOAD_BLOCK, 1, lll_dl_tex1_128x128_b53e167bdc655fa5_14_ci8),
	gsDPSetTile(G_IM_FMT_CI, G_IM_SIZ_8b_LOAD_BLOCK, 0, 0, 7, 0, G_TX_WRAP | G_TX_NOMIRROR, 0, 0, G_TX_WRAP | G_TX_NOMIRROR, 0, 0),
	gsDPLoadBlock(7, 0, 0, 511, 512),
	gsDPSetTile(G_IM_FMT_CI, G_IM_SIZ_8b, 4, 0, 0, 0, G_TX_WRAP | G_TX_NOMIRROR, 5, 0, G_TX_WRAP | G_TX_NOMIRROR, 5, 0),
	gsDPSetTileSize(0, 0, 0, 124, 124),
	gsSPEndDisplayList(),
};

Gfx mat_revert_lll_dl_f3dlite_material_054[] = {
	gsSPGeometryMode(0, G_LIGHTING),
	gsDPPipeSync(),
	gsDPSetAlphaDither(G_AD_DISABLE),
	gsDPSetTextureLUT(G_TT_NONE),
	gsSPEndDisplayList(),
};

Gfx mat_lll_dl_f3dlite_material[] = {
	gsSPGeometryMode(G_LIGHTING, 0),
	gsDPPipeSync(),
	gsDPSetCombineLERP(TEXEL0, 0, SHADE, 0, ENVIRONMENT, 0, SHADE, 0, TEXEL0, 0, SHADE, 0, ENVIRONMENT, 0, SHADE, 0),
	gsDPSetAlphaDither(G_AD_NOISE),
	gsDPSetTextureLUT(G_TT_RGBA16),
	gsSPTexture(65535, 65535, 0, 0, 1),
	gsDPSetTextureImage(G_IM_FMT_RGBA, G_IM_SIZ_16b, 1, lll_dl_tex1_128x128_76fef9c297125c7b_14_pal_rgba16),
	gsDPSetTile(0, 0, 0, 256, 5, 0, G_TX_WRAP | G_TX_NOMIRROR, 0, 0, G_TX_WRAP | G_TX_NOMIRROR, 0, 0),
	gsDPLoadTLUTCmd(5, 64),
	gsDPSetTextureImage(G_IM_FMT_CI, G_IM_SIZ_8b_LOAD_BLOCK, 1, lll_dl_tex1_128x128_76fef9c297125c7b_14_ci8),
	gsDPSetTile(G_IM_FMT_CI, G_IM_SIZ_8b_LOAD_BLOCK, 0, 0, 7, 0, G_TX_WRAP | G_TX_NOMIRROR, 0, 0, G_TX_WRAP | G_TX_NOMIRROR, 0, 0),
	gsDPLoadBlock(7, 0, 0, 511, 512),
	gsDPSetTile(G_IM_FMT_CI, G_IM_SIZ_8b, 4, 0, 0, 0, G_TX_WRAP | G_TX_NOMIRROR, 5, 0, G_TX_WRAP | G_TX_NOMIRROR, 5, 0),
	gsDPSetTileSize(0, 0, 0, 124, 124),
	gsSPEndDisplayList(),
};

Gfx mat_revert_lll_dl_f3dlite_material[] = {
	gsSPGeometryMode(0, G_LIGHTING),
	gsDPPipeSync(),
	gsDPSetAlphaDither(G_AD_DISABLE),
	gsDPSetTextureLUT(G_TT_NONE),
	gsSPEndDisplayList(),
};

Gfx mat_lll_dl_f3dlite_material_001[] = {
	gsSPGeometryMode(G_LIGHTING, 0),
	gsDPPipeSync(),
	gsDPSetCombineLERP(TEXEL0, 0, SHADE, 0, ENVIRONMENT, 0, SHADE, 0, TEXEL0, 0, SHADE, 0, ENVIRONMENT, 0, SHADE, 0),
	gsDPSetAlphaDither(G_AD_NOISE),
	gsDPSetTextureLUT(G_TT_RGBA16),
	gsSPTexture(65535, 65535, 0, 0, 1),
	gsDPSetTextureImage(G_IM_FMT_RGBA, G_IM_SIZ_16b, 1, lll_dl_tex1_128x128_10a377a8bf6521e9_14_pal_rgba16),
	gsDPSetTile(0, 0, 0, 256, 5, 0, G_TX_WRAP | G_TX_NOMIRROR, 0, 0, G_TX_WRAP | G_TX_NOMIRROR, 0, 0),
	gsDPLoadTLUTCmd(5, 138),
	gsDPSetTextureImage(G_IM_FMT_CI, G_IM_SIZ_8b_LOAD_BLOCK, 1, lll_dl_tex1_128x128_10a377a8bf6521e9_14_ci8),
	gsDPSetTile(G_IM_FMT_CI, G_IM_SIZ_8b_LOAD_BLOCK, 0, 0, 7, 0, G_TX_WRAP | G_TX_NOMIRROR, 0, 0, G_TX_WRAP | G_TX_NOMIRROR, 0, 0),
	gsDPLoadBlock(7, 0, 0, 511, 512),
	gsDPSetTile(G_IM_FMT_CI, G_IM_SIZ_8b, 4, 0, 0, 0, G_TX_WRAP | G_TX_NOMIRROR, 5, 0, G_TX_WRAP | G_TX_NOMIRROR, 5, 0),
	gsDPSetTileSize(0, 0, 0, 124, 124),
	gsSPEndDisplayList(),
};

Gfx mat_revert_lll_dl_f3dlite_material_001[] = {
	gsSPGeometryMode(0, G_LIGHTING),
	gsDPPipeSync(),
	gsDPSetAlphaDither(G_AD_DISABLE),
	gsDPSetTextureLUT(G_TT_NONE),
	gsSPEndDisplayList(),
};

Gfx mat_lll_dl_f3dlite_material_002[] = {
	gsSPGeometryMode(G_LIGHTING, 0),
	gsDPPipeSync(),
	gsDPSetCombineLERP(TEXEL0, 0, SHADE, 0, ENVIRONMENT, 0, SHADE, 0, TEXEL0, 0, SHADE, 0, ENVIRONMENT, 0, SHADE, 0),
	gsDPSetAlphaDither(G_AD_NOISE),
	gsDPSetTextureLUT(G_TT_RGBA16),
	gsSPTexture(65535, 65535, 0, 0, 1),
	gsDPSetTextureImage(G_IM_FMT_RGBA, G_IM_SIZ_16b, 1, lll_dl_tex1_128x128_4e9d9d730ec24869_14_pal_rgba16),
	gsDPSetTile(0, 0, 0, 256, 5, 0, G_TX_WRAP | G_TX_NOMIRROR, 0, 0, G_TX_WRAP | G_TX_NOMIRROR, 0, 0),
	gsDPLoadTLUTCmd(5, 58),
	gsDPSetTextureImage(G_IM_FMT_CI, G_IM_SIZ_8b_LOAD_BLOCK, 1, lll_dl_tex1_128x128_4e9d9d730ec24869_14_ci8),
	gsDPSetTile(G_IM_FMT_CI, G_IM_SIZ_8b_LOAD_BLOCK, 0, 0, 7, 0, G_TX_WRAP | G_TX_NOMIRROR, 0, 0, G_TX_WRAP | G_TX_NOMIRROR, 0, 0),
	gsDPLoadBlock(7, 0, 0, 511, 512),
	gsDPSetTile(G_IM_FMT_CI, G_IM_SIZ_8b, 4, 0, 0, 0, G_TX_WRAP | G_TX_NOMIRROR, 5, 0, G_TX_WRAP | G_TX_NOMIRROR, 5, 0),
	gsDPSetTileSize(0, 0, 0, 124, 124),
	gsSPEndDisplayList(),
};

Gfx mat_revert_lll_dl_f3dlite_material_002[] = {
	gsSPGeometryMode(0, G_LIGHTING),
	gsDPPipeSync(),
	gsDPSetAlphaDither(G_AD_DISABLE),
	gsDPSetTextureLUT(G_TT_NONE),
	gsSPEndDisplayList(),
};

Gfx mat_lll_dl_f3dlite_material_003[] = {
	gsSPGeometryMode(G_LIGHTING, 0),
	gsDPPipeSync(),
	gsDPSetCombineLERP(TEXEL0, 0, SHADE, 0, ENVIRONMENT, 0, SHADE, 0, TEXEL0, 0, SHADE, 0, ENVIRONMENT, 0, SHADE, 0),
	gsDPSetAlphaDither(G_AD_NOISE),
	gsDPSetTextureLUT(G_TT_RGBA16),
	gsSPTexture(65535, 65535, 0, 0, 1),
	gsDPSetTextureImage(G_IM_FMT_RGBA, G_IM_SIZ_16b, 1, lll_dl_tex1_256x256_m_efb7885b915ac15a_14_pal_rgba16),
	gsDPSetTile(0, 0, 0, 256, 5, 0, G_TX_WRAP | G_TX_NOMIRROR, 0, 0, G_TX_WRAP | G_TX_NOMIRROR, 0, 0),
	gsDPLoadTLUTCmd(5, 231),
	gsDPSetTextureImage(G_IM_FMT_CI, G_IM_SIZ_8b_LOAD_BLOCK, 1, lll_dl_tex1_256x256_m_efb7885b915ac15a_14_ci8),
	gsDPSetTile(G_IM_FMT_CI, G_IM_SIZ_8b_LOAD_BLOCK, 0, 0, 7, 0, G_TX_WRAP | G_TX_NOMIRROR, 0, 0, G_TX_WRAP | G_TX_NOMIRROR, 0, 0),
	gsDPLoadBlock(7, 0, 0, 511, 512),
	gsDPSetTile(G_IM_FMT_CI, G_IM_SIZ_8b, 4, 0, 0, 0, G_TX_WRAP | G_TX_NOMIRROR, 5, 0, G_TX_WRAP | G_TX_NOMIRROR, 5, 0),
	gsDPSetTileSize(0, 0, 0, 124, 124),
	gsSPEndDisplayList(),
};

Gfx mat_revert_lll_dl_f3dlite_material_003[] = {
	gsSPGeometryMode(0, G_LIGHTING),
	gsDPPipeSync(),
	gsDPSetAlphaDither(G_AD_DISABLE),
	gsDPSetTextureLUT(G_TT_NONE),
	gsSPEndDisplayList(),
};

Gfx mat_lll_dl_f3dlite_material_004[] = {
	gsSPGeometryMode(G_LIGHTING, 0),
	gsDPPipeSync(),
	gsDPSetCombineLERP(TEXEL0, 0, SHADE, 0, TEXEL0, 0, SHADE, 0, TEXEL0, 0, SHADE, 0, TEXEL0, 0, SHADE, 0),
	gsDPSetAlphaDither(G_AD_NOISE),
	gsDPSetTextureLUT(G_TT_RGBA16),
	gsSPTexture(65535, 65535, 0, 0, 1),
	gsDPSetTextureImage(G_IM_FMT_RGBA, G_IM_SIZ_16b, 1, lll_dl_tex1_128x128_b53e167bdc655fa5_14_pal_rgba16_copy),
	gsDPSetTile(0, 0, 0, 256, 5, 0, G_TX_WRAP | G_TX_NOMIRROR, 0, 0, G_TX_WRAP | G_TX_NOMIRROR, 0, 0),
	gsDPLoadTLUTCmd(5, 255),
	gsDPSetTextureImage(G_IM_FMT_CI, G_IM_SIZ_8b_LOAD_BLOCK, 1, lll_dl_tex1_128x128_b53e167bdc655fa5_14_ci8_copy),
	gsDPSetTile(G_IM_FMT_CI, G_IM_SIZ_8b_LOAD_BLOCK, 0, 0, 7, 0, G_TX_WRAP | G_TX_NOMIRROR, 0, 0, G_TX_WRAP | G_TX_NOMIRROR, 0, 0),
	gsDPLoadBlock(7, 0, 0, 511, 512),
	gsDPSetTile(G_IM_FMT_CI, G_IM_SIZ_8b, 4, 0, 0, 0, G_TX_WRAP | G_TX_NOMIRROR, 5, 0, G_TX_WRAP | G_TX_NOMIRROR, 5, 0),
	gsDPSetTileSize(0, 0, 0, 124, 124),
	gsSPEndDisplayList(),
};

Gfx mat_revert_lll_dl_f3dlite_material_004[] = {
	gsSPGeometryMode(0, G_LIGHTING),
	gsDPPipeSync(),
	gsDPSetAlphaDither(G_AD_DISABLE),
	gsDPSetTextureLUT(G_TT_NONE),
	gsSPEndDisplayList(),
};

Gfx mat_lll_dl_f3dlite_material_005[] = {
	gsSPGeometryMode(G_LIGHTING, 0),
	gsDPPipeSync(),
	gsDPSetCombineLERP(TEXEL0, 0, SHADE, 0, TEXEL0, 0, PRIMITIVE, 0, TEXEL0, 0, SHADE, 0, TEXEL0, 0, PRIMITIVE, 0),
	gsDPSetAlphaDither(G_AD_NOISE),
	gsDPSetTextureLUT(G_TT_RGBA16),
	gsSPTexture(65535, 65535, 0, 0, 1),
	gsDPSetPrimColor(0, 0, 255, 255, 255, 255),
	gsDPSetTextureImage(G_IM_FMT_RGBA, G_IM_SIZ_16b, 1, lll_dl_tex1_128x128_m_a49a592da7dc8526_5_mip2_pal_rgba16),
	gsDPSetTile(0, 0, 0, 256, 5, 0, G_TX_WRAP | G_TX_NOMIRROR, 0, 0, G_TX_WRAP | G_TX_NOMIRROR, 0, 0),
	gsDPLoadTLUTCmd(5, 102),
	gsDPSetTextureImage(G_IM_FMT_CI, G_IM_SIZ_8b_LOAD_BLOCK, 1, lll_dl_tex1_128x128_m_a49a592da7dc8526_5_mip2_ci8),
	gsDPSetTile(G_IM_FMT_CI, G_IM_SIZ_8b_LOAD_BLOCK, 0, 0, 7, 0, G_TX_WRAP | G_TX_NOMIRROR, 0, 0, G_TX_WRAP | G_TX_NOMIRROR, 0, 0),
	gsDPLoadBlock(7, 0, 0, 511, 512),
	gsDPSetTile(G_IM_FMT_CI, G_IM_SIZ_8b, 4, 0, 0, 0, G_TX_WRAP | G_TX_NOMIRROR, 5, 0, G_TX_WRAP | G_TX_NOMIRROR, 5, 0),
	gsDPSetTileSize(0, 0, 0, 124, 124),
	gsSPEndDisplayList(),
};

Gfx mat_revert_lll_dl_f3dlite_material_005[] = {
	gsSPGeometryMode(0, G_LIGHTING),
	gsDPPipeSync(),
	gsDPSetAlphaDither(G_AD_DISABLE),
	gsDPSetTextureLUT(G_TT_NONE),
	gsSPEndDisplayList(),
};

Gfx mat_lll_dl_f3dlite_material_007[] = {
	gsSPGeometryMode(G_LIGHTING, 0),
	gsDPPipeSync(),
	gsDPSetCombineLERP(TEXEL0, 0, SHADE, 0, TEXEL0, 0, PRIMITIVE, 0, TEXEL0, 0, SHADE, 0, TEXEL0, 0, PRIMITIVE, 0),
	gsDPSetAlphaDither(G_AD_NOISE),
	gsDPSetTextureLUT(G_TT_RGBA16),
	gsSPTexture(65535, 65535, 0, 0, 1),
	gsDPSetPrimColor(0, 0, 255, 255, 255, 255),
	gsDPSetTextureImage(G_IM_FMT_RGBA, G_IM_SIZ_16b, 1, lll_dl_anneau_pal_rgba16_copy),
	gsDPSetTile(0, 0, 0, 256, 5, 0, G_TX_WRAP | G_TX_NOMIRROR, 0, 0, G_TX_WRAP | G_TX_NOMIRROR, 0, 0),
	gsDPLoadTLUTCmd(5, 74),
	gsDPSetTextureImage(G_IM_FMT_CI, G_IM_SIZ_8b_LOAD_BLOCK, 1, lll_dl_anneau_ci8_copy),
	gsDPSetTile(G_IM_FMT_CI, G_IM_SIZ_8b_LOAD_BLOCK, 0, 0, 7, 0, G_TX_WRAP | G_TX_NOMIRROR, 0, 0, G_TX_WRAP | G_TX_NOMIRROR, 0, 0),
	gsDPLoadBlock(7, 0, 0, 511, 512),
	gsDPSetTile(G_IM_FMT_CI, G_IM_SIZ_8b, 4, 0, 0, 0, G_TX_WRAP | G_TX_NOMIRROR, 5, 0, G_TX_WRAP | G_TX_NOMIRROR, 5, 0),
	gsDPSetTileSize(0, 0, 0, 124, 124),
	gsSPEndDisplayList(),
};

Gfx mat_revert_lll_dl_f3dlite_material_007[] = {
	gsSPGeometryMode(0, G_LIGHTING),
	gsDPPipeSync(),
	gsDPSetAlphaDither(G_AD_DISABLE),
	gsDPSetTextureLUT(G_TT_NONE),
	gsSPEndDisplayList(),
};

Gfx mat_lll_dl_f3dlite_material_006[] = {
	gsSPGeometryMode(G_LIGHTING, 0),
	gsDPPipeSync(),
	gsDPSetCombineLERP(TEXEL0, 0, SHADE, 0, ENVIRONMENT, 0, SHADE, 0, TEXEL0, 0, SHADE, 0, ENVIRONMENT, 0, SHADE, 0),
	gsDPSetAlphaDither(G_AD_NOISE),
	gsDPSetTextureLUT(G_TT_RGBA16),
	gsSPTexture(65535, 65535, 0, 0, 1),
	gsDPSetTextureImage(G_IM_FMT_RGBA, G_IM_SIZ_16b, 1, lll_dl_tex1_128x128_5f78682ce7ea2ca1_14_pal_rgba16),
	gsDPSetTile(0, 0, 0, 256, 5, 0, G_TX_WRAP | G_TX_NOMIRROR, 0, 0, G_TX_WRAP | G_TX_NOMIRROR, 0, 0),
	gsDPLoadTLUTCmd(5, 18),
	gsDPSetTextureImage(G_IM_FMT_CI, G_IM_SIZ_8b_LOAD_BLOCK, 1, lll_dl_tex1_128x128_5f78682ce7ea2ca1_14_ci8),
	gsDPSetTile(G_IM_FMT_CI, G_IM_SIZ_8b_LOAD_BLOCK, 0, 0, 7, 0, G_TX_WRAP | G_TX_NOMIRROR, 0, 0, G_TX_WRAP | G_TX_NOMIRROR, 0, 0),
	gsDPLoadBlock(7, 0, 0, 511, 512),
	gsDPSetTile(G_IM_FMT_CI, G_IM_SIZ_8b, 4, 0, 0, 0, G_TX_WRAP | G_TX_NOMIRROR, 5, 0, G_TX_WRAP | G_TX_NOMIRROR, 5, 0),
	gsDPSetTileSize(0, 0, 0, 124, 124),
	gsSPEndDisplayList(),
};

Gfx mat_revert_lll_dl_f3dlite_material_006[] = {
	gsSPGeometryMode(0, G_LIGHTING),
	gsDPPipeSync(),
	gsDPSetAlphaDither(G_AD_DISABLE),
	gsDPSetTextureLUT(G_TT_NONE),
	gsSPEndDisplayList(),
};

Gfx mat_lll_dl_f3dlite_material_008[] = {
	gsSPGeometryMode(G_LIGHTING, 0),
	gsDPPipeSync(),
	gsDPSetCombineLERP(TEXEL0, 0, SHADE, 0, TEXEL0, 0, SHADE, 0, TEXEL0, 0, SHADE, 0, TEXEL0, 0, SHADE, 0),
	gsDPSetAlphaDither(G_AD_NOISE),
	gsDPSetTextureLUT(G_TT_RGBA16),
	gsSPTexture(65535, 65535, 0, 0, 1),
	gsDPSetTextureImage(G_IM_FMT_RGBA, G_IM_SIZ_16b, 1, lll_dl_tex1_128x128_8a769bd9a9c0426c_14_pal_rgba16),
	gsDPSetTile(0, 0, 0, 256, 5, 0, G_TX_WRAP | G_TX_NOMIRROR, 0, 0, G_TX_WRAP | G_TX_NOMIRROR, 0, 0),
	gsDPLoadTLUTCmd(5, 17),
	gsDPSetTextureImage(G_IM_FMT_CI, G_IM_SIZ_8b_LOAD_BLOCK, 1, lll_dl_tex1_128x128_8a769bd9a9c0426c_14_ci8),
	gsDPSetTile(G_IM_FMT_CI, G_IM_SIZ_8b_LOAD_BLOCK, 0, 0, 7, 0, G_TX_WRAP | G_TX_NOMIRROR, 0, 0, G_TX_WRAP | G_TX_NOMIRROR, 0, 0),
	gsDPLoadBlock(7, 0, 0, 511, 512),
	gsDPSetTile(G_IM_FMT_CI, G_IM_SIZ_8b, 4, 0, 0, 0, G_TX_WRAP | G_TX_NOMIRROR, 5, 0, G_TX_WRAP | G_TX_NOMIRROR, 5, 0),
	gsDPSetTileSize(0, 0, 0, 124, 124),
	gsSPEndDisplayList(),
};

Gfx mat_revert_lll_dl_f3dlite_material_008[] = {
	gsSPGeometryMode(0, G_LIGHTING),
	gsDPPipeSync(),
	gsDPSetAlphaDither(G_AD_DISABLE),
	gsDPSetTextureLUT(G_TT_NONE),
	gsSPEndDisplayList(),
};

Gfx mat_lll_dl_f3dlite_material_011[] = {
	gsSPGeometryMode(G_LIGHTING, 0),
	gsDPPipeSync(),
	gsDPSetCombineLERP(TEXEL0, 0, SHADE, 0, ENVIRONMENT, 0, SHADE, 0, TEXEL0, 0, SHADE, 0, ENVIRONMENT, 0, SHADE, 0),
	gsDPSetAlphaDither(G_AD_NOISE),
	gsDPSetTextureLUT(G_TT_RGBA16),
	gsSPTexture(65535, 65535, 0, 0, 1),
	gsDPSetTextureImage(G_IM_FMT_RGBA, G_IM_SIZ_16b, 1, lll_dl_tex1_128x128_4b49b01ccc519edf_14_pal_rgba16),
	gsDPSetTile(0, 0, 0, 256, 5, 0, G_TX_WRAP | G_TX_NOMIRROR, 0, 0, G_TX_WRAP | G_TX_NOMIRROR, 0, 0),
	gsDPLoadTLUTCmd(5, 43),
	gsDPSetTextureImage(G_IM_FMT_CI, G_IM_SIZ_8b_LOAD_BLOCK, 1, lll_dl_tex1_128x128_4b49b01ccc519edf_14_ci8),
	gsDPSetTile(G_IM_FMT_CI, G_IM_SIZ_8b_LOAD_BLOCK, 0, 0, 7, 0, G_TX_WRAP | G_TX_NOMIRROR, 0, 0, G_TX_WRAP | G_TX_NOMIRROR, 0, 0),
	gsDPLoadBlock(7, 0, 0, 511, 512),
	gsDPSetTile(G_IM_FMT_CI, G_IM_SIZ_8b, 4, 0, 0, 0, G_TX_WRAP | G_TX_NOMIRROR, 5, 0, G_TX_WRAP | G_TX_NOMIRROR, 5, 0),
	gsDPSetTileSize(0, 0, 0, 124, 124),
	gsSPEndDisplayList(),
};

Gfx mat_revert_lll_dl_f3dlite_material_011[] = {
	gsSPGeometryMode(0, G_LIGHTING),
	gsDPPipeSync(),
	gsDPSetAlphaDither(G_AD_DISABLE),
	gsDPSetTextureLUT(G_TT_NONE),
	gsSPEndDisplayList(),
};

Gfx mat_lll_dl_f3dlite_material_009[] = {
	gsSPLightColor(LIGHT_1, 0xFFFFFFFF),
	gsSPLightColor(LIGHT_2, 0x7F7F7FFF),
	gsDPPipeSync(),
	gsDPSetCombineLERP(TEXEL0, 0, SHADE, 0, 0, 0, 0, ENVIRONMENT, TEXEL0, 0, SHADE, 0, 0, 0, 0, ENVIRONMENT),
	gsDPSetAlphaDither(G_AD_NOISE),
	gsDPSetTextureLUT(G_TT_RGBA16),
	gsSPTexture(65535, 65535, 0, 0, 1),
	gsDPSetTextureImage(G_IM_FMT_RGBA, G_IM_SIZ_16b, 1, lll_dl_tex1_128x128_1ce263028dcda6a3_14_pal_rgba16),
	gsDPSetTile(0, 0, 0, 256, 5, 0, G_TX_WRAP | G_TX_NOMIRROR, 0, 0, G_TX_WRAP | G_TX_NOMIRROR, 0, 0),
	gsDPLoadTLUTCmd(5, 98),
	gsDPSetTextureImage(G_IM_FMT_CI, G_IM_SIZ_8b_LOAD_BLOCK, 1, lll_dl_tex1_128x128_1ce263028dcda6a3_14_ci8),
	gsDPSetTile(G_IM_FMT_CI, G_IM_SIZ_8b_LOAD_BLOCK, 0, 0, 7, 0, G_TX_WRAP | G_TX_NOMIRROR, 0, 0, G_TX_WRAP | G_TX_NOMIRROR, 0, 0),
	gsDPLoadBlock(7, 0, 0, 511, 512),
	gsDPSetTile(G_IM_FMT_CI, G_IM_SIZ_8b, 4, 0, 0, 0, G_TX_WRAP | G_TX_NOMIRROR, 5, 0, G_TX_WRAP | G_TX_NOMIRROR, 5, 0),
	gsDPSetTileSize(0, 0, 0, 124, 124),
	gsSPEndDisplayList(),
};

Gfx mat_revert_lll_dl_f3dlite_material_009[] = {
	gsDPPipeSync(),
	gsDPSetAlphaDither(G_AD_DISABLE),
	gsDPSetTextureLUT(G_TT_NONE),
	gsSPEndDisplayList(),
};

Gfx mat_lll_dl_f3dlite_material_023[] = {
	gsSPGeometryMode(G_CULL_BACK, 0),
	gsSPLightColor(LIGHT_1, 0xFFFFFFFF),
	gsSPLightColor(LIGHT_2, 0x7F7F7FFF),
	gsDPPipeSync(),
	gsDPSetCombineLERP(TEXEL0, 0, SHADE, 0, TEXEL0, 0, PRIMITIVE, 0, TEXEL0, 0, SHADE, 0, TEXEL0, 0, PRIMITIVE, 0),
	gsDPSetAlphaDither(G_AD_NOISE),
	gsDPSetTextureLUT(G_TT_RGBA16),
	gsSPTexture(65535, 65535, 0, 0, 1),
	gsDPSetPrimColor(0, 0, 255, 255, 255, 255),
	gsDPSetTextureImage(G_IM_FMT_RGBA, G_IM_SIZ_16b, 1, lll_dl_SUPER_MARIO_64_9026CBA3_0_2_all_pal_rgba16),
	gsDPSetTile(0, 0, 0, 256, 5, 0, G_TX_WRAP | G_TX_NOMIRROR, 0, 0, G_TX_WRAP | G_TX_NOMIRROR, 0, 0),
	gsDPLoadTLUTCmd(5, 7),
	gsDPSetTextureImage(G_IM_FMT_CI, G_IM_SIZ_16b, 1, lll_dl_SUPER_MARIO_64_9026CBA3_0_2_all_ci4),
	gsDPSetTile(G_IM_FMT_CI, G_IM_SIZ_16b, 0, 0, 7, 0, G_TX_WRAP | G_TX_NOMIRROR, 0, 0, G_TX_WRAP | G_TX_NOMIRROR, 0, 0),
	gsDPLoadBlock(7, 0, 0, 255, 1024),
	gsDPSetTile(G_IM_FMT_CI, G_IM_SIZ_4b, 2, 0, 0, 0, G_TX_WRAP | G_TX_NOMIRROR, 5, 0, G_TX_WRAP | G_TX_NOMIRROR, 5, 0),
	gsDPSetTileSize(0, 0, 0, 124, 124),
	gsSPEndDisplayList(),
};

Gfx mat_revert_lll_dl_f3dlite_material_023[] = {
	gsSPGeometryMode(0, G_CULL_BACK),
	gsDPPipeSync(),
	gsDPSetAlphaDither(G_AD_DISABLE),
	gsDPSetTextureLUT(G_TT_NONE),
	gsSPEndDisplayList(),
};

Gfx mat_lll_dl_f3dlite_material_010[] = {
	gsSPGeometryMode(G_LIGHTING, 0),
	gsDPPipeSync(),
	gsDPSetCombineLERP(TEXEL0, 0, SHADE, 0, ENVIRONMENT, 0, SHADE, 0, TEXEL0, 0, SHADE, 0, ENVIRONMENT, 0, SHADE, 0),
	gsDPSetAlphaDither(G_AD_NOISE),
	gsDPSetTextureLUT(G_TT_RGBA16),
	gsSPTexture(65535, 65535, 0, 0, 1),
	gsDPSetTextureImage(G_IM_FMT_RGBA, G_IM_SIZ_16b, 1, lll_dl_tex1_256x256_5676e6ece32b778b_14_pal_rgba16),
	gsDPSetTile(0, 0, 0, 256, 5, 0, G_TX_WRAP | G_TX_NOMIRROR, 0, 0, G_TX_WRAP | G_TX_NOMIRROR, 0, 0),
	gsDPLoadTLUTCmd(5, 84),
	gsDPSetTextureImage(G_IM_FMT_CI, G_IM_SIZ_8b_LOAD_BLOCK, 1, lll_dl_tex1_256x256_5676e6ece32b778b_14_ci8),
	gsDPSetTile(G_IM_FMT_CI, G_IM_SIZ_8b_LOAD_BLOCK, 0, 0, 7, 0, G_TX_WRAP | G_TX_NOMIRROR, 0, 0, G_TX_WRAP | G_TX_NOMIRROR, 0, 0),
	gsDPLoadBlock(7, 0, 0, 511, 512),
	gsDPSetTile(G_IM_FMT_CI, G_IM_SIZ_8b, 4, 0, 0, 0, G_TX_WRAP | G_TX_NOMIRROR, 5, 0, G_TX_WRAP | G_TX_NOMIRROR, 5, 0),
	gsDPSetTileSize(0, 0, 0, 124, 124),
	gsSPEndDisplayList(),
};

Gfx mat_revert_lll_dl_f3dlite_material_010[] = {
	gsSPGeometryMode(0, G_LIGHTING),
	gsDPPipeSync(),
	gsDPSetAlphaDither(G_AD_DISABLE),
	gsDPSetTextureLUT(G_TT_NONE),
	gsSPEndDisplayList(),
};

Gfx mat_lll_dl_f3dlite_material_012[] = {
	gsSPGeometryMode(G_LIGHTING, 0),
	gsDPPipeSync(),
	gsDPSetCombineLERP(TEXEL0, 0, SHADE, 0, ENVIRONMENT, 0, SHADE, 0, TEXEL0, 0, SHADE, 0, ENVIRONMENT, 0, SHADE, 0),
	gsDPSetAlphaDither(G_AD_NOISE),
	gsDPSetTextureLUT(G_TT_RGBA16),
	gsSPTexture(65535, 65535, 0, 0, 1),
	gsDPSetTextureImage(G_IM_FMT_RGBA, G_IM_SIZ_16b, 1, lll_dl_tex1_128x128_8a02a3b16dc8da6c_14_pal_rgba16),
	gsDPSetTile(0, 0, 0, 256, 5, 0, G_TX_WRAP | G_TX_NOMIRROR, 0, 0, G_TX_WRAP | G_TX_NOMIRROR, 0, 0),
	gsDPLoadTLUTCmd(5, 88),
	gsDPSetTextureImage(G_IM_FMT_CI, G_IM_SIZ_8b_LOAD_BLOCK, 1, lll_dl_tex1_128x128_8a02a3b16dc8da6c_14_ci8),
	gsDPSetTile(G_IM_FMT_CI, G_IM_SIZ_8b_LOAD_BLOCK, 0, 0, 7, 0, G_TX_WRAP | G_TX_NOMIRROR, 0, 0, G_TX_WRAP | G_TX_NOMIRROR, 0, 0),
	gsDPLoadBlock(7, 0, 0, 511, 512),
	gsDPSetTile(G_IM_FMT_CI, G_IM_SIZ_8b, 4, 0, 0, 0, G_TX_WRAP | G_TX_NOMIRROR, 5, 0, G_TX_WRAP | G_TX_NOMIRROR, 5, 0),
	gsDPSetTileSize(0, 0, 0, 124, 124),
	gsSPEndDisplayList(),
};

Gfx mat_revert_lll_dl_f3dlite_material_012[] = {
	gsSPGeometryMode(0, G_LIGHTING),
	gsDPPipeSync(),
	gsDPSetAlphaDither(G_AD_DISABLE),
	gsDPSetTextureLUT(G_TT_NONE),
	gsSPEndDisplayList(),
};

Gfx mat_lll_dl_f3dlite_material_037[] = {
	gsSPGeometryMode(G_LIGHTING, 0),
	gsDPPipeSync(),
	gsDPSetCombineLERP(TEXEL0, 0, SHADE, 0, TEXEL0, 0, SHADE, 0, TEXEL0, 0, SHADE, 0, TEXEL0, 0, SHADE, 0),
	gsDPSetAlphaDither(G_AD_NOISE),
	gsDPSetTextureLUT(G_TT_RGBA16),
	gsSPTexture(65535, 65535, 0, 0, 1),
	gsDPSetTextureImage(G_IM_FMT_RGBA, G_IM_SIZ_16b, 1, lll_dl_tex1_128x128_b53e167bdc655fa5_14_pal_rgba16_copy_copy),
	gsDPSetTile(0, 0, 0, 256, 5, 0, G_TX_WRAP | G_TX_NOMIRROR, 0, 0, G_TX_WRAP | G_TX_NOMIRROR, 0, 0),
	gsDPLoadTLUTCmd(5, 255),
	gsDPSetTextureImage(G_IM_FMT_CI, G_IM_SIZ_8b_LOAD_BLOCK, 1, lll_dl_tex1_128x128_b53e167bdc655fa5_14_ci8_copy_copy),
	gsDPSetTile(G_IM_FMT_CI, G_IM_SIZ_8b_LOAD_BLOCK, 0, 0, 7, 0, G_TX_WRAP | G_TX_NOMIRROR, 0, 0, G_TX_WRAP | G_TX_NOMIRROR, 0, 0),
	gsDPLoadBlock(7, 0, 0, 511, 512),
	gsDPSetTile(G_IM_FMT_CI, G_IM_SIZ_8b, 4, 0, 0, 0, G_TX_WRAP | G_TX_NOMIRROR, 5, 0, G_TX_WRAP | G_TX_NOMIRROR, 5, 0),
	gsDPSetTileSize(0, 0, 0, 124, 124),
	gsSPEndDisplayList(),
};

Gfx mat_revert_lll_dl_f3dlite_material_037[] = {
	gsSPGeometryMode(0, G_LIGHTING),
	gsDPPipeSync(),
	gsDPSetAlphaDither(G_AD_DISABLE),
	gsDPSetTextureLUT(G_TT_NONE),
	gsSPEndDisplayList(),
};

Gfx mat_lll_dl_f3dlite_material_049[] = {
	gsSPGeometryMode(G_LIGHTING, 0),
	gsDPPipeSync(),
	gsDPSetCombineLERP(TEXEL0, 0, SHADE, 0, TEXEL0, 0, SHADE, 0, TEXEL0, 0, SHADE, 0, TEXEL0, 0, SHADE, 0),
	gsDPSetAlphaDither(G_AD_NOISE),
	gsDPSetTextureLUT(G_TT_RGBA16),
	gsSPTexture(65535, 65535, 0, 0, 1),
	gsDPSetTextureImage(G_IM_FMT_RGBA, G_IM_SIZ_16b, 1, lll_dl_tex1_128x128_b53e167bdc655fa5_14_pal_rgba16_copy_copy_copy),
	gsDPSetTile(0, 0, 0, 256, 5, 0, G_TX_WRAP | G_TX_NOMIRROR, 0, 0, G_TX_WRAP | G_TX_NOMIRROR, 0, 0),
	gsDPLoadTLUTCmd(5, 255),
	gsDPSetTextureImage(G_IM_FMT_CI, G_IM_SIZ_8b_LOAD_BLOCK, 1, lll_dl_tex1_128x128_b53e167bdc655fa5_14_ci8_copy_copy_copy),
	gsDPSetTile(G_IM_FMT_CI, G_IM_SIZ_8b_LOAD_BLOCK, 0, 0, 7, 0, G_TX_WRAP | G_TX_NOMIRROR, 0, 0, G_TX_WRAP | G_TX_NOMIRROR, 0, 0),
	gsDPLoadBlock(7, 0, 0, 511, 512),
	gsDPSetTile(G_IM_FMT_CI, G_IM_SIZ_8b, 4, 0, 0, 0, G_TX_WRAP | G_TX_NOMIRROR, 5, 0, G_TX_WRAP | G_TX_NOMIRROR, 5, 0),
	gsDPSetTileSize(0, 0, 0, 124, 124),
	gsSPEndDisplayList(),
};

Gfx mat_revert_lll_dl_f3dlite_material_049[] = {
	gsSPGeometryMode(0, G_LIGHTING),
	gsDPPipeSync(),
	gsDPSetAlphaDither(G_AD_DISABLE),
	gsDPSetTextureLUT(G_TT_NONE),
	gsSPEndDisplayList(),
};

Gfx mat_lll_dl_f3dlite_material_026[] = {
	gsSPGeometryMode(G_LIGHTING, 0),
	gsDPPipeSync(),
	gsDPSetCombineLERP(TEXEL0, 0, SHADE, 0, ENVIRONMENT, 0, SHADE, 0, TEXEL0, 0, SHADE, 0, ENVIRONMENT, 0, SHADE, 0),
	gsDPSetAlphaDither(G_AD_NOISE),
	gsDPSetTextureLUT(G_TT_RGBA16),
	gsSPTexture(65535, 65535, 0, 0, 1),
	gsDPSetTextureImage(G_IM_FMT_RGBA, G_IM_SIZ_16b, 1, lll_dl_tex1_128x128_8a7523641776e10e_14_pal_rgba16),
	gsDPSetTile(0, 0, 0, 256, 5, 0, G_TX_WRAP | G_TX_NOMIRROR, 0, 0, G_TX_WRAP | G_TX_NOMIRROR, 0, 0),
	gsDPLoadTLUTCmd(5, 36),
	gsDPSetTextureImage(G_IM_FMT_CI, G_IM_SIZ_8b_LOAD_BLOCK, 1, lll_dl_tex1_128x128_8a7523641776e10e_14_ci8),
	gsDPSetTile(G_IM_FMT_CI, G_IM_SIZ_8b_LOAD_BLOCK, 0, 0, 7, 0, G_TX_WRAP | G_TX_NOMIRROR, 0, 0, G_TX_WRAP | G_TX_NOMIRROR, 0, 0),
	gsDPLoadBlock(7, 0, 0, 511, 512),
	gsDPSetTile(G_IM_FMT_CI, G_IM_SIZ_8b, 4, 0, 0, 0, G_TX_WRAP | G_TX_NOMIRROR, 5, 0, G_TX_WRAP | G_TX_NOMIRROR, 5, 0),
	gsDPSetTileSize(0, 0, 0, 124, 124),
	gsSPEndDisplayList(),
};

Gfx mat_revert_lll_dl_f3dlite_material_026[] = {
	gsSPGeometryMode(0, G_LIGHTING),
	gsDPPipeSync(),
	gsDPSetAlphaDither(G_AD_DISABLE),
	gsDPSetTextureLUT(G_TT_NONE),
	gsSPEndDisplayList(),
};

Gfx mat_lll_dl_f3dlite_material_027[] = {
	gsSPGeometryMode(G_LIGHTING, 0),
	gsDPPipeSync(),
	gsDPSetCombineLERP(TEXEL0, 0, SHADE, 0, ENVIRONMENT, 0, SHADE, 0, TEXEL0, 0, SHADE, 0, ENVIRONMENT, 0, SHADE, 0),
	gsDPSetAlphaDither(G_AD_NOISE),
	gsDPSetTextureLUT(G_TT_RGBA16),
	gsSPTexture(65535, 65535, 0, 0, 1),
	gsDPSetTextureImage(G_IM_FMT_RGBA, G_IM_SIZ_16b, 1, lll_dl_blue_lava_pal_rgba16),
	gsDPSetTile(0, 0, 0, 256, 5, 0, G_TX_WRAP | G_TX_NOMIRROR, 0, 0, G_TX_WRAP | G_TX_NOMIRROR, 0, 0),
	gsDPLoadTLUTCmd(5, 37),
	gsDPSetTextureImage(G_IM_FMT_CI, G_IM_SIZ_8b_LOAD_BLOCK, 1, lll_dl_blue_lava_ci8),
	gsDPSetTile(G_IM_FMT_CI, G_IM_SIZ_8b_LOAD_BLOCK, 0, 0, 7, 0, G_TX_WRAP | G_TX_NOMIRROR, 0, 0, G_TX_WRAP | G_TX_NOMIRROR, 0, 0),
	gsDPLoadBlock(7, 0, 0, 511, 512),
	gsDPSetTile(G_IM_FMT_CI, G_IM_SIZ_8b, 4, 0, 0, 0, G_TX_WRAP | G_TX_NOMIRROR, 5, 0, G_TX_WRAP | G_TX_NOMIRROR, 5, 0),
	gsDPSetTileSize(0, 0, 0, 124, 124),
	gsSPEndDisplayList(),
};

Gfx mat_revert_lll_dl_f3dlite_material_027[] = {
	gsSPGeometryMode(0, G_LIGHTING),
	gsDPPipeSync(),
	gsDPSetAlphaDither(G_AD_DISABLE),
	gsDPSetTextureLUT(G_TT_NONE),
	gsSPEndDisplayList(),
};

Gfx mat_lll_dl_f3dlite_material_048[] = {
	gsSPGeometryMode(G_LIGHTING, 0),
	gsDPPipeSync(),
	gsDPSetCombineLERP(TEXEL0, 0, SHADE, 0, ENVIRONMENT, 0, SHADE, 0, TEXEL0, 0, SHADE, 0, ENVIRONMENT, 0, SHADE, 0),
	gsDPSetAlphaDither(G_AD_NOISE),
	gsSPTexture(65535, 65535, 0, 0, 1),
	gsDPSetTextureImage(G_IM_FMT_RGBA, G_IM_SIZ_16b_LOAD_BLOCK, 1, lll_dl_tex1_128x128_7dfd7f15e58a6517_14_rgba16),
	gsDPSetTile(G_IM_FMT_RGBA, G_IM_SIZ_16b_LOAD_BLOCK, 0, 0, 7, 0, G_TX_WRAP | G_TX_NOMIRROR, 0, 0, G_TX_WRAP | G_TX_NOMIRROR, 0, 0),
	gsDPLoadBlock(7, 0, 0, 1023, 256),
	gsDPSetTile(G_IM_FMT_RGBA, G_IM_SIZ_16b, 8, 0, 0, 0, G_TX_WRAP | G_TX_NOMIRROR, 5, 0, G_TX_WRAP | G_TX_NOMIRROR, 5, 0),
	gsDPSetTileSize(0, 0, 0, 124, 124),
	gsSPEndDisplayList(),
};

Gfx mat_revert_lll_dl_f3dlite_material_048[] = {
	gsSPGeometryMode(0, G_LIGHTING),
	gsDPPipeSync(),
	gsDPSetAlphaDither(G_AD_DISABLE),
	gsSPEndDisplayList(),
};

Gfx mat_lll_dl_f3dlite_material_038[] = {
	gsSPGeometryMode(G_LIGHTING, 0),
	gsDPPipeSync(),
	gsDPSetCombineLERP(TEXEL0, 0, SHADE, 0, ENVIRONMENT, 0, SHADE, 0, TEXEL0, 0, SHADE, 0, ENVIRONMENT, 0, SHADE, 0),
	gsDPSetAlphaDither(G_AD_NOISE),
	gsSPTexture(65535, 65535, 0, 0, 1),
	gsDPSetTextureImage(G_IM_FMT_RGBA, G_IM_SIZ_16b_LOAD_BLOCK, 1, lll_dl_SUPER_MARIO_64_6AA1BE26_0_2_all_rgba16),
	gsDPSetTile(G_IM_FMT_RGBA, G_IM_SIZ_16b_LOAD_BLOCK, 0, 0, 7, 0, G_TX_WRAP | G_TX_NOMIRROR, 0, 0, G_TX_WRAP | G_TX_NOMIRROR, 0, 0),
	gsDPLoadBlock(7, 0, 0, 1023, 256),
	gsDPSetTile(G_IM_FMT_RGBA, G_IM_SIZ_16b, 8, 0, 0, 0, G_TX_WRAP | G_TX_NOMIRROR, 5, 0, G_TX_WRAP | G_TX_NOMIRROR, 5, 0),
	gsDPSetTileSize(0, 0, 0, 124, 124),
	gsSPEndDisplayList(),
};

Gfx mat_revert_lll_dl_f3dlite_material_038[] = {
	gsSPGeometryMode(0, G_LIGHTING),
	gsDPPipeSync(),
	gsDPSetAlphaDither(G_AD_DISABLE),
	gsSPEndDisplayList(),
};

Gfx mat_lll_dl_f3dlite_material_040[] = {
	gsSPGeometryMode(G_LIGHTING, 0),
	gsDPPipeSync(),
	gsDPSetCombineLERP(TEXEL0, 0, SHADE, 0, ENVIRONMENT, 0, SHADE, 0, TEXEL0, 0, SHADE, 0, ENVIRONMENT, 0, SHADE, 0),
	gsDPSetAlphaDither(G_AD_NOISE),
	gsDPSetTextureLUT(G_TT_RGBA16),
	gsSPTexture(65535, 65535, 0, 0, 1),
	gsDPSetTextureImage(G_IM_FMT_RGBA, G_IM_SIZ_16b, 1, lll_dl_tex1_128x128_f97a49bad09c112d_14_pal_rgba16),
	gsDPSetTile(0, 0, 0, 256, 5, 0, G_TX_WRAP | G_TX_NOMIRROR, 0, 0, G_TX_WRAP | G_TX_NOMIRROR, 0, 0),
	gsDPLoadTLUTCmd(5, 30),
	gsDPSetTextureImage(G_IM_FMT_CI, G_IM_SIZ_8b_LOAD_BLOCK, 1, lll_dl_tex1_128x128_f97a49bad09c112d_14_ci8),
	gsDPSetTile(G_IM_FMT_CI, G_IM_SIZ_8b_LOAD_BLOCK, 0, 0, 7, 0, G_TX_WRAP | G_TX_NOMIRROR, 0, 0, G_TX_WRAP | G_TX_NOMIRROR, 0, 0),
	gsDPLoadBlock(7, 0, 0, 511, 512),
	gsDPSetTile(G_IM_FMT_CI, G_IM_SIZ_8b, 4, 0, 0, 0, G_TX_WRAP | G_TX_NOMIRROR, 5, 0, G_TX_WRAP | G_TX_NOMIRROR, 5, 0),
	gsDPSetTileSize(0, 0, 0, 124, 124),
	gsSPEndDisplayList(),
};

Gfx mat_revert_lll_dl_f3dlite_material_040[] = {
	gsSPGeometryMode(0, G_LIGHTING),
	gsDPPipeSync(),
	gsDPSetAlphaDither(G_AD_DISABLE),
	gsDPSetTextureLUT(G_TT_NONE),
	gsSPEndDisplayList(),
};

Gfx mat_lll_dl_f3dlite_material_041[] = {
	gsSPGeometryMode(G_LIGHTING, 0),
	gsDPPipeSync(),
	gsDPSetCombineLERP(TEXEL0, 0, SHADE, 0, ENVIRONMENT, 0, SHADE, 0, TEXEL0, 0, SHADE, 0, ENVIRONMENT, 0, SHADE, 0),
	gsDPSetAlphaDither(G_AD_NOISE),
	gsDPSetTextureLUT(G_TT_RGBA16),
	gsSPTexture(65535, 65535, 0, 0, 1),
	gsDPSetTextureImage(G_IM_FMT_RGBA, G_IM_SIZ_16b, 1, lll_dl_blue_lava_pal_rgba16),
	gsDPSetTile(0, 0, 0, 256, 5, 0, G_TX_WRAP | G_TX_NOMIRROR, 0, 0, G_TX_WRAP | G_TX_NOMIRROR, 0, 0),
	gsDPLoadTLUTCmd(5, 37),
	gsDPSetTextureImage(G_IM_FMT_CI, G_IM_SIZ_8b_LOAD_BLOCK, 1, lll_dl_blue_lava_ci8),
	gsDPSetTile(G_IM_FMT_CI, G_IM_SIZ_8b_LOAD_BLOCK, 0, 0, 7, 0, G_TX_WRAP | G_TX_NOMIRROR, 0, 0, G_TX_WRAP | G_TX_NOMIRROR, 0, 0),
	gsDPLoadBlock(7, 0, 0, 511, 512),
	gsDPSetTile(G_IM_FMT_CI, G_IM_SIZ_8b, 4, 0, 0, 0, G_TX_WRAP | G_TX_NOMIRROR, 5, 0, G_TX_WRAP | G_TX_NOMIRROR, 5, 0),
	gsDPSetTileSize(0, 0, 0, 124, 124),
	gsSPEndDisplayList(),
};

Gfx mat_revert_lll_dl_f3dlite_material_041[] = {
	gsSPGeometryMode(0, G_LIGHTING),
	gsDPPipeSync(),
	gsDPSetAlphaDither(G_AD_DISABLE),
	gsDPSetTextureLUT(G_TT_NONE),
	gsSPEndDisplayList(),
};

Gfx mat_lll_dl_f3dlite_material_042[] = {
	gsSPGeometryMode(G_LIGHTING, 0),
	gsDPPipeSync(),
	gsDPSetCombineLERP(TEXEL0, 0, SHADE, 0, ENVIRONMENT, 0, SHADE, 0, TEXEL0, 0, SHADE, 0, ENVIRONMENT, 0, SHADE, 0),
	gsDPSetAlphaDither(G_AD_NOISE),
	gsDPSetTextureLUT(G_TT_RGBA16),
	gsSPTexture(65535, 65535, 0, 0, 1),
	gsDPSetTextureImage(G_IM_FMT_RGBA, G_IM_SIZ_16b, 1, lll_dl_tex1_256x256_334191e6f424a87d_14_pal_rgba16),
	gsDPSetTile(0, 0, 0, 256, 5, 0, G_TX_WRAP | G_TX_NOMIRROR, 0, 0, G_TX_WRAP | G_TX_NOMIRROR, 0, 0),
	gsDPLoadTLUTCmd(5, 64),
	gsDPSetTextureImage(G_IM_FMT_CI, G_IM_SIZ_8b_LOAD_BLOCK, 1, lll_dl_tex1_256x256_334191e6f424a87d_14_ci8),
	gsDPSetTile(G_IM_FMT_CI, G_IM_SIZ_8b_LOAD_BLOCK, 0, 0, 7, 0, G_TX_WRAP | G_TX_NOMIRROR, 0, 0, G_TX_WRAP | G_TX_NOMIRROR, 0, 0),
	gsDPLoadBlock(7, 0, 0, 511, 512),
	gsDPSetTile(G_IM_FMT_CI, G_IM_SIZ_8b, 4, 0, 0, 0, G_TX_WRAP | G_TX_NOMIRROR, 5, 0, G_TX_WRAP | G_TX_NOMIRROR, 5, 0),
	gsDPSetTileSize(0, 0, 0, 124, 124),
	gsSPEndDisplayList(),
};

Gfx mat_revert_lll_dl_f3dlite_material_042[] = {
	gsSPGeometryMode(0, G_LIGHTING),
	gsDPPipeSync(),
	gsDPSetAlphaDither(G_AD_DISABLE),
	gsDPSetTextureLUT(G_TT_NONE),
	gsSPEndDisplayList(),
};

Gfx mat_lll_dl_f3dlite_material_043[] = {
	gsSPGeometryMode(G_LIGHTING, 0),
	gsDPPipeSync(),
	gsDPSetCombineLERP(TEXEL0, 0, SHADE, 0, ENVIRONMENT, 0, SHADE, 0, TEXEL0, 0, SHADE, 0, ENVIRONMENT, 0, SHADE, 0),
	gsDPSetAlphaDither(G_AD_NOISE),
	gsDPSetTextureLUT(G_TT_RGBA16),
	gsSPTexture(65535, 65535, 0, 0, 1),
	gsDPSetTextureImage(G_IM_FMT_RGBA, G_IM_SIZ_16b, 1, lll_dl_tex1_128x128_26bdafe304a1bc13_14_pal_rgba16),
	gsDPSetTile(0, 0, 0, 256, 5, 0, G_TX_WRAP | G_TX_NOMIRROR, 0, 0, G_TX_WRAP | G_TX_NOMIRROR, 0, 0),
	gsDPLoadTLUTCmd(5, 59),
	gsDPSetTextureImage(G_IM_FMT_CI, G_IM_SIZ_8b_LOAD_BLOCK, 1, lll_dl_tex1_128x128_26bdafe304a1bc13_14_ci8),
	gsDPSetTile(G_IM_FMT_CI, G_IM_SIZ_8b_LOAD_BLOCK, 0, 0, 7, 0, G_TX_WRAP | G_TX_NOMIRROR, 0, 0, G_TX_WRAP | G_TX_NOMIRROR, 0, 0),
	gsDPLoadBlock(7, 0, 0, 511, 512),
	gsDPSetTile(G_IM_FMT_CI, G_IM_SIZ_8b, 4, 0, 0, 0, G_TX_WRAP | G_TX_NOMIRROR, 5, 0, G_TX_WRAP | G_TX_NOMIRROR, 5, 0),
	gsDPSetTileSize(0, 0, 0, 124, 124),
	gsSPEndDisplayList(),
};

Gfx mat_revert_lll_dl_f3dlite_material_043[] = {
	gsSPGeometryMode(0, G_LIGHTING),
	gsDPPipeSync(),
	gsDPSetAlphaDither(G_AD_DISABLE),
	gsDPSetTextureLUT(G_TT_NONE),
	gsSPEndDisplayList(),
};

Gfx mat_lll_dl_f3dlite_material_044[] = {
	gsSPGeometryMode(G_LIGHTING, 0),
	gsDPPipeSync(),
	gsDPSetCombineLERP(TEXEL0, 0, SHADE, 0, ENVIRONMENT, 0, SHADE, 0, TEXEL0, 0, SHADE, 0, ENVIRONMENT, 0, SHADE, 0),
	gsDPSetAlphaDither(G_AD_NOISE),
	gsDPSetTextureLUT(G_TT_RGBA16),
	gsSPTexture(65535, 65535, 0, 0, 1),
	gsDPSetTextureImage(G_IM_FMT_RGBA, G_IM_SIZ_16b, 1, lll_dl_tex1_128x128_m_e84136d5d29a146a_14_mip2_pal_rgba16),
	gsDPSetTile(0, 0, 0, 256, 5, 0, G_TX_WRAP | G_TX_NOMIRROR, 0, 0, G_TX_WRAP | G_TX_NOMIRROR, 0, 0),
	gsDPLoadTLUTCmd(5, 42),
	gsDPSetTextureImage(G_IM_FMT_CI, G_IM_SIZ_8b_LOAD_BLOCK, 1, lll_dl_tex1_128x128_m_e84136d5d29a146a_14_mip2_ci8),
	gsDPSetTile(G_IM_FMT_CI, G_IM_SIZ_8b_LOAD_BLOCK, 0, 0, 7, 0, G_TX_WRAP | G_TX_NOMIRROR, 0, 0, G_TX_WRAP | G_TX_NOMIRROR, 0, 0),
	gsDPLoadBlock(7, 0, 0, 511, 512),
	gsDPSetTile(G_IM_FMT_CI, G_IM_SIZ_8b, 4, 0, 0, 0, G_TX_WRAP | G_TX_NOMIRROR, 5, 0, G_TX_WRAP | G_TX_NOMIRROR, 5, 0),
	gsDPSetTileSize(0, 0, 0, 124, 124),
	gsSPEndDisplayList(),
};

Gfx mat_revert_lll_dl_f3dlite_material_044[] = {
	gsSPGeometryMode(0, G_LIGHTING),
	gsDPPipeSync(),
	gsDPSetAlphaDither(G_AD_DISABLE),
	gsDPSetTextureLUT(G_TT_NONE),
	gsSPEndDisplayList(),
};

Gfx mat_lll_dl_f3dlite_material_045[] = {
	gsSPGeometryMode(G_LIGHTING, 0),
	gsDPPipeSync(),
	gsDPSetCombineLERP(TEXEL0, 0, SHADE, 0, ENVIRONMENT, 0, SHADE, 0, TEXEL0, 0, SHADE, 0, ENVIRONMENT, 0, SHADE, 0),
	gsDPSetAlphaDither(G_AD_NOISE),
	gsDPSetTextureLUT(G_TT_RGBA16),
	gsSPTexture(65535, 65535, 0, 0, 1),
	gsDPSetTextureImage(G_IM_FMT_RGBA, G_IM_SIZ_16b, 1, lll_dl_SUPER_MARIO_64_A6463A8D_0_2_all_pal_rgba16),
	gsDPSetTile(0, 0, 0, 256, 5, 0, G_TX_WRAP | G_TX_NOMIRROR, 0, 0, G_TX_WRAP | G_TX_NOMIRROR, 0, 0),
	gsDPLoadTLUTCmd(5, 3),
	gsDPSetTextureImage(G_IM_FMT_CI, G_IM_SIZ_16b, 1, lll_dl_SUPER_MARIO_64_A6463A8D_0_2_all_ci4),
	gsDPSetTile(G_IM_FMT_CI, G_IM_SIZ_16b, 0, 0, 7, 0, G_TX_WRAP | G_TX_NOMIRROR, 0, 0, G_TX_WRAP | G_TX_NOMIRROR, 0, 0),
	gsDPLoadBlock(7, 0, 0, 255, 1024),
	gsDPSetTile(G_IM_FMT_CI, G_IM_SIZ_4b, 2, 0, 0, 0, G_TX_WRAP | G_TX_NOMIRROR, 5, 0, G_TX_WRAP | G_TX_NOMIRROR, 5, 0),
	gsDPSetTileSize(0, 0, 0, 124, 124),
	gsSPEndDisplayList(),
};

Gfx mat_revert_lll_dl_f3dlite_material_045[] = {
	gsSPGeometryMode(0, G_LIGHTING),
	gsDPPipeSync(),
	gsDPSetAlphaDither(G_AD_DISABLE),
	gsDPSetTextureLUT(G_TT_NONE),
	gsSPEndDisplayList(),
};

Gfx mat_lll_dl_f3dlite_material_046[] = {
	gsSPGeometryMode(G_LIGHTING, 0),
	gsDPPipeSync(),
	gsDPSetCombineLERP(TEXEL0, 0, SHADE, 0, ENVIRONMENT, 0, SHADE, 0, TEXEL0, 0, SHADE, 0, ENVIRONMENT, 0, SHADE, 0),
	gsDPSetAlphaDither(G_AD_NOISE),
	gsDPSetTextureLUT(G_TT_RGBA16),
	gsSPTexture(65535, 65535, 0, 0, 1),
	gsDPSetTextureImage(G_IM_FMT_RGBA, G_IM_SIZ_16b, 1, lll_dl_tex1_128x128_4d0cd293d030d8fa_4_pal_rgba16),
	gsDPSetTile(0, 0, 0, 256, 5, 0, G_TX_WRAP | G_TX_NOMIRROR, 0, 0, G_TX_WRAP | G_TX_NOMIRROR, 0, 0),
	gsDPLoadTLUTCmd(5, 14),
	gsDPSetTextureImage(G_IM_FMT_CI, G_IM_SIZ_16b, 1, lll_dl_tex1_128x128_4d0cd293d030d8fa_4_ci4),
	gsDPSetTile(G_IM_FMT_CI, G_IM_SIZ_16b, 0, 0, 7, 0, G_TX_WRAP | G_TX_NOMIRROR, 0, 0, G_TX_WRAP | G_TX_NOMIRROR, 0, 0),
	gsDPLoadBlock(7, 0, 0, 255, 1024),
	gsDPSetTile(G_IM_FMT_CI, G_IM_SIZ_4b, 2, 0, 0, 0, G_TX_WRAP | G_TX_NOMIRROR, 5, 0, G_TX_WRAP | G_TX_NOMIRROR, 5, 0),
	gsDPSetTileSize(0, 0, 0, 124, 124),
	gsSPEndDisplayList(),
};

Gfx mat_revert_lll_dl_f3dlite_material_046[] = {
	gsSPGeometryMode(0, G_LIGHTING),
	gsDPPipeSync(),
	gsDPSetAlphaDither(G_AD_DISABLE),
	gsDPSetTextureLUT(G_TT_NONE),
	gsSPEndDisplayList(),
};

Gfx mat_lll_dl_f3dlite_material_047[] = {
	gsSPGeometryMode(G_LIGHTING, 0),
	gsDPPipeSync(),
	gsDPSetCombineLERP(TEXEL0, 0, SHADE, 0, ENVIRONMENT, 0, SHADE, 0, TEXEL0, 0, SHADE, 0, ENVIRONMENT, 0, SHADE, 0),
	gsDPSetAlphaDither(G_AD_NOISE),
	gsDPSetTextureLUT(G_TT_RGBA16),
	gsSPTexture(65535, 65535, 0, 0, 1),
	gsDPSetTextureImage(G_IM_FMT_RGBA, G_IM_SIZ_16b, 1, lll_dl_tex1_256x256_074bab950414d116_14_pal_rgba16),
	gsDPSetTile(0, 0, 0, 256, 5, 0, G_TX_WRAP | G_TX_NOMIRROR, 0, 0, G_TX_WRAP | G_TX_NOMIRROR, 0, 0),
	gsDPLoadTLUTCmd(5, 106),
	gsDPSetTextureImage(G_IM_FMT_CI, G_IM_SIZ_8b_LOAD_BLOCK, 1, lll_dl_tex1_256x256_074bab950414d116_14_ci8),
	gsDPSetTile(G_IM_FMT_CI, G_IM_SIZ_8b_LOAD_BLOCK, 0, 0, 7, 0, G_TX_WRAP | G_TX_NOMIRROR, 0, 0, G_TX_WRAP | G_TX_NOMIRROR, 0, 0),
	gsDPLoadBlock(7, 0, 0, 511, 512),
	gsDPSetTile(G_IM_FMT_CI, G_IM_SIZ_8b, 4, 0, 0, 0, G_TX_WRAP | G_TX_NOMIRROR, 5, 0, G_TX_WRAP | G_TX_NOMIRROR, 5, 0),
	gsDPSetTileSize(0, 0, 0, 124, 124),
	gsSPEndDisplayList(),
};

Gfx mat_revert_lll_dl_f3dlite_material_047[] = {
	gsSPGeometryMode(0, G_LIGHTING),
	gsDPPipeSync(),
	gsDPSetAlphaDither(G_AD_DISABLE),
	gsDPSetTextureLUT(G_TT_NONE),
	gsSPEndDisplayList(),
};

Gfx mat_lll_dl_f3dlite_material_039[] = {
	gsSPGeometryMode(G_LIGHTING, 0),
	gsDPPipeSync(),
	gsDPSetCombineLERP(TEXEL0, 0, SHADE, 0, ENVIRONMENT, 0, SHADE, 0, TEXEL0, 0, SHADE, 0, ENVIRONMENT, 0, SHADE, 0),
	gsDPSetAlphaDither(G_AD_NOISE),
	gsSPTexture(65535, 65535, 0, 0, 1),
	gsDPSetTextureImage(G_IM_FMT_RGBA, G_IM_SIZ_16b_LOAD_BLOCK, 1, lll_dl_SUPER_MARIO_64_6AA1BE26_0_2_all_rgba16_copy),
	gsDPSetTile(G_IM_FMT_RGBA, G_IM_SIZ_16b_LOAD_BLOCK, 0, 0, 7, 0, G_TX_WRAP | G_TX_NOMIRROR, 0, 0, G_TX_WRAP | G_TX_NOMIRROR, 0, 0),
	gsDPLoadBlock(7, 0, 0, 1023, 256),
	gsDPSetTile(G_IM_FMT_RGBA, G_IM_SIZ_16b, 8, 0, 0, 0, G_TX_WRAP | G_TX_NOMIRROR, 5, 0, G_TX_WRAP | G_TX_NOMIRROR, 5, 0),
	gsDPSetTileSize(0, 0, 0, 124, 124),
	gsSPEndDisplayList(),
};

Gfx mat_revert_lll_dl_f3dlite_material_039[] = {
	gsSPGeometryMode(0, G_LIGHTING),
	gsDPPipeSync(),
	gsDPSetAlphaDither(G_AD_DISABLE),
	gsSPEndDisplayList(),
};

Gfx lll_dl_Cube_001_mesh_layer_5[] = {
	gsSPClearGeometryMode(G_LIGHTING),
	gsSPVertex(lll_dl_Cube_001_mesh_layer_5_vtx_cull + 0, 8, 0),
	gsSPSetGeometryMode(G_LIGHTING),
	gsSPCullDisplayList(0, 7),
	gsSPDisplayList(mat_lll_dl_f3dlite_material_034),
	gsSPDisplayList(lll_dl_Cube_001_mesh_layer_5_tri_0),
	gsSPDisplayList(mat_revert_lll_dl_f3dlite_material_034),
	gsSPEndDisplayList(),
};

Gfx lll_dl_Cube_002_mesh_layer_5[] = {
	gsSPClearGeometryMode(G_LIGHTING),
	gsSPVertex(lll_dl_Cube_002_mesh_layer_5_vtx_cull + 0, 8, 0),
	gsSPSetGeometryMode(G_LIGHTING),
	gsSPCullDisplayList(0, 7),
	gsSPDisplayList(mat_lll_dl_f3dlite_material_054),
	gsSPDisplayList(lll_dl_Cube_002_mesh_layer_5_tri_0),
	gsSPDisplayList(mat_revert_lll_dl_f3dlite_material_054),
	gsSPEndDisplayList(),
};

Gfx lll_dl_Cube_006_mesh_layer_1[] = {
	gsSPClearGeometryMode(G_LIGHTING),
	gsSPVertex(lll_dl_Cube_006_mesh_layer_1_vtx_cull + 0, 8, 0),
	gsSPSetGeometryMode(G_LIGHTING),
	gsSPCullDisplayList(0, 7),
	gsSPDisplayList(mat_lll_dl_f3dlite_material),
	gsSPDisplayList(lll_dl_Cube_006_mesh_layer_1_tri_0),
	gsSPDisplayList(mat_revert_lll_dl_f3dlite_material),
	gsSPDisplayList(mat_lll_dl_f3dlite_material_001),
	gsSPDisplayList(lll_dl_Cube_006_mesh_layer_1_tri_1),
	gsSPDisplayList(mat_revert_lll_dl_f3dlite_material_001),
	gsSPDisplayList(mat_lll_dl_f3dlite_material_002),
	gsSPDisplayList(lll_dl_Cube_006_mesh_layer_1_tri_2),
	gsSPDisplayList(mat_revert_lll_dl_f3dlite_material_002),
	gsSPDisplayList(mat_lll_dl_f3dlite_material_003),
	gsSPDisplayList(lll_dl_Cube_006_mesh_layer_1_tri_3),
	gsSPDisplayList(mat_revert_lll_dl_f3dlite_material_003),
	gsSPDisplayList(mat_lll_dl_f3dlite_material_006),
	gsSPDisplayList(lll_dl_Cube_006_mesh_layer_1_tri_4),
	gsSPDisplayList(mat_revert_lll_dl_f3dlite_material_006),
	gsSPDisplayList(mat_lll_dl_f3dlite_material_011),
	gsSPDisplayList(lll_dl_Cube_006_mesh_layer_1_tri_5),
	gsSPDisplayList(mat_revert_lll_dl_f3dlite_material_011),
	gsSPDisplayList(mat_lll_dl_f3dlite_material_009),
	gsSPDisplayList(lll_dl_Cube_006_mesh_layer_1_tri_6),
	gsSPDisplayList(mat_revert_lll_dl_f3dlite_material_009),
	gsSPEndDisplayList(),
};

Gfx lll_dl_Cube_006_mesh_layer_5[] = {
	gsSPClearGeometryMode(G_LIGHTING),
	gsSPVertex(lll_dl_Cube_006_mesh_layer_5_vtx_cull + 0, 8, 0),
	gsSPSetGeometryMode(G_LIGHTING),
	gsSPCullDisplayList(0, 7),
	gsSPDisplayList(mat_lll_dl_f3dlite_material_004),
	gsSPDisplayList(lll_dl_Cube_006_mesh_layer_5_tri_0),
	gsSPDisplayList(mat_revert_lll_dl_f3dlite_material_004),
	gsSPDisplayList(mat_lll_dl_f3dlite_material_005),
	gsSPDisplayList(lll_dl_Cube_006_mesh_layer_5_tri_1),
	gsSPDisplayList(mat_revert_lll_dl_f3dlite_material_005),
	gsSPDisplayList(mat_lll_dl_f3dlite_material_007),
	gsSPDisplayList(lll_dl_Cube_006_mesh_layer_5_tri_2),
	gsSPDisplayList(mat_revert_lll_dl_f3dlite_material_007),
	gsSPDisplayList(mat_lll_dl_f3dlite_material_008),
	gsSPDisplayList(lll_dl_Cube_006_mesh_layer_5_tri_3),
	gsSPDisplayList(mat_revert_lll_dl_f3dlite_material_008),
	gsSPDisplayList(mat_lll_dl_f3dlite_material_023),
	gsSPDisplayList(lll_dl_Cube_006_mesh_layer_5_tri_4),
	gsSPDisplayList(mat_revert_lll_dl_f3dlite_material_023),
	gsSPEndDisplayList(),
};

Gfx lll_dl_Cylinder_mesh_layer_1[] = {
	gsSPClearGeometryMode(G_LIGHTING),
	gsSPVertex(lll_dl_Cylinder_mesh_layer_1_vtx_cull + 0, 8, 0),
	gsSPSetGeometryMode(G_LIGHTING),
	gsSPCullDisplayList(0, 7),
	gsSPDisplayList(mat_lll_dl_f3dlite_material_010),
	gsSPDisplayList(lll_dl_Cylinder_mesh_layer_1_tri_0),
	gsSPDisplayList(mat_revert_lll_dl_f3dlite_material_010),
	gsSPDisplayList(mat_lll_dl_f3dlite_material_012),
	gsSPDisplayList(lll_dl_Cylinder_mesh_layer_1_tri_1),
	gsSPDisplayList(mat_revert_lll_dl_f3dlite_material_012),
	gsDPPipeSync(),
	gsSPSetGeometryMode(G_LIGHTING),
	gsSPClearGeometryMode(G_TEXTURE_GEN),
	gsDPSetCombineLERP(0, 0, 0, SHADE, 0, 0, 0, ENVIRONMENT, 0, 0, 0, SHADE, 0, 0, 0, ENVIRONMENT),
	gsSPTexture(65535, 65535, 0, 0, 0),
	gsDPSetEnvColor(255, 255, 255, 255),
	gsDPSetAlphaCompare(G_AC_NONE),
	gsSPEndDisplayList(),
};

Gfx lll_dl_fake_burning_mesh_layer_5[] = {
	gsSPClearGeometryMode(G_LIGHTING),
	gsSPVertex(lll_dl_fake_burning_mesh_layer_5_vtx_cull + 0, 8, 0),
	gsSPSetGeometryMode(G_LIGHTING),
	gsSPCullDisplayList(0, 7),
	gsSPDisplayList(mat_lll_dl_f3dlite_material_037),
	gsSPDisplayList(lll_dl_fake_burning_mesh_layer_5_tri_0),
	gsSPDisplayList(mat_revert_lll_dl_f3dlite_material_037),
	gsSPEndDisplayList(),
};

Gfx lll_dl_lava_mesh_layer_5[] = {
	gsSPClearGeometryMode(G_LIGHTING),
	gsSPVertex(lll_dl_lava_mesh_layer_5_vtx_cull + 0, 8, 0),
	gsSPSetGeometryMode(G_LIGHTING),
	gsSPCullDisplayList(0, 7),
	gsSPDisplayList(mat_lll_dl_f3dlite_material_049),
	gsSPDisplayList(lll_dl_lava_mesh_layer_5_tri_0),
	gsSPDisplayList(mat_revert_lll_dl_f3dlite_material_049),
	gsDPPipeSync(),
	gsSPSetGeometryMode(G_LIGHTING),
	gsSPClearGeometryMode(G_TEXTURE_GEN),
	gsDPSetCombineLERP(0, 0, 0, SHADE, 0, 0, 0, ENVIRONMENT, 0, 0, 0, SHADE, 0, 0, 0, ENVIRONMENT),
	gsSPTexture(65535, 65535, 0, 0, 0),
	gsDPSetEnvColor(255, 255, 255, 255),
	gsDPSetAlphaCompare(G_AC_NONE),
	gsSPEndDisplayList(),
};

Gfx lll_dl_Plane_001_mesh_layer_1[] = {
	gsSPClearGeometryMode(G_LIGHTING),
	gsSPVertex(lll_dl_Plane_001_mesh_layer_1_vtx_cull + 0, 8, 0),
	gsSPSetGeometryMode(G_LIGHTING),
	gsSPCullDisplayList(0, 7),
	gsSPDisplayList(mat_lll_dl_f3dlite_material_026),
	gsSPDisplayList(lll_dl_Plane_001_mesh_layer_1_tri_0),
	gsSPDisplayList(mat_revert_lll_dl_f3dlite_material_026),
	gsSPDisplayList(mat_lll_dl_f3dlite_material_027),
	gsSPDisplayList(lll_dl_Plane_001_mesh_layer_1_tri_1),
	gsSPDisplayList(mat_revert_lll_dl_f3dlite_material_027),
	gsDPPipeSync(),
	gsSPSetGeometryMode(G_LIGHTING),
	gsSPClearGeometryMode(G_TEXTURE_GEN),
	gsDPSetCombineLERP(0, 0, 0, SHADE, 0, 0, 0, ENVIRONMENT, 0, 0, 0, SHADE, 0, 0, 0, ENVIRONMENT),
	gsSPTexture(65535, 65535, 0, 0, 0),
	gsDPSetEnvColor(255, 255, 255, 255),
	gsDPSetAlphaCompare(G_AC_NONE),
	gsSPEndDisplayList(),
};

Gfx lll_dl_Cube_mesh_layer_1[] = {
	gsSPClearGeometryMode(G_LIGHTING),
	gsSPVertex(lll_dl_Cube_mesh_layer_1_vtx_cull + 0, 8, 0),
	gsSPSetGeometryMode(G_LIGHTING),
	gsSPCullDisplayList(0, 7),
	gsSPDisplayList(mat_lll_dl_f3dlite_material_048),
	gsSPDisplayList(lll_dl_Cube_mesh_layer_1_tri_0),
	gsSPDisplayList(mat_revert_lll_dl_f3dlite_material_048),
	gsSPEndDisplayList(),
};

Gfx lll_dl_Plane_002_mesh_layer_1[] = {
	gsSPClearGeometryMode(G_LIGHTING),
	gsSPVertex(lll_dl_Plane_002_mesh_layer_1_vtx_cull + 0, 8, 0),
	gsSPSetGeometryMode(G_LIGHTING),
	gsSPCullDisplayList(0, 7),
	gsSPDisplayList(mat_lll_dl_f3dlite_material_038),
	gsSPDisplayList(lll_dl_Plane_002_mesh_layer_1_tri_0),
	gsSPDisplayList(mat_revert_lll_dl_f3dlite_material_038),
	gsSPDisplayList(mat_lll_dl_f3dlite_material_040),
	gsSPDisplayList(lll_dl_Plane_002_mesh_layer_1_tri_1),
	gsSPDisplayList(mat_revert_lll_dl_f3dlite_material_040),
	gsSPDisplayList(mat_lll_dl_f3dlite_material_041),
	gsSPDisplayList(lll_dl_Plane_002_mesh_layer_1_tri_2),
	gsSPDisplayList(mat_revert_lll_dl_f3dlite_material_041),
	gsSPDisplayList(mat_lll_dl_f3dlite_material_042),
	gsSPDisplayList(lll_dl_Plane_002_mesh_layer_1_tri_3),
	gsSPDisplayList(mat_revert_lll_dl_f3dlite_material_042),
	gsSPDisplayList(mat_lll_dl_f3dlite_material_043),
	gsSPDisplayList(lll_dl_Plane_002_mesh_layer_1_tri_4),
	gsSPDisplayList(mat_revert_lll_dl_f3dlite_material_043),
	gsSPDisplayList(mat_lll_dl_f3dlite_material_044),
	gsSPDisplayList(lll_dl_Plane_002_mesh_layer_1_tri_5),
	gsSPDisplayList(mat_revert_lll_dl_f3dlite_material_044),
	gsSPDisplayList(mat_lll_dl_f3dlite_material_045),
	gsSPDisplayList(lll_dl_Plane_002_mesh_layer_1_tri_6),
	gsSPDisplayList(mat_revert_lll_dl_f3dlite_material_045),
	gsSPDisplayList(mat_lll_dl_f3dlite_material_046),
	gsSPDisplayList(lll_dl_Plane_002_mesh_layer_1_tri_7),
	gsSPDisplayList(mat_revert_lll_dl_f3dlite_material_046),
	gsSPDisplayList(mat_lll_dl_f3dlite_material_047),
	gsSPDisplayList(lll_dl_Plane_002_mesh_layer_1_tri_8),
	gsSPDisplayList(mat_revert_lll_dl_f3dlite_material_047),
	gsSPEndDisplayList(),
};

Gfx lll_dl_Plane_003_mesh_layer_1[] = {
	gsSPClearGeometryMode(G_LIGHTING),
	gsSPVertex(lll_dl_Plane_003_mesh_layer_1_vtx_cull + 0, 8, 0),
	gsSPSetGeometryMode(G_LIGHTING),
	gsSPCullDisplayList(0, 7),
	gsSPDisplayList(mat_lll_dl_f3dlite_material_039),
	gsSPDisplayList(lll_dl_Plane_003_mesh_layer_1_tri_0),
	gsSPDisplayList(mat_revert_lll_dl_f3dlite_material_039),
	gsDPPipeSync(),
	gsSPSetGeometryMode(G_LIGHTING),
	gsSPClearGeometryMode(G_TEXTURE_GEN),
	gsDPSetCombineLERP(0, 0, 0, SHADE, 0, 0, 0, ENVIRONMENT, 0, 0, 0, SHADE, 0, 0, 0, ENVIRONMENT),
	gsSPTexture(65535, 65535, 0, 0, 0),
	gsDPSetEnvColor(255, 255, 255, 255),
	gsDPSetAlphaCompare(G_AC_NONE),
	gsSPEndDisplayList(),
};

